ightweight heartbeat sent for node f66b4762-c214-41eb-b0be-9d91b3170b6c
[HEARTBEAT] Lightweight heartbeat sent for node f66b4762-c214-41eb-b0be-9d91b3170b6c
[HEARTBEAT] Lightweight heartbeat sent for node f66b4762-c214-41eb-b0be-9d91b3170b6c
[HEARTBEAT] Lightweight heartbeat sent for node f66b4762-c214-41eb-b0be-9d91b3170b6c
[MONITORING] MSG_STATECAPTURE sent (msg #158)
[HEARTBEAT] Lightweight heartbeat sent for node f66b4762-c214-41eb-b0be-9d91b3170b6c
[HEARTBEAT] Lightweight heartbeat sent for node f66b4762-c214-41eb-b0be-9d91b3170b6c
[HEARTBEAT] Lightweight heartbeat sent for node f66b4762-c214-41eb-b0be-9d91b3170b6c
[HEARTBEAT] Lightweight heartbeat sent for node f66b4762-c214-41eb-b0be-9d91b3170b6c
[HEARTBEAT] Lightweight heartbeat sent for node f66b4762-c214-41eb-b0be-9d91b3170b6c
[MONITORING] MSG_STATECAPTURE sent (msg #159)
[HEARTBEAT] Lightweight heartbeat sent for node f66b4762-c214-41eb-b0be-9d91b3170b6c
[HEARTBEAT] Lightweight heartbeat sent for node f66b4762-c214-41eb-b0be-9d91b3170b6c
[HEARTBEAT] Lightweight heartbeat sent for node f66b4762-c214-41eb-b0be-9d91b3170b6c
[HEARTBEAT] Lightweight heartbeat sent for node f66b4762-c214-41eb-b0be-9d91b3170b6c
[HEARTBEAT] Lightweight heartbeat sent for node f66b4762-c214-41eb-b0be-9d91b3170b6c
[MONITORING] MSG_STATECAPTURE sent (msg #160)
[HEARTBEAT] Lightweight heartbeat sent for node f66b4762-c214-41eb-b0be-9d91b3170b6c
[HEARTBEAT] Lightweight heartbeat sent for node f66b4762-c214-41eb-b0be-9d91b3170b6c
[HEARTBEAT] Lightweight heartbeat sent for node f66b4762-c214-41eb-b0be-9d91b3170b6c
[HEARTBEAT] Lightweight heartbeat sent for node f66b4762-c214-41eb-b0be-9d91b3170b6c
[HEARTBEAT] Lightweight heartbeat sent for node f66b4762-c214-41eb-b0be-9d91b3170b6c
[MONITORING] MSG_STATECAPTURE sent (msg #161)
[HEARTBEAT] Lightweight heartbeat sent for node f66b4762-c214-41eb-b0be-9d91b3170b6c
[HEARTBEAT] Lightweight heartbeat sent for node f66b4762-c214-41eb-b0be-9d91b3170b6c
[HEARTBEAT] Lightweight heartbeat sent for node f66b4762-c214-41eb-b0be-9d91b3170b6c
[HEARTBEAT] Lightweight heartbeat sent for node f66b4762-c214-41eb-b0be-9d91b3170b6c
[HEARTBEAT] Lightweight heartbeat sent for node f66b4762-c214-41eb-b0be-9d91b3170b6c
[MONITORING] MSG_STATECAPTURE sent (msg #162)
[HEARTBEAT] Lightweight heartbeat sent for node f66b4762-c214-41eb-b0be-9d91b3170b6c
[HEARTBEAT] Lightweight heartbeat sent for node f66b4762-c214-41eb-b0be-9d91b3170b6c
[HEARTBEAT] Lightweight heartbeat sent for node f66b4762-c214-41eb-b0be-9d91b3170b6c
[HEARTBEAT] Lightweight heartbeat sent for node f66b4762-c214-41eb-b0be-9d91b3170b6c
[HEARTBEAT] Lightweight heartbeat sent for node f66b4762-c214-41eb-b0be-9d91b3170b6c
[MONITORING] MSG_STATECAPTURE sent (msg #163)
[HEARTBEAT] Lightweight heartbeat sent for node f66b4762-c214-41eb-b0be-9d91b3170b6c
[HEARTBEAT] Lightweight heartbeat sent for node f66b4762-c214-41eb-b0be-9d91b3170b6c
[HEARTBEAT] Lightweight heartbeat sent for node f66b4762-c214-41eb-b0be-9d91b3170b6c
[HEARTBEAT] Lightweight heartbeat sent for node f66b4762-c214-41eb-b0be-9d91b3170b6c
[HEARTBEAT] Lightweight heartbeat sent for node f66b4762-c214-41eb-b0be-9d91b3170b6c
[MONITORING] MSG_STATECAPTURE sent (msg #164)
[HEARTBEAT] Lightweight heartbeat sent for node f66b4762-c214-41eb-b0be-9d91b3170b6c
[HEARTBEAT] Lightweight heartbeat sent for node f66b4762-c214-41eb-b0be-9d91b3170b6c
[HEARTBEAT] Lightweight heartbeat sent for node f66b4762-c214-41eb-b0be-9d91b3170b6c
[HEARTBEAT] Lightweight heartbeat sent for node f66b4762-c214-41eb-b0be-9d91b3170b6c
[HEARTBEAT] Lightweight heartbeat sent for node f66b4762-c214-41eb-b0be-9d91b3170b6c
[MONITORING] MSG_STATECAPTURE sent (msg #165)
[HEARTBEAT] Lightweight heartbeat sent for node f66b4762-c214-41eb-b0be-9d91b3170b6c
[HEARTBEAT] Lightweight heartbeat sent for node f66b4762-c214-41eb-b0be-9d91b3170b6c
[HEARTBEAT] Lightweight heartbeat sent for node f66b4762-c214-41eb-b0be-9d91b3170b6c
[HEARTBEAT] Lightweight heartbeat sent for node f66b4762-c214-41eb-b0be-9d91b3170b6c
[HEARTBEAT] Lightweight heartbeat sent for node f66b4762-c214-41eb-b0be-9d91b3170b6c
[MONITORING] MSG_STATECAPTURE sent (msg #166)
[HEARTBEAT] Lightweight heartbeat sent for node f66b4762-c214-41eb-b0be-9d91b3170b6c
[HEARTBEAT] Lightweight heartbeat sent for node f66b4762-c214-41eb-b0be-9d91b3170b6c
[HEARTBEAT] Lightweight heartbeat sent for node f66b4762-c214-41eb-b0be-9d91b3170b6c
[HEARTBEAT] Lightweight heartbeat sent for node f66b4762-c214-41eb-b0be-9d91b3170b6c
[HEARTBEAT] Lightweight heartbeat sent for node f66b4762-c214-41eb-b0be-9d91b3170b6c
[MONITORING] MSG_STATECAPTURE sent (msg #167)
[HEARTBEAT] Lightweight heartbeat sent for node f66b4762-c214-41eb-b0be-9d91b3170b6c
[HEARTBEAT] Lightweight heartbeat sent for node f66b4762-c214-41eb-b0be-9d91b3170b6c
[HEARTBEAT] Lightweight heartbeat sent for node f66b4762-c214-41eb-b0be-9d91b3170b6c
[HEARTBEAT] Lightweight heartbeat sent for node f66b4762-c214-41eb-b0be-9d91b3170b6c
[HEARTBEAT] Lightweight heartbeat sent for node f66b4762-c214-41eb-b0be-9d91b3170b6c
[MONITORING] MSG_STATECAPTURE sent (msg #168)
[HEARTBEAT] Lightweight heartbeat sent for node f66b4762-c214-41eb-b0be-9d91b3170b6c
[HEARTBEAT] Lightweight heartbeat sent for node f66b4762-c214-41eb-b0be-9d91b3170b6c
[HEARTBEAT] Lightweight heartbeat sent for node f66b4762-c214-41eb-b0be-9d91b3170b6c
[HEARTBEAT] Lightweight heartbeat sent for node f66b4762-c214-41eb-b0be-9d91b3170b6c
[HEARTBEAT] Lightweight heartbeat sent for node f66b4762-c214-41eb-b0be-9d91b3170b6c
[MONITORING] MSG_STATECAPTURE sent (msg #169)
[HEARTBEAT] Lightweight heartbeat sent for node f66b4762-c214-41eb-b0be-9d91b3170b6c
[HEARTBEAT] Lightweight heartbeat sent for node f66b4762-c214-41eb-b0be-9d91b3170b6c
[HEARTBEAT] Lightweight heartbeat sent for node f66b4762-c214-41eb-b0be-9d91b3170b6c
[HEARTBEAT] Lightweight heartbeat sent for node f66b4762-c214-41eb-b0be-9d91b3170b6c
[HEARTBEAT] Lightweight heartbeat sent for node f66b4762-c214-41eb-b0be-9d91b3170b6c
[MONITORING] MSG_STATECAPTURE sent (msg #170)
[HEARTBEAT] Lightweight heartbeat sent for node f66b4762-c214-41eb-b0be-9d91b3170b6c
[HEARTBEAT] Lightweight heartbeat sent for node f66b4762-c214-41eb-b0be-9d91b3170b6c
[HEARTBEAT] Lightweight heartbeat sent for node f66b4762-c214-41eb-b0be-9d91b3170b6c
[HEARTBEAT] Lightweight heartbeat sent for node f66b4762-c214-41eb-b0be-9d91b3170b6c
[HEARTBEAT] Lightweight heartbeat sent for node f66b4762-c214-41eb-b0be-9d91b3170b6c
[MONITORING] MSG_STATECAPTURE sent (msg #171)
[HEARTBEAT] Lightweight heartbeat sent for node f66b4762-c214-41eb-b0be-9d91b3170b6c
[HEARTBEAT] Lightweight heartbeat sent for node f66b4762-c214-41eb-b0be-9d91b3170b6c
[HEARTBEAT] Lightweight heartbeat sent for node f66b4762-c214-41eb-b0be-9d91b3170b6c
[HEARTBEAT] Lightweight heartbeat sent for node f66b4762-c214-41eb-b0be-9d91b3170b6c
[HEARTBEAT] Lightweight heartbeat sent for node f66b4762-c214-41eb-b0be-9d91b3170b6c
[MONITORING] MSG_STATECAPTURE sent (msg #172)
[HEARTBEAT] Lightweight heartbeat sent for node f66b4762-c214-41eb-b0be-9d91b3170b6c
[HEARTBEAT] Lightweight heartbeat sent for node f66b4762-c214-41eb-b0be-9d91b3170b6c
[HEARTBEAT] Lightweight heartbeat sent for node f66b4762-c214-41eb-b0be-9d91b3170b6c
[HEARTBEAT] Lightweight heartbeat sent for node f66b4762-c214-41eb-b0be-9d91b3170b6c
[HEARTBEAT] Lightweight heartbeat sent for node f66b4762-c214-41eb-b0be-9d91b3170b6c
[MONITORING] MSG_STATECAPTURE sent (msg #173)
[HEARTBEAT] Lightweight heartbeat sent for node f66b4762-c214-41eb-b0be-9d91b3170b6c
[HEARTBEAT] Lightweight heartbeat sent for node f66b4762-c214-41eb-b0be-9d91b3170b6c
[HEARTBEAT] Lightweight heartbeat sent for node f66b4762-c214-41eb-b0be-9d91b3170b6c
[HEARTBEAT] Lightweight heartbeat sent for node f66b4762-c214-41eb-b0be-9d91b3170b6c
[HEARTBEAT] Lightweight heartbeat sent for node f66b4762-c214-41eb-b0be-9d91b3170b6c
[MONITORING] MSG_STATECAPTURE sent (msg #174)
[HEARTBEAT] Lightweight heartbeat sent for node f66b4762-c214-41eb-b0be-9d91b3170b6c
[HEARTBEAT] Lightweight heartbeat sent for node f66b4762-c214-41eb-b0be-9d91b3170b6c
[HEARTBEAT] Lightweight heartbeat sent for node f66b4762-c214-41eb-b0be-9d91b3170b6c
[HEARTBEAT] Lightweight heartbeat sent for node f66b4762-c214-41eb-b0be-9d91b3170b6c
[HEARTBEAT] Lightweight heartbeat sent for node f66b4762-c214-41eb-b0be-9d91b3170b6c
[MONITORING] MSG_STATECAPTURE sent (msg #175)
[HEARTBEAT] Lightweight heartbeat sent for node f66b4762-c214-41eb-b0be-9d91b3170b6c
[HEARTBEAT] Lightweight heartbeat sent for node f66b4762-c214-41eb-b0be-9d91b3170b6c
[HEARTBEAT] Lightweight heartbeat sent for node f66b4762-c214-41eb-b0be-9d91b3170b6c
[HEARTBEAT] Lightweight heartbeat sent for node f66b4762-c214-41eb-b0be-9d91b3170b6c
[HEARTBEAT] Lightweight heartbeat sent for node f66b4762-c214-41eb-b0be-9d91b3170b6c
[MONITORING] MSG_STATECAPTURE sent (msg #176)
[HEARTBEAT] Lightweight heartbeat sent for node f66b4762-c214-41eb-b0be-9d91b3170b6c
[HEARTBEAT] Lightweight heartbeat sent for node f66b4762-c214-41eb-b0be-9d91b3170b6c
[HEARTBEAT] Lightweight heartbeat sent for node f66b4762-c214-41eb-b0be-9d91b3170b6c
[HEARTBEAT] Lightweight heartbeat sent for node f66b4762-c214-41eb-b0be-9d91b3170b6c
[HEARTBEAT] Lightweight heartbeat sent for node f66b4762-c214-41eb-b0be-9d91b3170b6c
[MONITORING] MSG_STATECAPTURE sent (msg #177)
[HEARTBEAT] Lightweight heartbeat sent for node f66b4762-c214-41eb-b0be-9d91b3170b6c
[HEARTBEAT] Lightweight heartbeat sent for node f66b4762-c214-41eb-b0be-9d91b3170b6c
[HEARTBEAT] Lightweight heartbeat sent for node f66b4762-c214-41eb-b0be-9d91b3170b6c
[HEARTBEAT] Lightweight heartbeat sent for node f66b4762-c214-41eb-b0be-9d91b3170b6c
[HEARTBEAT] Lightweight heartbeat sent for node f66b4762-c214-41eb-b0be-9d91b3170b6c
[MONITORING] MSG_STATECAPTURE sent (msg #178)
[HEARTBEAT] Lightweight heartbeat sent for node f66b4762-c214-41eb-b0be-9d91b3170b6c
[HEARTBEAT] Lightweight heartbeat sent for node f66b4762-c214-41eb-b0be-9d91b3170b6c
[HEARTBEAT] Lightweight heartbeat sent for node f66b4762-c214-41eb-b0be-9d91b3170b6c
[HEARTBEAT] Lightweight heartbeat sent for node f66b4762-c214-41eb-b0be-9d91b3170b6c
[HEARTBEAT] Lightweight heartbeat sent for node f66b4762-c214-41eb-b0be-9d91b3170b6c
[MONITORING] MSG_STATECAPTURE sent (msg #179)
[HEARTBEAT] Lightweight heartbeat sent for node f66b4762-c214-41eb-b0be-9d91b3170b6c
[HEARTBEAT] Lightweight heartbeat sent for node f66b4762-c214-41eb-b0be-9d91b3170b6c
[HEARTBEAT] Lightweight heartbeat sent for node f66b4762-c214-41eb-b0be-9d91b3170b6c
[HEARTBEAT] Lightweight heartbeat sent for node f66b4762-c214-41eb-b0be-9d91b3170b6c
[HEARTBEAT] Lightweight heartbeat sent for node f66b4762-c214-41eb-b0be-9d91b3170b6c
[MONITORING] MSG_STATECAPTURE sent (msg #180)
[HEARTBEAT] Lightweight heartbeat sent for node f66b4762-c214-41eb-b0be-9d91b3170b6c
[HEARTBEAT] Lightweight heartbeat sent for node f66b4762-c214-41eb-b0be-9d91b3170b6c
[HEARTBEAT] Lightweight heartbeat sent for node f66b4762-c214-41eb-b0be-9d91b3170b6c
[HEARTBEAT] Lightweight heartbeat sent for node f66b4762-c214-41eb-b0be-9d91b3170b6c
[HEARTBEAT] Lightweight heartbeat sent for node f66b4762-c214-41eb-b0be-9d91b3170b6c
[MONITORING] MSG_STATECAPTURE sent (msg #181)
[HEARTBEAT] Lightweight heartbeat sent for node f66b4762-c214-41eb-b0be-9d91b3170b6c
[HEARTBEAT] Lightweight heartbeat sent for node f66b4762-c214-41eb-b0be-9d91b3170b6c
[HEARTBEAT] Lightweight heartbeat sent for node f66b4762-c214-41eb-b0be-9d91b3170b6c
[HEARTBEAT] Lightweight heartbeat sent for node f66b4762-c214-41eb-b0be-9d91b3170b6c
[HEARTBEAT] Lightweight heartbeat sent for node f66b4762-c214-41eb-b0be-9d91b3170b6c
[MONITORING] MSG_STATECAPTURE sent (msg #182)
[HEARTBEAT] Lightweight heartbeat sent for node f66b4762-c214-41eb-b0be-9d91b3170b6c
[HEARTBEAT] Lightweight heartbeat sent for node f66b4762-c214-41eb-b0be-9d91b3170b6c
[HEARTBEAT] Lightweight heartbeat sent for node f66b4762-c214-41eb-b0be-9d91b3170b6c
[HEARTBEAT] Lightweight heartbeat sent for node f66b4762-c214-41eb-b0be-9d91b3170b6c
[HEARTBEAT] Lightweight heartbeat sent for node f66b4762-c214-41eb-b0be-9d91b3170b6c
[MONITORING] MSG_STATECAPTURE sent (msg #183)
[HEARTBEAT] Lightweight heartbeat sent for node f66b4762-c214-41eb-b0be-9d91b3170b6c
[HEARTBEAT] Lightweight heartbeat sent for node f66b4762-c214-41eb-b0be-9d91b3170b6c
[HEARTBEAT] Lightweight heartbeat sent for node f66b4762-c214-41eb-b0be-9d91b3170b6c
[HEARTBEAT] Lightweight heartbeat sent for node f66b4762-c214-41eb-b0be-9d91b3170b6c
[HEARTBEAT] Lightweight heartbeat sent for node f66b4762-c214-41eb-b0be-9d91b3170b6c
[MONITORING] MSG_STATECAPTURE sent (msg #184)
[HEARTBEAT] Lightweight heartbeat sent for node f66b4762-c214-41eb-b0be-9d91b3170b6c
[HEARTBEAT] Lightweight heartbeat sent for node f66b4762-c214-41eb-b0be-9d91b3170b6c
[HEARTBEAT] Lightweight heartbeat sent for node f66b4762-c214-41eb-b0be-9d91b3170b6c
[HEARTBEAT] Lightweight heartbeat sent for node f66b4762-c214-41eb-b0be-9d91b3170b6c
[HEARTBEAT] Lightweight heartbeat sent for node f66b4762-c214-41eb-b0be-9d91b3170b6c
[MONITORING] MSG_STATECAPTURE sent (msg #185)
[HEARTBEAT] Lightweight heartbeat sent for node f66b4762-c214-41eb-b0be-9d91b3170b6c
[HEARTBEAT] Lightweight heartbeat sent for node f66b4762-c214-41eb-b0be-9d91b3170b6c
[HEARTBEAT] Lightweight heartbeat sent for node f66b4762-c214-41eb-b0be-9d91b3170b6c
[HEARTBEAT] Lightweight heartbeat sent for node f66b4762-c214-41eb-b0be-9d91b3170b6c
[HEARTBEAT] Lightweight heartbeat sent for node f66b4762-c214-41eb-b0be-9d91b3170b6c
[MONITORING] MSG_STATECAPTURE sent (msg #186)
[HEARTBEAT] Lightweight heartbeat sent for node f66b4762-c214-41eb-b0be-9d91b3170b6c
[HEARTBEAT] Lightweight heartbeat sent for node f66b4762-c214-41eb-b0be-9d91b3170b6c
[HEARTBEAT] Lightweight heartbeat sent for node f66b4762-c214-41eb-b0be-9d91b3170b6c
[HEARTBEAT] Lightweight heartbeat sent for node f66b4762-c214-41eb-b0be-9d91b3170b6c
[HEARTBEAT] Lightweight heartbeat sent for node f66b4762-c214-41eb-b0be-9d91b3170b6c
[MONITORING] MSG_STATECAPTURE sent (msg #187)
[HEARTBEAT] Lightweight heartbeat sent for node f66b4762-c214-41eb-b0be-9d91b3170b6c
[HEARTBEAT] Lightweight heartbeat sent for node f66b4762-c214-41eb-b0be-9d91b3170b6c
[HEARTBEAT] Lightweight heartbeat sent for node f66b4762-c214-41eb-b0be-9d91b3170b6c
[HEARTBEAT] Lightweight heartbeat sent for node f66b4762-c214-41eb-b0be-9d91b3170b6c
[HEARTBEAT] Lightweight heartbeat sent for node f66b4762-c214-41eb-b0be-9d91b3170b6c
[MONITORING] MSG_STATECAPTURE sent (msg #188)
[HEARTBEAT] Lightweight heartbeat sent for node f66b4762-c214-41eb-b0be-9d91b3170b6c
[HEARTBEAT] Lightweight heartbeat sent for node f66b4762-c214-41eb-b0be-9d91b3170b6c
[HEARTBEAT] Lightweight heartbeat sent for node f66b4762-c214-41eb-b0be-9d91b3170b6c
[HEARTBEAT] Lightweight heartbeat sent for node f66b4762-c214-41eb-b0be-9d91b3170b6c
[HEARTBEAT] Lightweight heartbeat sent for node f66b4762-c214-41eb-b0be-9d91b3170b6c
[MONITORING] MSG_STATECAPTURE sent (msg #189)
[HEARTBEAT] Lightweight heartbeat sent for node f66b4762-c214-41eb-b0be-9d91b3170b6c
[HEARTBEAT] Lightweight heartbeat sent for node f66b4762-c214-41eb-b0be-9d91b3170b6c
[HEARTBEAT] Lightweight heartbeat sent for node f66b4762-c214-41eb-b0be-9d91b3170b6c
[HEARTBEAT] Lightweight heartbeat sent for node f66b4762-c214-41eb-b0be-9d91b3170b6c
[HEARTBEAT] Lightweight heartbeat sent for node f66b4762-c214-41eb-b0be-9d91b3170b6c
[MONITORING] MSG_STATECAPTURE sent (msg #190)
[HEARTBEAT] Lightweight heartbeat sent for node f66b4762-c214-41eb-b0be-9d91b3170b6c
[HEARTBEAT] Lightweight heartbeat sent for node f66b4762-c214-41eb-b0be-9d91b3170b6c
[HEARTBEAT] Lightweight heartbeat sent for node f66b4762-c214-41eb-b0be-9d91b3170b6c
[HEARTBEAT] Lightweight heartbeat sent for node f66b4762-c214-41eb-b0be-9d91b3170b6c
[HEARTBEAT] Lightweight heartbeat sent for node f66b4762-c214-41eb-b0be-9d91b3170b6c
[MONITORING] MSG_STATECAPTURE sent (msg #191)
[HEARTBEAT] Lightweight heartbeat sent for node f66b4762-c214-41eb-b0be-9d91b3170b6c
[HEARTBEAT] Lightweight heartbeat sent for node f66b4762-c214-41eb-b0be-9d91b3170b6c
[HEARTBEAT] Lightweight heartbeat sent for node f66b4762-c214-41eb-b0be-9d91b3170b6c
[HEARTBEAT] Lightweight heartbeat sent for node f66b4762-c214-41eb-b0be-9d91b3170b6c
[HEARTBEAT] Lightweight heartbeat sent for node f66b4762-c214-41eb-b0be-9d91b3170b6c
[MONITORING] MSG_STATECAPTURE sent (msg #192)
[HEARTBEAT] Lightweight heartbeat sent for node f66b4762-c214-41eb-b0be-9d91b3170b6c
[HEARTBEAT] Lightweight heartbeat sent for node f66b4762-c214-41eb-b0be-9d91b3170b6c
[HEARTBEAT] Lightweight heartbeat sent for node f66b4762-c214-41eb-b0be-9d91b3170b6c
[HEARTBEAT] Lightweight heartbeat sent for node f66b4762-c214-41eb-b0be-9d91b3170b6c
[HEARTBEAT] Lightweight heartbeat sent for node f66b4762-c214-41eb-b0be-9d91b3170b6c
[MONITORING] MSG_STATECAPTURE sent (msg #193)
[HEARTBEAT] Lightweight heartbeat sent for node f66b4762-c214-41eb-b0be-9d91b3170b6c
[HEARTBEAT] Lightweight heartbeat sent for node f66b4762-c214-41eb-b0be-9d91b3170b6c
[HEARTBEAT] Lightweight heartbeat sent for node f66b4762-c214-41eb-b0be-9d91b3170b6c
[HEARTBEAT] Lightweight heartbeat sent for node f66b4762-c214-41eb-b0be-9d91b3170b6c
[HEARTBEAT] Lightweight heartbeat sent for node f66b4762-c214-41eb-b0be-9d91b3170b6c
[MONITORING] MSG_STATECAPTURE sent (msg #194)
[HEARTBEAT] Lightweight heartbeat sent for node f66b4762-c214-41eb-b0be-9d91b3170b6c
[HEARTBEAT] Lightweight heartbeat sent for node f66b4762-c214-41eb-b0be-9d91b3170b6c
[HEARTBEAT] Lightweight heartbeat sent for node f66b4762-c214-41eb-b0be-9d91b3170b6c
[HEARTBEAT] Lightweight heartbeat sent for node f66b4762-c214-41eb-b0be-9d91b3170b6c
[HEARTBEAT] Lightweight heartbeat sent for node f66b4762-c214-41eb-b0be-9d91b3170b6c
[MONITORING] MSG_STATECAPTURE sent (msg #195)
[HEARTBEAT] Lightweight heartbeat sent for node f66b4762-c214-41eb-b0be-9d91b3170b6c
[HEARTBEAT] Lightweight heartbeat sent for node f66b4762-c214-41eb-b0be-9d91b3170b6c
[HEARTBEAT] Lightweight heartbeat sent for node f66b4762-c214-41eb-b0be-9d91b3170b6c
[HEARTBEAT] Lightweight heartbeat sent for node f66b4762-c214-41eb-b0be-9d91b3170b6c
[HEARTBEAT] Lightweight heartbeat sent for node f66b4762-c214-41eb-b0be-9d91b3170b6c
[MONITORING] MSG_STATECAPTURE sent (msg #196)
[HEARTBEAT] Lightweight heartbeat sent for node f66b4762-c214-41eb-b0be-9d91b3170b6c
[HEARTBEAT] Lightweight heartbeat sent for node f66b4762-c214-41eb-b0be-9d91b3170b6c
[HEARTBEAT] Lightweight heartbeat sent for node f66b4762-c214-41eb-b0be-9d91b3170b6c
[HEARTBEAT] Lightweight heartbeat sent for node f66b4762-c214-41eb-b0be-9d91b3170b6c
[HEARTBEAT] Lightweight heartbeat sent for node f66b4762-c214-41eb-b0be-9d91b3170b6c
[MONITORING] MSG_STATECAPTURE sent (msg #197)
[HEARTBEAT] Lightweight heartbeat sent for node f66b4762-c214-41eb-b0be-9d91b3170b6c
[HEARTBEAT] Lightweight heartbeat sent for node f66b4762-c214-41eb-b0be-9d91b3170b6c
[HEARTBEAT] Lightweight heartbeat sent for node f66b4762-c214-41eb-b0be-9d91b3170b6c
[HEARTBEAT] Lightweight heartbeat sent for node f66b4762-c214-41eb-b0be-9d91b3170b6c
[HEARTBEAT] Lightweight heartbeat sent for node f66b4762-c214-41eb-b0be-9d91b3170b6c
[MONITORING] MSG_STATECAPTURE sent (msg #198)
[HEARTBEAT] Lightweight heartbeat sent for node f66b4762-c214-41eb-b0be-9d91b3170b6c
[HEARTBEAT] Lightweight heartbeat sent for node f66b4762-c214-41eb-b0be-9d91b3170b6c
[Master] Program finished. Log at: ./progs/test_sum.c.log
[Master] Execution log sent to controller (status=OK)
[Master] Program finished. Log at: ./progs/test_sum.c.log
[Master] Execution log sent to controller (status=OK)
[Master] Program finished. Log at: ./progs/6ebbbb69-0df5-4a41-a1e1-3cd201305f60.c.log
[Master] Execution log sent to controller (status=OK)
[HEARTBEAT] Lightweight heartbeat sent for node f66b4762-c214-41eb-b0be-9d91b3170b6c
[HEARTBEAT] Lightweight heartbeat sent for node f66b4762-c214-41eb-b0be-9d91b3170b6c
[HEARTBEAT] Lightweight heartbeat sent for node f66b4762-c214-41eb-b0be-9d91b3170b6c
[MONITORING] MSG_STATECAPTURE sent (msg #199)
[HEARTBEAT] Lightweight heartbeat sent for node f66b4762-c214-41eb-b0be-9d91b3170b6c
[HEARTBEAT] Lightweight heartbeat sent for node f66b4762-c214-41eb-b0be-9d91b3170b6c
[HEARTBEAT] Lightweight heartbeat sent for node f66b4762-c214-41eb-b0be-9d91b3170b6c
[HEARTBEAT] Lightweight heartbeat sent for node f66b4762-c214-41eb-b0be-9d91b3170b6c
[HEARTBEAT] Lightweight heartbeat sent for node f66b4762-c214-41eb-b0be-9d91b3170b6c
[MONITORING] MSG_STATECAPTURE sent (msg #200)
[HEARTBEAT] Lightweight heartbeat sent for node f66b4762-c214-41eb-b0be-9d91b3170b6c
[HEARTBEAT] Lightweight heartbeat sent for node f66b4762-c214-41eb-b0be-9d91b3170b6c
[HEARTBEAT] Lightweight heartbeat sent for node f66b4762-c214-41eb-b0be-9d91b3170b6c
[HEARTBEAT] Lightweight heartbeat sent for node f66b4762-c214-41eb-b0be-9d91b3170b6c
[THREAD] Master Thread stopped
[HEARTBEAT] Lightweight heartbeat sent for node f66b4762-c214-41eb-b0be-9d91b3170b6c
[THREAD] Monitoring thread stopped
[HEARTBEAT] Thread stopped
[THREAD] Heartbeat thread stopped
Removed queue: outgoing (id=2)
Removed queue: HELLO (id=3)
Removed queue: PROG (id=4)
[THREAD] Network thread stopped
[INIT] UUID loaded from file: f66b4762-c214-41eb-b0be-9d91b3170b6c
[INIT] Initial role: 3
[THREAD] Network thread started
listening for connections on port 9000UDP listening on port 9001

╔════════════════════════════════════════════════════════════════════╗
║ [SENDING] Message Type: MSG_HELLO                                             ║
╚════════════════════════════════════════════════════════════════════╝
  ▼ IDENTITÉ
    • UUID:      f66b4762-c214-41eb-b0be-9d91b3170b6c
    • IP:        192.168.30.43:9000
    • Timestamp: 2026-07-03 16:56:46 (1783094206)
    • Type:      1
    • Role:      3
  ▼ CPU
    • Usage:           0.00%
    • Load Average:    0.00, 0.00, 0.00
    • Cores:           0
    • Threads/Core:    0
    • Frequency:       0.00 MHz
    • Model:           
  ▼ MÉMOIRE (RAM)
    • Usage:           0.00%
    • Available:       0.00 MB
    • Used:            0 MB
    • Total:           0 MB
  ▼ DISQUE
    • Usage:           0.00%
    • Used:            0 MB
    • Total:           0 MB
    • Mount Point:     
  ▼ RÉSEAU
    • Bandwidth:       0.00 Mbps
    • Connections:     0
    • Interface:       wlp3s0
  ▼ SYSTÈME
    • Active Processes:    0
    • Context Switch Rate: 0.00/s
    • Uptime:              0 seconds
    • Is Overloaded:       NO
  ▼ CALCULS
    • Queue Length: 0
    • Score:        0.00
╔════════════════════════════════════════════════════════════════════╗

Waiting for controller's IP reply on port 9001 via message queue...
[INIT] HELLO sent: uuid=f66b4762-c214-41eb-b0be-9d91b3170b6c on interface wlp3s0

--- Controller IP Received ---
Message Type: HELLO
Controller IP: 192.168.30.7
[THREAD] Heartbeat (lightweight status) thread started
[HEARTBEAT] Thread started
[THREAD] Monitoring thread started
[HEARTBEAT] Lightweight heartbeat sent for node f66b4762-c214-41eb-b0be-9d91b3170b6c
[THREAD] Master Thread started
[CONFIG] Detected config change, reloading...
Waiting for programs on MQ: PROG

╔════════════════════════════════════════════════════════════════════╗
║ [SENDING] Message Type: MSG_STATECAPTURE_INIT                                 ║
╚════════════════════════════════════════════════════════════════════╝
  ▼ IDENTITÉ
    • UUID:      f66b4762-c214-41eb-b0be-9d91b3170b6c
    • IP:        192.168.30.43:9000
    • Timestamp: 2026-07-03 16:56:46 (1783094206)
    • Type:      3
    • Role:      3
  ▼ CPU
    • Usage:           18.01%
    • Load Average:    2.06, 3.76, 3.46
    • Cores:           4
    • Threads/Core:    8
    • Frequency:       3400.00 MHz
    • Model:           Intel(R) Core(TM) i7-2820QM CPU @ 2.30GHz
  ▼ MÉMOIRE (RAM)
    • Usage:           70.18%
    • Available:       4735.58 MB
    • Used:            11145 MB
    • Total:           15881 MB
  ▼ DISQUE
    • Usage:           0.00%
    • Used:            542481 MB
    • Total:           599296 MB
    • Mount Point:     /
  ▼ RÉSEAU
    • Bandwidth:       0.00 Mbps
    • Connections:     181
    • Interface:       wlp3s0
  ▼ SYSTÈME
    • Active Processes:    2
    • Context Switch Rate: 0.04/s
    • Uptime:              4855 seconds
    • Is Overloaded:       NO
  ▼ CALCULS
    • Queue Length: 0
    • Score:        0.00
╔════════════════════════════════════════════════════════════════════╗

[MONITORING] MSG_STATECAPTURE_INIT sent (msg #1)
[HEARTBEAT] Lightweight heartbeat sent for node f66b4762-c214-41eb-b0be-9d91b3170b6c
[HEARTBEAT] Lightweight heartbeat sent for node f66b4762-c214-41eb-b0be-9d91b3170b6c
[HEARTBEAT] Lightweight heartbeat sent for node f66b4762-c214-41eb-b0be-9d91b3170b6c
[HEARTBEAT] Lightweight heartbeat sent for node f66b4762-c214-41eb-b0be-9d91b3170b6c
[HEARTBEAT] Lightweight heartbeat sent for node f66b4762-c214-41eb-b0be-9d91b3170b6c
[MONITORING] MSG_STATECAPTURE sent (msg #2)
[HEARTBEAT] Lightweight heartbeat sent for node f66b4762-c214-41eb-b0be-9d91b3170b6c
[HEARTBEAT] Lightweight heartbeat sent for node f66b4762-c214-41eb-b0be-9d91b3170b6c
[HEARTBEAT] Lightweight heartbeat sent for node f66b4762-c214-41eb-b0be-9d91b3170b6c
[HEARTBEAT] Lightweight heartbeat sent for node f66b4762-c214-41eb-b0be-9d91b3170b6c
[HEARTBEAT] Lightweight heartbeat sent for node f66b4762-c214-41eb-b0be-9d91b3170b6c
[MONITORING] MSG_STATECAPTURE sent (msg #3)
[HEARTBEAT] Lightweight heartbeat sent for node f66b4762-c214-41eb-b0be-9d91b3170b6c
[HEARTBEAT] Lightweight heartbeat sent for node f66b4762-c214-41eb-b0be-9d91b3170b6c
[HEARTBEAT] Lightweight heartbeat sent for node f66b4762-c214-41eb-b0be-9d91b3170b6c
[HEARTBEAT] Lightweight heartbeat sent for node f66b4762-c214-41eb-b0be-9d91b3170b6c
[HEARTBEAT] Lightweight heartbeat sent for node f66b4762-c214-41eb-b0be-9d91b3170b6c
[MONITORING] MSG_STATECAPTURE sent (msg #4)
[NET] PROG
Received Program 
[Master] Generated ./progs/controller_ip.c with controller IP: 192.168.30.7
[Master] Saved program to ./progs/e0fc6090-39d7-4dd0-8b39-7bdc15099113.c
[Master] Parsing: Parser/build/mytool ./progs/e0fc6090-39d7-4dd0-8b39-7bdc15099113.c -- -I. > ./progs/e0fc6090-39d7-4dd0-8b39-7bdc15099113.c.parse_err 2>&1
[Master] Parsed output: ./progs/e0fc6090-39d7-4dd0-8b39-7bdc15099113.c_parsed.c
[Master] Compiling program: gcc ./progs/e0fc6090-39d7-4dd0-8b39-7bdc15099113.c_parsed.c ./progs/controller_ip.c Execution_Master/utils/master_exec.c Execution_Master/utils/orchestrator.c Execution_Master/utils/parallax_team.c Execution_Master/utils/barrier.c Execution_Master/utils/net_utils.c Agent_Init/network/network_agent.c Agent_Init/network/ms_queue.c Agent_Init/network/socket.c Agent_Init/network/linked_list.c -IExecution_Master/utils/ -IAgent_Init/network/ -Iparallax/ -I. -pthread -o ./progs/bin_e0fc6090-39d7-4dd0-8b39-7bdc15099113.c > ./progs/e0fc6090-39d7-4dd0-8b39-7bdc15099113.c.compile_err 2>&1
[HEARTBEAT] Lightweight heartbeat sent for node f66b4762-c214-41eb-b0be-9d91b3170b6c
[Master] Program compiled successfully.
[Master] Executing program, output -> ./progs/e0fc6090-39d7-4dd0-8b39-7bdc15099113.c.log
[HEARTBEAT] Lightweight heartbeat sent for node f66b4762-c214-41eb-b0be-9d91b3170b6c
[HEARTBEAT] Lightweight heartbeat sent for node f66b4762-c214-41eb-b0be-9d91b3170b6c
[HEARTBEAT] Lightweight heartbeat sent for node f66b4762-c214-41eb-b0be-9d91b3170b6c
[HEARTBEAT] Lightweight heartbeat sent for node f66b4762-c214-41eb-b0be-9d91b3170b6c
[MONITORING] MSG_STATECAPTURE sent (msg #5)
[HEARTBEAT] Lightweight heartbeat sent for node f66b4762-c214-41eb-b0be-9d91b3170b6c
[HEARTBEAT] Lightweight heartbeat sent for node f66b4762-c214-41eb-b0be-9d91b3170b6c
[HEARTBEAT] Lightweight heartbeat sent for node f66b4762-c214-41eb-b0be-9d91b3170b6c
[HEARTBEAT] Lightweight heartbeat sent for node f66b4762-c214-41eb-b0be-9d91b3170b6c
[HEARTBEAT] Lightweight heartbeat sent for node f66b4762-c214-41eb-b0be-9d91b3170b6c
[MONITORING] MSG_STATECAPTURE sent (msg #6)
[HEARTBEAT] Lightweight heartbeat sent for node f66b4762-c214-41eb-b0be-9d91b3170b6c
[HEARTBEAT] Lightweight heartbeat sent for node f66b4762-c214-41eb-b0be-9d91b3170b6c
[HEARTBEAT] Lightweight heartbeat sent for node f66b4762-c214-41eb-b0be-9d91b3170b6c
[HEARTBEAT] Lightweight heartbeat sent for node f66b4762-c214-41eb-b0be-9d91b3170b6c
[HEARTBEAT] Lightweight heartbeat sent for node f66b4762-c214-41eb-b0be-9d91b3170b6c
[MONITORING] MSG_STATECAPTURE sent (msg #7)
[HEARTBEAT] Lightweight heartbeat sent for node f66b4762-c214-41eb-b0be-9d91b3170b6c
[HEARTBEAT] Lightweight heartbeat sent for node f66b4762-c214-41eb-b0be-9d91b3170b6c
[HEARTBEAT] Lightweight heartbeat sent for node f66b4762-c214-41eb-b0be-9d91b3170b6c
[HEARTBEAT] Lightweight heartbeat sent for node f66b4762-c214-41eb-b0be-9d91b3170b6c
[HEARTBEAT] Lightweight heartbeat sent for node f66b4762-c214-41eb-b0be-9d91b3170b6c
[MONITORING] MSG_STATECAPTURE sent (msg #8)
[HEARTBEAT] Lightweight heartbeat sent for node f66b4762-c214-41eb-b0be-9d91b3170b6c
[HEARTBEAT] Lightweight heartbeat sent for node f66b4762-c214-41eb-b0be-9d91b3170b6c
[HEARTBEAT] Lightweight heartbeat sent for node f66b4762-c214-41eb-b0be-9d91b3170b6c
[HEARTBEAT] Lightweight heartbeat sent for node f66b4762-c214-41eb-b0be-9d91b3170b6c
[HEARTBEAT] Lightweight heartbeat sent for node f66b4762-c214-41eb-b0be-9d91b3170b6c
[MONITORING] MSG_STATECAPTURE sent (msg #9)
[HEARTBEAT] Lightweight heartbeat sent for node f66b4762-c214-41eb-b0be-9d91b3170b6c
[HEARTBEAT] Lightweight heartbeat sent for node f66b4762-c214-41eb-b0be-9d91b3170b6c
[HEARTBEAT] Lightweight heartbeat sent for node f66b4762-c214-41eb-b0be-9d91b3170b6c
[HEARTBEAT] Lightweight heartbeat sent for node f66b4762-c214-41eb-b0be-9d91b3170b6c
[HEARTBEAT] Lightweight heartbeat sent for node f66b4762-c214-41eb-b0be-9d91b3170b6c
[MONITORING] MSG_STATECAPTURE sent (msg #10)
[HEARTBEAT] Lightweight heartbeat sent for node f66b4762-c214-41eb-b0be-9d91b3170b6c
[HEARTBEAT] Lightweight heartbeat sent for node f66b4762-c214-41eb-b0be-9d91b3170b6c
[HEARTBEAT] Lightweight heartbeat sent for node f66b4762-c214-41eb-b0be-9d91b3170b6c
[HEARTBEAT] Lightweight heartbeat sent for node f66b4762-c214-41eb-b0be-9d91b3170b6c
[HEARTBEAT] Lightweight heartbeat sent for node f66b4762-c214-41eb-b0be-9d91b3170b6c
[MONITORING] MSG_STATECAPTURE sent (msg #11)
[HEARTBEAT] Lightweight heartbeat sent for node f66b4762-c214-41eb-b0be-9d91b3170b6c
[HEARTBEAT] Lightweight heartbeat sent for node f66b4762-c214-41eb-b0be-9d91b3170b6c
[HEARTBEAT] Lightweight heartbeat sent for node f66b4762-c214-41eb-b0be-9d91b3170b6c
[HEARTBEAT] Lightweight heartbeat sent for node f66b4762-c214-41eb-b0be-9d91b3170b6c
[HEARTBEAT] Lightweight heartbeat sent for node f66b4762-c214-41eb-b0be-9d91b3170b6c
[MONITORING] MSG_STATECAPTURE sent (msg #12)
[HEARTBEAT] Lightweight heartbeat sent for node f66b4762-c214-41eb-b0be-9d91b3170b6c
[HEARTBEAT] Lightweight heartbeat sent for node f66b4762-c214-41eb-b0be-9d91b3170b6c
[HEARTBEAT] Lightweight heartbeat sent for node f66b4762-c214-41eb-b0be-9d91b3170b6c
[HEARTBEAT] Lightweight heartbeat sent for node f66b4762-c214-41eb-b0be-9d91b3170b6c
[HEARTBEAT] Lightweight heartbeat sent for node f66b4762-c214-41eb-b0be-9d91b3170b6c
[MONITORING] MSG_STATECAPTURE sent (msg #13)
[HEARTBEAT] Lightweight heartbeat sent for node f66b4762-c214-41eb-b0be-9d91b3170b6c
[HEARTBEAT] Lightweight heartbeat sent for node f66b4762-c214-41eb-b0be-9d91b3170b6c
[HEARTBEAT] Lightweight heartbeat sent for node f66b4762-c214-41eb-b0be-9d91b3170b6c
[HEARTBEAT] Lightweight heartbeat sent for node f66b4762-c214-41eb-b0be-9d91b3170b6c
[HEARTBEAT] Lightweight heartbeat sent for node f66b4762-c214-41eb-b0be-9d91b3170b6c
[MONITORING] MSG_STATECAPTURE sent (msg #14)
[HEARTBEAT] Lightweight heartbeat sent for node f66b4762-c214-41eb-b0be-9d91b3170b6c
[HEARTBEAT] Lightweight heartbeat sent for node f66b4762-c214-41eb-b0be-9d91b3170b6c
[HEARTBEAT] Lightweight heartbeat sent for node f66b4762-c214-41eb-b0be-9d91b3170b6c
[HEARTBEAT] Lightweight heartbeat sent for node f66b4762-c214-41eb-b0be-9d91b3170b6c
[HEARTBEAT] Lightweight heartbeat sent for node f66b4762-c214-41eb-b0be-9d91b3170b6c
[MONITORING] MSG_STATECAPTURE sent (msg #15)
[HEARTBEAT] Lightweight heartbeat sent for node f66b4762-c214-41eb-b0be-9d91b3170b6c
[HEARTBEAT] Lightweight heartbeat sent for node f66b4762-c214-41eb-b0be-9d91b3170b6c
[HEARTBEAT] Lightweight heartbeat sent for node f66b4762-c214-41eb-b0be-9d91b3170b6c
[HEARTBEAT] Lightweight heartbeat sent for node f66b4762-c214-41eb-b0be-9d91b3170b6c
[HEARTBEAT] Lightweight heartbeat sent for node f66b4762-c214-41eb-b0be-9d91b3170b6c
[MONITORING] MSG_STATECAPTURE sent (msg #16)
[HEARTBEAT] Lightweight heartbeat sent for node f66b4762-c214-41eb-b0be-9d91b3170b6c
[HEARTBEAT] Lightweight heartbeat sent for node f66b4762-c214-41eb-b0be-9d91b3170b6c
[HEARTBEAT] Lightweight heartbeat sent for node f66b4762-c214-41eb-b0be-9d91b3170b6c
[HEARTBEAT] Lightweight heartbeat sent for node f66b4762-c214-41eb-b0be-9d91b3170b6c
[HEARTBEAT] Lightweight heartbeat sent for node f66b4762-c214-41eb-b0be-9d91b3170b6c
[MONITORING] MSG_STATECAPTURE sent (msg #17)
[HEARTBEAT] Lightweight heartbeat sent for node f66b4762-c214-41eb-b0be-9d91b3170b6c
[HEARTBEAT] Lightweight heartbeat sent for node f66b4762-c214-41eb-b0be-9d91b3170b6c
[HEARTBEAT] Lightweight heartbeat sent for node f66b4762-c214-41eb-b0be-9d91b3170b6c
[HEARTBEAT] Lightweight heartbeat sent for node f66b4762-c214-41eb-b0be-9d91b3170b6c
[HEARTBEAT] Lightweight heartbeat sent for node f66b4762-c214-41eb-b0be-9d91b3170b6c
[MONITORING] MSG_STATECAPTURE sent (msg #18)
[HEARTBEAT] Lightweight heartbeat sent for node f66b4762-c214-41eb-b0be-9d91b3170b6c
[HEARTBEAT] Lightweight heartbeat sent for node f66b4762-c214-41eb-b0be-9d91b3170b6c
[HEARTBEAT] Lightweight heartbeat sent for node f66b4762-c214-41eb-b0be-9d91b3170b6c
[HEARTBEAT] Lightweight heartbeat sent for node f66b4762-c214-41eb-b0be-9d91b3170b6c
[HEARTBEAT] Lightweight heartbeat sent for node f66b4762-c214-41eb-b0be-9d91b3170b6c
[MONITORING] MSG_STATECAPTURE sent (msg #19)
[HEARTBEAT] Lightweight heartbeat sent for node f66b4762-c214-41eb-b0be-9d91b3170b6c
[HEARTBEAT] Lightweight heartbeat sent for node f66b4762-c214-41eb-b0be-9d91b3170b6c
[HEARTBEAT] Lightweight heartbeat sent for node f66b4762-c214-41eb-b0be-9d91b3170b6c
[HEARTBEAT] Lightweight heartbeat sent for node f66b4762-c214-41eb-b0be-9d91b3170b6c
[HEARTBEAT] Lightweight heartbeat sent for node f66b4762-c214-41eb-b0be-9d91b3170b6c
[MONITORING] MSG_STATECAPTURE sent (msg #20)
[HEARTBEAT] Lightweight heartbeat sent for node f66b4762-c214-41eb-b0be-9d91b3170b6c
[HEARTBEAT] Lightweight heartbeat sent for node f66b4762-c214-41eb-b0be-9d91b3170b6c
[HEARTBEAT] Lightweight heartbeat sent for node f66b4762-c214-41eb-b0be-9d91b3170b6c
[HEARTBEAT] Lightweight heartbeat sent for node f66b4762-c214-41eb-b0be-9d91b3170b6c
[HEARTBEAT] Lightweight heartbeat sent for node f66b4762-c214-41eb-b0be-9d91b3170b6c
[MONITORING] MSG_STATECAPTURE sent (msg #21)
[HEARTBEAT] Lightweight heartbeat sent for node f66b4762-c214-41eb-b0be-9d91b3170b6c
[HEARTBEAT] Lightweight heartbeat sent for node f66b4762-c214-41eb-b0be-9d91b3170b6c
[HEARTBEAT] Lightweight heartbeat sent for node f66b4762-c214-41eb-b0be-9d91b3170b6c
[HEARTBEAT] Lightweight heartbeat sent for node f66b4762-c214-41eb-b0be-9d91b3170b6c
[HEARTBEAT] Lightweight heartbeat sent for node f66b4762-c214-41eb-b0be-9d91b3170b6c
[MONITORING] MSG_STATECAPTURE sent (msg #22)
[HEARTBEAT] Lightweight heartbeat sent for node f66b4762-c214-41eb-b0be-9d91b3170b6c
[HEARTBEAT] Lightweight heartbeat sent for node f66b4762-c214-41eb-b0be-9d91b3170b6c
[HEARTBEAT] Lightweight heartbeat sent for node f66b4762-c214-41eb-b0be-9d91b3170b6c
[HEARTBEAT] Lightweight heartbeat sent for node f66b4762-c214-41eb-b0be-9d91b3170b6c
[HEARTBEAT] Lightweight heartbeat sent for node f66b4762-c214-41eb-b0be-9d91b3170b6c
[MONITORING] MSG_STATECAPTURE sent (msg #23)
[HEARTBEAT] Lightweight heartbeat sent for node f66b4762-c214-41eb-b0be-9d91b3170b6c
[HEARTBEAT] Lightweight heartbeat sent for node f66b4762-c214-41eb-b0be-9d91b3170b6c
[HEARTBEAT] Lightweight heartbeat sent for node f66b4762-c214-41eb-b0be-9d91b3170b6c
[HEARTBEAT] Lightweight heartbeat sent for node f66b4762-c214-41eb-b0be-9d91b3170b6c
[HEARTBEAT] Lightweight heartbeat sent for node f66b4762-c214-41eb-b0be-9d91b3170b6c
[MONITORING] MSG_STATECAPTURE sent (msg #24)
[HEARTBEAT] Lightweight heartbeat sent for node f66b4762-c214-41eb-b0be-9d91b3170b6c
[HEARTBEAT] Lightweight heartbeat sent for node f66b4762-c214-41eb-b0be-9d91b3170b6c
[HEARTBEAT] Lightweight heartbeat sent for node f66b4762-c214-41eb-b0be-9d91b3170b6c
[HEARTBEAT] Lightweight heartbeat sent for node f66b4762-c214-41eb-b0be-9d91b3170b6c
[HEARTBEAT] Lightweight heartbeat sent for node f66b4762-c214-41eb-b0be-9d91b3170b6c
[MONITORING] MSG_STATECAPTURE sent (msg #25)
[HEARTBEAT] Lightweight heartbeat sent for node f66b4762-c214-41eb-b0be-9d91b3170b6c
[HEARTBEAT] Lightweight heartbeat sent for node f66b4762-c214-41eb-b0be-9d91b3170b6c
[HEARTBEAT] Lightweight heartbeat sent for node f66b4762-c214-41eb-b0be-9d91b3170b6c
[HEARTBEAT] Lightweight heartbeat sent for node f66b4762-c214-41eb-b0be-9d91b3170b6c
[HEARTBEAT] Lightweight heartbeat sent for node f66b4762-c214-41eb-b0be-9d91b3170b6c
[MONITORING] MSG_STATECAPTURE sent (msg #26)
[HEARTBEAT] Lightweight heartbeat sent for node f66b4762-c214-41eb-b0be-9d91b3170b6c
[HEARTBEAT] Lightweight heartbeat sent for node f66b4762-c214-41eb-b0be-9d91b3170b6c
[HEARTBEAT] Lightweight heartbeat sent for node f66b4762-c214-41eb-b0be-9d91b3170b6c
[HEARTBEAT] Lightweight heartbeat sent for node f66b4762-c214-41eb-b0be-9d91b3170b6c
[HEARTBEAT] Lightweight heartbeat sent for node f66b4762-c214-41eb-b0be-9d91b3170b6c
[MONITORING] MSG_STATECAPTURE sent (msg #27)
[HEARTBEAT] Lightweight heartbeat sent for node f66b4762-c214-41eb-b0be-9d91b3170b6c
[HEARTBEAT] Lightweight heartbeat sent for node f66b4762-c214-41eb-b0be-9d91b3170b6c
[HEARTBEAT] Lightweight heartbeat sent for node f66b4762-c214-41eb-b0be-9d91b3170b6c
[HEARTBEAT] Lightweight heartbeat sent for node f66b4762-c214-41eb-b0be-9d91b3170b6c
[HEARTBEAT] Lightweight heartbeat sent for node f66b4762-c214-41eb-b0be-9d91b3170b6c
[MONITORING] MSG_STATECAPTURE sent (msg #28)
[HEARTBEAT] Lightweight heartbeat sent for node f66b4762-c214-41eb-b0be-9d91b3170b6c
[HEARTBEAT] Lightweight heartbeat sent for node f66b4762-c214-41eb-b0be-9d91b3170b6c
[HEARTBEAT] Lightweight heartbeat sent for node f66b4762-c214-41eb-b0be-9d91b3170b6c
[HEARTBEAT] Lightweight heartbeat sent for node f66b4762-c214-41eb-b0be-9d91b3170b6c
[HEARTBEAT] Lightweight heartbeat sent for node f66b4762-c214-41eb-b0be-9d91b3170b6c
[MONITORING] MSG_STATECAPTURE sent (msg #29)
[HEARTBEAT] Lightweight heartbeat sent for node f66b4762-c214-41eb-b0be-9d91b3170b6c
[HEARTBEAT] Lightweight heartbeat sent for node f66b4762-c214-41eb-b0be-9d91b3170b6c
[HEARTBEAT] Lightweight heartbeat sent for node f66b4762-c214-41eb-b0be-9d91b3170b6c
[HEARTBEAT] Lightweight heartbeat sent for node f66b4762-c214-41eb-b0be-9d91b3170b6c
[HEARTBEAT] Lightweight heartbeat sent for node f66b4762-c214-41eb-b0be-9d91b3170b6c
[MONITORING] MSG_STATECAPTURE sent (msg #30)
[HEARTBEAT] Lightweight heartbeat sent for node f66b4762-c214-41eb-b0be-9d91b3170b6c
[HEARTBEAT] Lightweight heartbeat sent for node f66b4762-c214-41eb-b0be-9d91b3170b6c
[HEARTBEAT] Lightweight heartbeat sent for node f66b4762-c214-41eb-b0be-9d91b3170b6c
[HEARTBEAT] Lightweight heartbeat sent for node f66b4762-c214-41eb-b0be-9d91b3170b6c
[HEARTBEAT] Lightweight heartbeat sent for node f66b4762-c214-41eb-b0be-9d91b3170b6c
[MONITORING] MSG_STATECAPTURE sent (msg #31)
[HEARTBEAT] Lightweight heartbeat sent for node f66b4762-c214-41eb-b0be-9d91b3170b6c
[Master] Program finished. Log at: ./progs/e0fc6090-39d7-4dd0-8b39-7bdc15099113.c.log
[Master] Execution log sent to controller (status=OK)
[HEARTBEAT] Lightweight heartbeat sent for node f66b4762-c214-41eb-b0be-9d91b3170b6c
[HEARTBEAT] Lightweight heartbeat sent for node f66b4762-c214-41eb-b0be-9d91b3170b6c
[HEARTBEAT] Lightweight heartbeat sent for node f66b4762-c214-41eb-b0be-9d91b3170b6c
[HEARTBEAT] Lightweight heartbeat sent for node f66b4762-c214-41eb-b0be-9d91b3170b6c
[MONITORING] MSG_STATECAPTURE sent (msg #32)
[HEARTBEAT] Lightweight heartbeat sent for node f66b4762-c214-41eb-b0be-9d91b3170b6c
[HEARTBEAT] Lightweight heartbeat sent for node f66b4762-c214-41eb-b0be-9d91b3170b6c
[HEARTBEAT] Lightweight heartbeat sent for node f66b4762-c214-41eb-b0be-9d91b3170b6c
[HEARTBEAT] Lightweight heartbeat sent for node f66b4762-c214-41eb-b0be-9d91b3170b6c
[HEARTBEAT] Lightweight heartbeat sent for node f66b4762-c214-41eb-b0be-9d91b3170b6c
[MONITORING] MSG_STATECAPTURE sent (msg #33)
[HEARTBEAT] Lightweight heartbeat sent for node f66b4762-c214-41eb-b0be-9d91b3170b6c
[HEARTBEAT] Lightweight heartbeat sent for node f66b4762-c214-41eb-b0be-9d91b3170b6c
[HEARTBEAT] Lightweight heartbeat sent for node f66b4762-c214-41eb-b0be-9d91b3170b6c
[HEARTBEAT] Lightweight heartbeat sent for node f66b4762-c214-41eb-b0be-9d91b3170b6c
[HEARTBEAT] Lightweight heartbeat sent for node f66b4762-c214-41eb-b0be-9d91b3170b6c
[MONITORING] MSG_STATECAPTURE sent (msg #34)
[HEARTBEAT] Lightweight heartbeat sent for node f66b4762-c214-41eb-b0be-9d91b3170b6c
[HEARTBEAT] Lightweight heartbeat sent for node f66b4762-c214-41eb-b0be-9d91b3170b6c
[HEARTBEAT] Lightweight heartbeat sent for node f66b4762-c214-41eb-b0be-9d91b3170b6c
[HEARTBEAT] Lightweight heartbeat sent for node f66b4762-c214-41eb-b0be-9d91b3170b6c
[HEARTBEAT] Lightweight heartbeat sent for node f66b4762-c214-41eb-b0be-9d91b3170b6c
[MONITORING] MSG_STATECAPTURE sent (msg #35)
[HEARTBEAT] Lightweight heartbeat sent for node f66b4762-c214-41eb-b0be-9d91b3170b6c
[HEARTBEAT] Lightweight heartbeat sent for node f66b4762-c214-41eb-b0be-9d91b3170b6c
[HEARTBEAT] Lightweight heartbeat sent for node f66b4762-c214-41eb-b0be-9d91b3170b6c
[HEARTBEAT] Lightweight heartbeat sent for node f66b4762-c214-41eb-b0be-9d91b3170b6c
[HEARTBEAT] Lightweight heartbeat sent for node f66b4762-c214-41eb-b0be-9d91b3170b6c
[MONITORING] MSG_STATECAPTURE sent (msg #36)
[HEARTBEAT] Lightweight heartbeat sent for node f66b4762-c214-41eb-b0be-9d91b3170b6c
[HEARTBEAT] Lightweight heartbeat sent for node f66b4762-c214-41eb-b0be-9d91b3170b6c
[HEARTBEAT] Lightweight heartbeat sent for node f66b4762-c214-41eb-b0be-9d91b3170b6c
[HEARTBEAT] Lightweight heartbeat sent for node f66b4762-c214-41eb-b0be-9d91b3170b6c
[HEARTBEAT] Lightweight heartbeat sent for node f66b4762-c214-41eb-b0be-9d91b3170b6c
[MONITORING] MSG_STATECAPTURE sent (msg #37)
[HEARTBEAT] Lightweight heartbeat sent for node f66b4762-c214-41eb-b0be-9d91b3170b6c
[HEARTBEAT] Lightweight heartbeat sent for node f66b4762-c214-41eb-b0be-9d91b3170b6c
[HEARTBEAT] Lightweight heartbeat sent for node f66b4762-c214-41eb-b0be-9d91b3170b6c
[HEARTBEAT] Lightweight heartbeat sent for node f66b4762-c214-41eb-b0be-9d91b3170b6c
[HEARTBEAT] Lightweight heartbeat sent for node f66b4762-c214-41eb-b0be-9d91b3170b6c
[MONITORING] MSG_STATECAPTURE sent (msg #38)
[HEARTBEAT] Lightweight heartbeat sent for node f66b4762-c214-41eb-b0be-9d91b3170b6c
[HEARTBEAT] Lightweight heartbeat sent for node f66b4762-c214-41eb-b0be-9d91b3170b6c
[HEARTBEAT] Lightweight heartbeat sent for node f66b4762-c214-41eb-b0be-9d91b3170b6c
[HEARTBEAT] Lightweight heartbeat sent for node f66b4762-c214-41eb-b0be-9d91b3170b6c
[HEARTBEAT] Lightweight heartbeat sent for node f66b4762-c214-41eb-b0be-9d91b3170b6c
[MONITORING] MSG_STATECAPTURE sent (msg #39)
[HEARTBEAT] Lightweight heartbeat sent for node f66b4762-c214-41eb-b0be-9d91b3170b6c
[HEARTBEAT] Lightweight heartbeat sent for node f66b4762-c214-41eb-b0be-9d91b3170b6c
[HEARTBEAT] Lightweight heartbeat sent for node f66b4762-c214-41eb-b0be-9d91b3170b6c
[HEARTBEAT] Lightweight heartbeat sent for node f66b4762-c214-41eb-b0be-9d91b3170b6c
[HEARTBEAT] Lightweight heartbeat sent for node f66b4762-c214-41eb-b0be-9d91b3170b6c
[MONITORING] MSG_STATECAPTURE sent (msg #40)
[HEARTBEAT] Lightweight heartbeat sent for node f66b4762-c214-41eb-b0be-9d91b3170b6c
[HEARTBEAT] Lightweight heartbeat sent for node f66b4762-c214-41eb-b0be-9d91b3170b6c
[HEARTBEAT] Lightweight heartbeat sent for node f66b4762-c214-41eb-b0be-9d91b3170b6c
[HEARTBEAT] Lightweight heartbeat sent for node f66b4762-c214-41eb-b0be-9d91b3170b6c
[HEARTBEAT] Lightweight heartbeat sent for node f66b4762-c214-41eb-b0be-9d91b3170b6c
[MONITORING] MSG_STATECAPTURE sent (msg #41)
[HEARTBEAT] Lightweight heartbeat sent for node f66b4762-c214-41eb-b0be-9d91b3170b6c
[HEARTBEAT] Lightweight heartbeat sent for node f66b4762-c214-41eb-b0be-9d91b3170b6c
[HEARTBEAT] Lightweight heartbeat sent for node f66b4762-c214-41eb-b0be-9d91b3170b6c
[HEARTBEAT] Lightweight heartbeat sent for node f66b4762-c214-41eb-b0be-9d91b3170b6c
[HEARTBEAT] Lightweight heartbeat sent for node f66b4762-c214-41eb-b0be-9d91b3170b6c
[MONITORING] MSG_STATECAPTURE sent (msg #42)
[HEARTBEAT] Lightweight heartbeat sent for node f66b4762-c214-41eb-b0be-9d91b3170b6c
[HEARTBEAT] Lightweight heartbeat sent for node f66b4762-c214-41eb-b0be-9d91b3170b6c
[HEARTBEAT] Lightweight heartbeat sent for node f66b4762-c214-41eb-b0be-9d91b3170b6c
[HEARTBEAT] Lightweight heartbeat sent for node f66b4762-c214-41eb-b0be-9d91b3170b6c
[HEARTBEAT] Lightweight heartbeat sent for node f66b4762-c214-41eb-b0be-9d91b3170b6c
[MONITORING] MSG_STATECAPTURE sent (msg #43)
[HEARTBEAT] Lightweight heartbeat sent for node f66b4762-c214-41eb-b0be-9d91b3170b6c
[HEARTBEAT] Lightweight heartbeat sent for node f66b4762-c214-41eb-b0be-9d91b3170b6c
[HEARTBEAT] Lightweight heartbeat sent for node f66b4762-c214-41eb-b0be-9d91b3170b6c
[THREAD] Master Thread stopped
[HEARTBEAT] Lightweight heartbeat sent for node f66b4762-c214-41eb-b0be-9d91b3170b6c
[HEARTBEAT] Lightweight heartbeat sent for node f66b4762-c214-41eb-b0be-9d91b3170b6c
[THREAD] Monitoring thread stopped
[HEARTBEAT] Thread stopped
[THREAD] Heartbeat thread stopped
Removed queue: outgoing (id=17)
Removed queue: HELLO (id=18)
Removed queue: PROG (id=19)
[THREAD] Network thread stopped

[INIT] UUID loaded from file: f66b4762-c214-41eb-b0be-9d91b3170b6c
[INIT] Initial role: 3
[THREAD] Network thread started
listening for connections on port 9000UDP listening on port 9001

╔════════════════════════════════════════════════════════════════════╗
║ [SENDING] Message Type: MSG_HELLO                                             ║
╚════════════════════════════════════════════════════════════════════╝
  ▼ IDENTITÉ
    • UUID:      f66b4762-c214-41eb-b0be-9d91b3170b6c
    • IP:        192.168.30.43:9000
    • Timestamp: 2026-07-03 17:24:26 (1783095866)
    • Type:      1
    • Role:      3
  ▼ CPU
    • Usage:           0.00%
    • Load Average:    0.00, 0.00, 0.00
    • Cores:           0
    • Threads/Core:    0
    • Frequency:       0.00 MHz
    • Model:           
  ▼ MÉMOIRE (RAM)
    • Usage:           0.00%
    • Available:       0.00 MB
    • Used:            0 MB
    • Total:           0 MB
  ▼ DISQUE
    • Usage:           0.00%
    • Used:            0 MB
    • Total:           0 MB
    • Mount Point:     
  ▼ RÉSEAU
    • Bandwidth:       0.00 Mbps
    • Connections:     0
    • Interface:       wlp3s0
  ▼ SYSTÈME
    • Active Processes:    0
    • Context Switch Rate: 0.00/s
    • Uptime:              0 seconds
    • Is Overloaded:       NO
  ▼ CALCULS
    • Queue Length: 0
    • Score:        0.00
╔════════════════════════════════════════════════════════════════════╗

Waiting for controller's IP reply on port 9001 via message queue...
[INIT] HELLO sent: uuid=f66b4762-c214-41eb-b0be-9d91b3170b6c on interface wlp3s0

--- Controller IP Received ---
Message Type: HELLO
Controller IP: 192.168.30.7
[THREAD] Heartbeat (lightweight status) thread started
[HEARTBEAT] Thread started
[THREAD] Monitoring thread started
[HEARTBEAT] Lightweight heartbeat sent for node f66b4762-c214-41eb-b0be-9d91b3170b6c
[THREAD] Master Thread started
[CONFIG] Detected config change, reloading...
Waiting for programs on MQ: PROG

╔════════════════════════════════════════════════════════════════════╗
║ [SENDING] Message Type: MSG_STATECAPTURE_INIT                                 ║
╚════════════════════════════════════════════════════════════════════╝
  ▼ IDENTITÉ
    • UUID:      f66b4762-c214-41eb-b0be-9d91b3170b6c
    • IP:        192.168.30.43:9000
    • Timestamp: 2026-07-03 17:24:27 (1783095867)
    • Type:      3
    • Role:      3
  ▼ CPU
    • Usage:           18.74%
    • Load Average:    1.75, 1.93, 2.25
    • Cores:           4
    • Threads/Core:    8
    • Frequency:       1386.97 MHz
    • Model:           Intel(R) Core(TM) i7-2820QM CPU @ 2.30GHz
  ▼ MÉMOIRE (RAM)
    • Usage:           70.34%
    • Available:       4709.81 MB
    • Used:            11171 MB
    • Total:           15881 MB
  ▼ DISQUE
    • Usage:           0.00%
    • Used:            542489 MB
    • Total:           599296 MB
    • Mount Point:     /
  ▼ RÉSEAU
    • Bandwidth:       0.00 Mbps
    • Connections:     90
    • Interface:       wlp3s0
  ▼ SYSTÈME
    • Active Processes:    3
    • Context Switch Rate: 0.05/s
    • Uptime:              6516 seconds
    • Is Overloaded:       NO
  ▼ CALCULS
    • Queue Length: 0
    • Score:        0.00
╔════════════════════════════════════════════════════════════════════╗

[MONITORING] MSG_STATECAPTURE_INIT sent (msg #1)
[HEARTBEAT] Lightweight heartbeat sent for node f66b4762-c214-41eb-b0be-9d91b3170b6c
[HEARTBEAT] Lightweight heartbeat sent for node f66b4762-c214-41eb-b0be-9d91b3170b6c
[HEARTBEAT] Lightweight heartbeat sent for node f66b4762-c214-41eb-b0be-9d91b3170b6c
[HEARTBEAT] Lightweight heartbeat sent for node f66b4762-c214-41eb-b0be-9d91b3170b6c
[HEARTBEAT] Lightweight heartbeat sent for node f66b4762-c214-41eb-b0be-9d91b3170b6c
[MONITORING] MSG_STATECAPTURE sent (msg #2)
[HEARTBEAT] Lightweight heartbeat sent for node f66b4762-c214-41eb-b0be-9d91b3170b6c
[HEARTBEAT] Lightweight heartbeat sent for node f66b4762-c214-41eb-b0be-9d91b3170b6c
[HEARTBEAT] Lightweight heartbeat sent for node f66b4762-c214-41eb-b0be-9d91b3170b6c
[HEARTBEAT] Lightweight heartbeat sent for node f66b4762-c214-41eb-b0be-9d91b3170b6c
[HEARTBEAT] Lightweight heartbeat sent for node f66b4762-c214-41eb-b0be-9d91b3170b6c
[MONITORING] MSG_STATECAPTURE sent (msg #3)
[HEARTBEAT] Lightweight heartbeat sent for node f66b4762-c214-41eb-b0be-9d91b3170b6c
[HEARTBEAT] Lightweight heartbeat sent for node f66b4762-c214-41eb-b0be-9d91b3170b6c
[HEARTBEAT] Lightweight heartbeat sent for node f66b4762-c214-41eb-b0be-9d91b3170b6c
[HEARTBEAT] Lightweight heartbeat sent for node f66b4762-c214-41eb-b0be-9d91b3170b6c
[HEARTBEAT] Lightweight heartbeat sent for node f66b4762-c214-41eb-b0be-9d91b3170b6c
[MONITORING] MSG_STATECAPTURE sent (msg #4)
[HEARTBEAT] Lightweight heartbeat sent for node f66b4762-c214-41eb-b0be-9d91b3170b6c
[HEARTBEAT] Lightweight heartbeat sent for node f66b4762-c214-41eb-b0be-9d91b3170b6c
[HEARTBEAT] Lightweight heartbeat sent for node f66b4762-c214-41eb-b0be-9d91b3170b6c
[HEARTBEAT] Lightweight heartbeat sent for node f66b4762-c214-41eb-b0be-9d91b3170b6c
[HEARTBEAT] Lightweight heartbeat sent for node f66b4762-c214-41eb-b0be-9d91b3170b6c
[MONITORING] MSG_STATECAPTURE sent (msg #5)
[HEARTBEAT] Lightweight heartbeat sent for node f66b4762-c214-41eb-b0be-9d91b3170b6c
[HEARTBEAT] Lightweight heartbeat sent for node f66b4762-c214-41eb-b0be-9d91b3170b6c
[HEARTBEAT] Lightweight heartbeat sent for node f66b4762-c214-41eb-b0be-9d91b3170b6c
[HEARTBEAT] Lightweight heartbeat sent for node f66b4762-c214-41eb-b0be-9d91b3170b6c
[NET] PROG
[HEARTBEAT] Lightweight heartbeat sent for node f66b4762-c214-41eb-b0be-9d91b3170b6c
[MONITORING] MSG_STATECAPTURE sent (msg #6)
Received Program 
[Master] Generated ./progs/controller_ip.c with controller IP: 192.168.30.7
[Master] Saved program to ./progs/3ba5a25b-c220-4c36-9b45-72554f108a70.c
[Master] Parsing: Parser/build/mytool ./progs/3ba5a25b-c220-4c36-9b45-72554f108a70.c -- -I. > ./progs/3ba5a25b-c220-4c36-9b45-72554f108a70.c.parse_err 2>&1
[Master] Parsed output: ./progs/3ba5a25b-c220-4c36-9b45-72554f108a70.c_parsed.c
[Master] Compiling program: gcc ./progs/3ba5a25b-c220-4c36-9b45-72554f108a70.c_parsed.c ./progs/controller_ip.c Execution_Master/utils/master_exec.c Execution_Master/utils/orchestrator.c Execution_Master/utils/parallax_team.c Execution_Master/utils/barrier.c Execution_Master/utils/net_utils.c Agent_Init/network/network_agent.c Agent_Init/network/ms_queue.c Agent_Init/network/socket.c Agent_Init/network/linked_list.c -IExecution_Master/utils/ -IAgent_Init/network/ -Iparallax/ -I. -pthread -o ./progs/bin_3ba5a25b-c220-4c36-9b45-72554f108a70.c > ./progs/3ba5a25b-c220-4c36-9b45-72554f108a70.c.compile_err 2>&1
[Master] Program compiled successfully.
[Master] Executing program, output -> ./progs/3ba5a25b-c220-4c36-9b45-72554f108a70.c.log
[NET] HKJy7EV
[NET] 0ZCrozH
[NET] A8adTgu
[HEARTBEAT] Lightweight heartbeat sent for node f66b4762-c214-41eb-b0be-9d91b3170b6c
[NET] DawJUg6
[Master] Program finished. Log at: ./progs/3ba5a25b-c220-4c36-9b45-72554f108a70.c.log
[Master] Execution log sent to controller (status=OK)
[HEARTBEAT] Lightweight heartbeat sent for node f66b4762-c214-41eb-b0be-9d91b3170b6c
[HEARTBEAT] Lightweight heartbeat sent for node f66b4762-c214-41eb-b0be-9d91b3170b6c
[HEARTBEAT] Lightweight heartbeat sent for node f66b4762-c214-41eb-b0be-9d91b3170b6c
[HEARTBEAT] Lightweight heartbeat sent for node f66b4762-c214-41eb-b0be-9d91b3170b6c
[MONITORING] MSG_STATECAPTURE sent (msg #7)
[HEARTBEAT] Lightweight heartbeat sent for node f66b4762-c214-41eb-b0be-9d91b3170b6c
[HEARTBEAT] Lightweight heartbeat sent for node f66b4762-c214-41eb-b0be-9d91b3170b6c
[HEARTBEAT] Lightweight heartbeat sent for node f66b4762-c214-41eb-b0be-9d91b3170b6c
[HEARTBEAT] Lightweight heartbeat sent for node f66b4762-c214-41eb-b0be-9d91b3170b6c
[HEARTBEAT] Lightweight heartbeat sent for node f66b4762-c214-41eb-b0be-9d91b3170b6c
[MONITORING] MSG_STATECAPTURE sent (msg #8)
[HEARTBEAT] Lightweight heartbeat sent for node f66b4762-c214-41eb-b0be-9d91b3170b6c
[HEARTBEAT] Lightweight heartbeat sent for node f66b4762-c214-41eb-b0be-9d91b3170b6c
[HEARTBEAT] Lightweight heartbeat sent for node f66b4762-c214-41eb-b0be-9d91b3170b6c
[HEARTBEAT] Lightweight heartbeat sent for node f66b4762-c214-41eb-b0be-9d91b3170b6c
[HEARTBEAT] Lightweight heartbeat sent for node f66b4762-c214-41eb-b0be-9d91b3170b6c
[MONITORING] MSG_STATECAPTURE sent (msg #9)
[HEARTBEAT] Lightweight heartbeat sent for node f66b4762-c214-41eb-b0be-9d91b3170b6c
[HEARTBEAT] Lightweight heartbeat sent for node f66b4762-c214-41eb-b0be-9d91b3170b6c
[HEARTBEAT] Lightweight heartbeat sent for node f66b4762-c214-41eb-b0be-9d91b3170b6c
[HEARTBEAT] Lightweight heartbeat sent for node f66b4762-c214-41eb-b0be-9d91b3170b6c
[HEARTBEAT] Lightweight heartbeat sent for node f66b4762-c214-41eb-b0be-9d91b3170b6c
[MONITORING] MSG_STATECAPTURE sent (msg #10)
[HEARTBEAT] Lightweight heartbeat sent for node f66b4762-c214-41eb-b0be-9d91b3170b6c
[HEARTBEAT] Lightweight heartbeat sent for node f66b4762-c214-41eb-b0be-9d91b3170b6c
[HEARTBEAT] Lightweight heartbeat sent for node f66b4762-c214-41eb-b0be-9d91b3170b6c
[HEARTBEAT] Lightweight heartbeat sent for node f66b4762-c214-41eb-b0be-9d91b3170b6c
[HEARTBEAT] Lightweight heartbeat sent for node f66b4762-c214-41eb-b0be-9d91b3170b6c
[MONITORING] MSG_STATECAPTURE sent (msg #11)
[HEARTBEAT] Lightweight heartbeat sent for node f66b4762-c214-41eb-b0be-9d91b3170b6c
[HEARTBEAT] Lightweight heartbeat sent for node f66b4762-c214-41eb-b0be-9d91b3170b6c
[HEARTBEAT] Lightweight heartbeat sent for node f66b4762-c214-41eb-b0be-9d91b3170b6c
[HEARTBEAT] Lightweight heartbeat sent for node f66b4762-c214-41eb-b0be-9d91b3170b6c
[HEARTBEAT] Lightweight heartbeat sent for node f66b4762-c214-41eb-b0be-9d91b3170b6c
[MONITORING] MSG_STATECAPTURE sent (msg #12)
[HEARTBEAT] Lightweight heartbeat sent for node f66b4762-c214-41eb-b0be-9d91b3170b6c
[HEARTBEAT] Lightweight heartbeat sent for node f66b4762-c214-41eb-b0be-9d91b3170b6c
[HEARTBEAT] Lightweight heartbeat sent for node f66b4762-c214-41eb-b0be-9d91b3170b6c
[HEARTBEAT] Lightweight heartbeat sent for node f66b4762-c214-41eb-b0be-9d91b3170b6c
[HEARTBEAT] Lightweight heartbeat sent for node f66b4762-c214-41eb-b0be-9d91b3170b6c
[MONITORING] MSG_STATECAPTURE sent (msg #13)
[HEARTBEAT] Lightweight heartbeat sent for node f66b4762-c214-41eb-b0be-9d91b3170b6c
[HEARTBEAT] Lightweight heartbeat sent for node f66b4762-c214-41eb-b0be-9d91b3170b6c
[HEARTBEAT] Lightweight heartbeat sent for node f66b4762-c214-41eb-b0be-9d91b3170b6c
[HEARTBEAT] Lightweight heartbeat sent for node f66b4762-c214-41eb-b0be-9d91b3170b6c
[HEARTBEAT] Lightweight heartbeat sent for node f66b4762-c214-41eb-b0be-9d91b3170b6c
[MONITORING] MSG_STATECAPTURE sent (msg #14)
[HEARTBEAT] Lightweight heartbeat sent for node f66b4762-c214-41eb-b0be-9d91b3170b6c
[HEARTBEAT] Lightweight heartbeat sent for node f66b4762-c214-41eb-b0be-9d91b3170b6c
[HEARTBEAT] Lightweight heartbeat sent for node f66b4762-c214-41eb-b0be-9d91b3170b6c
[HEARTBEAT] Lightweight heartbeat sent for node f66b4762-c214-41eb-b0be-9d91b3170b6c
[HEARTBEAT] Lightweight heartbeat sent for node f66b4762-c214-41eb-b0be-9d91b3170b6c
[MONITORING] MSG_STATECAPTURE sent (msg #15)
[HEARTBEAT] Lightweight heartbeat sent for node f66b4762-c214-41eb-b0be-9d91b3170b6c
[HEARTBEAT] Lightweight heartbeat sent for node f66b4762-c214-41eb-b0be-9d91b3170b6c
[HEARTBEAT] Lightweight heartbeat sent for node f66b4762-c214-41eb-b0be-9d91b3170b6c
[HEARTBEAT] Lightweight heartbeat sent for node f66b4762-c214-41eb-b0be-9d91b3170b6c
[HEARTBEAT] Lightweight heartbeat sent for node f66b4762-c214-41eb-b0be-9d91b3170b6c
[MONITORING] MSG_STATECAPTURE sent (msg #16)
[HEARTBEAT] Lightweight heartbeat sent for node f66b4762-c214-41eb-b0be-9d91b3170b6c
[HEARTBEAT] Lightweight heartbeat sent for node f66b4762-c214-41eb-b0be-9d91b3170b6c
[HEARTBEAT] Lightweight heartbeat sent for node f66b4762-c214-41eb-b0be-9d91b3170b6c
[HEARTBEAT] Lightweight heartbeat sent for node f66b4762-c214-41eb-b0be-9d91b3170b6c
[HEARTBEAT] Lightweight heartbeat sent for node f66b4762-c214-41eb-b0be-9d91b3170b6c
[MONITORING] MSG_STATECAPTURE sent (msg #17)
[NET] PROG
Received Program 
[Master] Generated ./progs/controller_ip.c with controller IP: 192.168.30.7
[Master] Saved program to ./progs/413cf63a-c410-4592-ae3d-f83270405c45.c
[Master] Parsing: Parser/build/mytool ./progs/413cf63a-c410-4592-ae3d-f83270405c45.c -- -I. > ./progs/413cf63a-c410-4592-ae3d-f83270405c45.c.parse_err 2>&1
[Master] Parsed output: ./progs/413cf63a-c410-4592-ae3d-f83270405c45.c_parsed.c
[Master] Compiling program: gcc ./progs/413cf63a-c410-4592-ae3d-f83270405c45.c_parsed.c ./progs/controller_ip.c Execution_Master/utils/master_exec.c Execution_Master/utils/orchestrator.c Execution_Master/utils/parallax_team.c Execution_Master/utils/barrier.c Execution_Master/utils/net_utils.c Agent_Init/network/network_agent.c Agent_Init/network/ms_queue.c Agent_Init/network/socket.c Agent_Init/network/linked_list.c -IExecution_Master/utils/ -IAgent_Init/network/ -Iparallax/ -I. -pthread -o ./progs/bin_413cf63a-c410-4592-ae3d-f83270405c45.c > ./progs/413cf63a-c410-4592-ae3d-f83270405c45.c.compile_err 2>&1
[Master] Program compiled successfully.
[Master] Executing program, output -> ./progs/413cf63a-c410-4592-ae3d-f83270405c45.c.log
[NET] u4rBiWc
[NET] vYd6Cu1
[NET] WMRUdBQ
[NET] oqz4Rh8
[Master] Program finished. Log at: ./progs/413cf63a-c410-4592-ae3d-f83270405c45.c.log
[Master] Execution log sent to controller (status=OK)
[HEARTBEAT] Lightweight heartbeat sent for node f66b4762-c214-41eb-b0be-9d91b3170b6c
[HEARTBEAT] Lightweight heartbeat sent for node f66b4762-c214-41eb-b0be-9d91b3170b6c
[HEARTBEAT] Lightweight heartbeat sent for node f66b4762-c214-41eb-b0be-9d91b3170b6c
[HEARTBEAT] Lightweight heartbeat sent for node f66b4762-c214-41eb-b0be-9d91b3170b6c
[HEARTBEAT] Lightweight heartbeat sent for node f66b4762-c214-41eb-b0be-9d91b3170b6c
[MONITORING] MSG_STATECAPTURE sent (msg #18)
[HEARTBEAT] Lightweight heartbeat sent for node f66b4762-c214-41eb-b0be-9d91b3170b6c
[HEARTBEAT] Lightweight heartbeat sent for node f66b4762-c214-41eb-b0be-9d91b3170b6c
[HEARTBEAT] Lightweight heartbeat sent for node f66b4762-c214-41eb-b0be-9d91b3170b6c
[HEARTBEAT] Lightweight heartbeat sent for node f66b4762-c214-41eb-b0be-9d91b3170b6c
[HEARTBEAT] Lightweight heartbeat sent for node f66b4762-c214-41eb-b0be-9d91b3170b6c
[MONITORING] MSG_STATECAPTURE sent (msg #19)
[HEARTBEAT] Lightweight heartbeat sent for node f66b4762-c214-41eb-b0be-9d91b3170b6c
[HEARTBEAT] Lightweight heartbeat sent for node f66b4762-c214-41eb-b0be-9d91b3170b6c
[HEARTBEAT] Lightweight heartbeat sent for node f66b4762-c214-41eb-b0be-9d91b3170b6c
[HEARTBEAT] Lightweight heartbeat sent for node f66b4762-c214-41eb-b0be-9d91b3170b6c
[HEARTBEAT] Lightweight heartbeat sent for node f66b4762-c214-41eb-b0be-9d91b3170b6c
[MONITORING] MSG_STATECAPTURE sent (msg #20)
[HEARTBEAT] Lightweight heartbeat sent for node f66b4762-c214-41eb-b0be-9d91b3170b6c
[HEARTBEAT] Lightweight heartbeat sent for node f66b4762-c214-41eb-b0be-9d91b3170b6c
[HEARTBEAT] Lightweight heartbeat sent for node f66b4762-c214-41eb-b0be-9d91b3170b6c
[HEARTBEAT] Lightweight heartbeat sent for node f66b4762-c214-41eb-b0be-9d91b3170b6c
[HEARTBEAT] Lightweight heartbeat sent for node f66b4762-c214-41eb-b0be-9d91b3170b6c
[MONITORING] MSG_STATECAPTURE sent (msg #21)
[HEARTBEAT] Lightweight heartbeat sent for node f66b4762-c214-41eb-b0be-9d91b3170b6c
[HEARTBEAT] Lightweight heartbeat sent for node f66b4762-c214-41eb-b0be-9d91b3170b6c
[HEARTBEAT] Lightweight heartbeat sent for node f66b4762-c214-41eb-b0be-9d91b3170b6c
[HEARTBEAT] Lightweight heartbeat sent for node f66b4762-c214-41eb-b0be-9d91b3170b6c
[HEARTBEAT] Lightweight heartbeat sent for node f66b4762-c214-41eb-b0be-9d91b3170b6c
[MONITORING] MSG_STATECAPTURE sent (msg #22)
[HEARTBEAT] Lightweight heartbeat sent for node f66b4762-c214-41eb-b0be-9d91b3170b6c
[HEARTBEAT] Lightweight heartbeat sent for node f66b4762-c214-41eb-b0be-9d91b3170b6c
[HEARTBEAT] Lightweight heartbeat sent for node f66b4762-c214-41eb-b0be-9d91b3170b6c
[HEARTBEAT] Lightweight heartbeat sent for node f66b4762-c214-41eb-b0be-9d91b3170b6c
[HEARTBEAT] Lightweight heartbeat sent for node f66b4762-c214-41eb-b0be-9d91b3170b6c
[MONITORING] MSG_STATECAPTURE sent (msg #23)
[HEARTBEAT] Lightweight heartbeat sent for node f66b4762-c214-41eb-b0be-9d91b3170b6c
[HEARTBEAT] Lightweight heartbeat sent for node f66b4762-c214-41eb-b0be-9d91b3170b6c
[HEARTBEAT] Lightweight heartbeat sent for node f66b4762-c214-41eb-b0be-9d91b3170b6c
[HEARTBEAT] Lightweight heartbeat sent for node f66b4762-c214-41eb-b0be-9d91b3170b6c
[HEARTBEAT] Lightweight heartbeat sent for node f66b4762-c214-41eb-b0be-9d91b3170b6c
[MONITORING] MSG_STATECAPTURE sent (msg #24)
[NET] PROG
Received Program 
[Master] Generated ./progs/controller_ip.c with controller IP: 192.168.30.7
[Master] Saved program to ./progs/58d950d6-3458-4d42-afd1-d322a30637b2.c
[Master] Parsing: Parser/build/mytool ./progs/58d950d6-3458-4d42-afd1-d322a30637b2.c -- -I. > ./progs/58d950d6-3458-4d42-afd1-d322a30637b2.c.parse_err 2>&1
[Master] Parsed output: ./progs/58d950d6-3458-4d42-afd1-d322a30637b2.c_parsed.c
[Master] Compiling program: gcc ./progs/58d950d6-3458-4d42-afd1-d322a30637b2.c_parsed.c ./progs/controller_ip.c Execution_Master/utils/master_exec.c Execution_Master/utils/orchestrator.c Execution_Master/utils/parallax_team.c Execution_Master/utils/barrier.c Execution_Master/utils/net_utils.c Agent_Init/network/network_agent.c Agent_Init/network/ms_queue.c Agent_Init/network/socket.c Agent_Init/network/linked_list.c -IExecution_Master/utils/ -IAgent_Init/network/ -Iparallax/ -I. -pthread -o ./progs/bin_58d950d6-3458-4d42-afd1-d322a30637b2.c > ./progs/58d950d6-3458-4d42-afd1-d322a30637b2.c.compile_err 2>&1
[Master] Program compiled successfully.
[Master] Executing program, output -> ./progs/58d950d6-3458-4d42-afd1-d322a30637b2.c.log
[NET] Rh1GqCb
[NET] vnw4xpC
[HEARTBEAT] Lightweight heartbeat sent for node f66b4762-c214-41eb-b0be-9d91b3170b6c
[NET] 8Z2c5pW
[NET] 6GFnB1n
[Master] Program finished. Log at: ./progs/58d950d6-3458-4d42-afd1-d322a30637b2.c.log
[Master] Execution log sent to controller (status=OK)
[HEARTBEAT] Lightweight heartbeat sent for node f66b4762-c214-41eb-b0be-9d91b3170b6c
[HEARTBEAT] Lightweight heartbeat sent for node f66b4762-c214-41eb-b0be-9d91b3170b6c
[HEARTBEAT] Lightweight heartbeat sent for node f66b4762-c214-41eb-b0be-9d91b3170b6c
[HEARTBEAT] Lightweight heartbeat sent for node f66b4762-c214-41eb-b0be-9d91b3170b6c
[MONITORING] MSG_STATECAPTURE sent (msg #25)
[HEARTBEAT] Lightweight heartbeat sent for node f66b4762-c214-41eb-b0be-9d91b3170b6c
[HEARTBEAT] Lightweight heartbeat sent for node f66b4762-c214-41eb-b0be-9d91b3170b6c
[HEARTBEAT] Lightweight heartbeat sent for node f66b4762-c214-41eb-b0be-9d91b3170b6c
[HEARTBEAT] Lightweight heartbeat sent for node f66b4762-c214-41eb-b0be-9d91b3170b6c
[HEARTBEAT] Lightweight heartbeat sent for node f66b4762-c214-41eb-b0be-9d91b3170b6c
[MONITORING] MSG_STATECAPTURE sent (msg #26)
[HEARTBEAT] Lightweight heartbeat sent for node f66b4762-c214-41eb-b0be-9d91b3170b6c
[HEARTBEAT] Lightweight heartbeat sent for node f66b4762-c214-41eb-b0be-9d91b3170b6c
[HEARTBEAT] Lightweight heartbeat sent for node f66b4762-c214-41eb-b0be-9d91b3170b6c
[HEARTBEAT] Lightweight heartbeat sent for node f66b4762-c214-41eb-b0be-9d91b3170b6c
[HEARTBEAT] Lightweight heartbeat sent for node f66b4762-c214-41eb-b0be-9d91b3170b6c
[MONITORING] MSG_STATECAPTURE sent (msg #27)
[HEARTBEAT] Lightweight heartbeat sent for node f66b4762-c214-41eb-b0be-9d91b3170b6c
[HEARTBEAT] Lightweight heartbeat sent for node f66b4762-c214-41eb-b0be-9d91b3170b6c
[HEARTBEAT] Lightweight heartbeat sent for node f66b4762-c214-41eb-b0be-9d91b3170b6c
[HEARTBEAT] Lightweight heartbeat sent for node f66b4762-c214-41eb-b0be-9d91b3170b6c
[HEARTBEAT] Lightweight heartbeat sent for node f66b4762-c214-41eb-b0be-9d91b3170b6c
[MONITORING] MSG_STATECAPTURE sent (msg #28)
[HEARTBEAT] Lightweight heartbeat sent for node f66b4762-c214-41eb-b0be-9d91b3170b6c
[HEARTBEAT] Lightweight heartbeat sent for node f66b4762-c214-41eb-b0be-9d91b3170b6c
[HEARTBEAT] Lightweight heartbeat sent for node f66b4762-c214-41eb-b0be-9d91b3170b6c
[HEARTBEAT] Lightweight heartbeat sent for node f66b4762-c214-41eb-b0be-9d91b3170b6c
[HEARTBEAT] Lightweight heartbeat sent for node f66b4762-c214-41eb-b0be-9d91b3170b6c
[MONITORING] MSG_STATECAPTURE sent (msg #29)
[HEARTBEAT] Lightweight heartbeat sent for node f66b4762-c214-41eb-b0be-9d91b3170b6c
[HEARTBEAT] Lightweight heartbeat sent for node f66b4762-c214-41eb-b0be-9d91b3170b6c
[HEARTBEAT] Lightweight heartbeat sent for node f66b4762-c214-41eb-b0be-9d91b3170b6c
[HEARTBEAT] Lightweight heartbeat sent for node f66b4762-c214-41eb-b0be-9d91b3170b6c
[HEARTBEAT] Lightweight heartbeat sent for node f66b4762-c214-41eb-b0be-9d91b3170b6c
[MONITORING] MSG_STATECAPTURE sent (msg #30)
[HEARTBEAT] Lightweight heartbeat sent for node f66b4762-c214-41eb-b0be-9d91b3170b6c
[HEARTBEAT] Lightweight heartbeat sent for node f66b4762-c214-41eb-b0be-9d91b3170b6c
[HEARTBEAT] Lightweight heartbeat sent for node f66b4762-c214-41eb-b0be-9d91b3170b6c
[HEARTBEAT] Lightweight heartbeat sent for node f66b4762-c214-41eb-b0be-9d91b3170b6c
[HEARTBEAT] Lightweight heartbeat sent for node f66b4762-c214-41eb-b0be-9d91b3170b6c
[MONITORING] MSG_STATECAPTURE sent (msg #31)
[HEARTBEAT] Lightweight heartbeat sent for node f66b4762-c214-41eb-b0be-9d91b3170b6c
[HEARTBEAT] Lightweight heartbeat sent for node f66b4762-c214-41eb-b0be-9d91b3170b6c
[HEARTBEAT] Lightweight heartbeat sent for node f66b4762-c214-41eb-b0be-9d91b3170b6c
[HEARTBEAT] Lightweight heartbeat sent for node f66b4762-c214-41eb-b0be-9d91b3170b6c
[HEARTBEAT] Lightweight heartbeat sent for node f66b4762-c214-41eb-b0be-9d91b3170b6c
[MONITORING] MSG_STATECAPTURE sent (msg #32)
[HEARTBEAT] Lightweight heartbeat sent for node f66b4762-c214-41eb-b0be-9d91b3170b6c
[HEARTBEAT] Lightweight heartbeat sent for node f66b4762-c214-41eb-b0be-9d91b3170b6c
[HEARTBEAT] Lightweight heartbeat sent for node f66b4762-c214-41eb-b0be-9d91b3170b6c
[HEARTBEAT] Lightweight heartbeat sent for node f66b4762-c214-41eb-b0be-9d91b3170b6c
[HEARTBEAT] Lightweight heartbeat sent for node f66b4762-c214-41eb-b0be-9d91b3170b6c
[MONITORING] MSG_STATECAPTURE sent (msg #33)
[HEARTBEAT] Lightweight heartbeat sent for node f66b4762-c214-41eb-b0be-9d91b3170b6c
[HEARTBEAT] Lightweight heartbeat sent for node f66b4762-c214-41eb-b0be-9d91b3170b6c
[HEARTBEAT] Lightweight heartbeat sent for node f66b4762-c214-41eb-b0be-9d91b3170b6c
[HEARTBEAT] Lightweight heartbeat sent for node f66b4762-c214-41eb-b0be-9d91b3170b6c
[HEARTBEAT] Lightweight heartbeat sent for node f66b4762-c214-41eb-b0be-9d91b3170b6c
[MONITORING] MSG_STATECAPTURE sent (msg #34)
[HEARTBEAT] Lightweight heartbeat sent for node f66b4762-c214-41eb-b0be-9d91b3170b6c
[HEARTBEAT] Lightweight heartbeat sent for node f66b4762-c214-41eb-b0be-9d91b3170b6c
[HEARTBEAT] Lightweight heartbeat sent for node f66b4762-c214-41eb-b0be-9d91b3170b6c
[HEARTBEAT] Lightweight heartbeat sent for node f66b4762-c214-41eb-b0be-9d91b3170b6c
[HEARTBEAT] Lightweight heartbeat sent for node f66b4762-c214-41eb-b0be-9d91b3170b6c
[MONITORING] MSG_STATECAPTURE sent (msg #35)
[HEARTBEAT] Lightweight heartbeat sent for node f66b4762-c214-41eb-b0be-9d91b3170b6c
[HEARTBEAT] Lightweight heartbeat sent for node f66b4762-c214-41eb-b0be-9d91b3170b6c
[HEARTBEAT] Lightweight heartbeat sent for node f66b4762-c214-41eb-b0be-9d91b3170b6c
[HEARTBEAT] Lightweight heartbeat sent for node f66b4762-c214-41eb-b0be-9d91b3170b6c
[HEARTBEAT] Lightweight heartbeat sent for node f66b4762-c214-41eb-b0be-9d91b3170b6c
[MONITORING] MSG_STATECAPTURE sent (msg #36)
[HEARTBEAT] Lightweight heartbeat sent for node f66b4762-c214-41eb-b0be-9d91b3170b6c
[HEARTBEAT] Lightweight heartbeat sent for node f66b4762-c214-41eb-b0be-9d91b3170b6c
[HEARTBEAT] Lightweight heartbeat sent for node f66b4762-c214-41eb-b0be-9d91b3170b6c
[HEARTBEAT] Lightweight heartbeat sent for node f66b4762-c214-41eb-b0be-9d91b3170b6c
[HEARTBEAT] Lightweight heartbeat sent for node f66b4762-c214-41eb-b0be-9d91b3170b6c
[MONITORING] MSG_STATECAPTURE sent (msg #37)
[HEARTBEAT] Lightweight heartbeat sent for node f66b4762-c214-41eb-b0be-9d91b3170b6c
[HEARTBEAT] Lightweight heartbeat sent for node f66b4762-c214-41eb-b0be-9d91b3170b6c
[HEARTBEAT] Lightweight heartbeat sent for node f66b4762-c214-41eb-b0be-9d91b3170b6c
[HEARTBEAT] Lightweight heartbeat sent for node f66b4762-c214-41eb-b0be-9d91b3170b6c
[HEARTBEAT] Lightweight heartbeat sent for node f66b4762-c214-41eb-b0be-9d91b3170b6c
[MONITORING] MSG_STATECAPTURE sent (msg #38)
[HEARTBEAT] Lightweight heartbeat sent for node f66b4762-c214-41eb-b0be-9d91b3170b6c
[HEARTBEAT] Lightweight heartbeat sent for node f66b4762-c214-41eb-b0be-9d91b3170b6c
[HEARTBEAT] Lightweight heartbeat sent for node f66b4762-c214-41eb-b0be-9d91b3170b6c
[HEARTBEAT] Lightweight heartbeat sent for node f66b4762-c214-41eb-b0be-9d91b3170b6c
[HEARTBEAT] Lightweight heartbeat sent for node f66b4762-c214-41eb-b0be-9d91b3170b6c
[MONITORING] MSG_STATECAPTURE sent (msg #39)
[HEARTBEAT] Lightweight heartbeat sent for node f66b4762-c214-41eb-b0be-9d91b3170b6c
[HEARTBEAT] Lightweight heartbeat sent for node f66b4762-c214-41eb-b0be-9d91b3170b6c
[HEARTBEAT] Lightweight heartbeat sent for node f66b4762-c214-41eb-b0be-9d91b3170b6c
[HEARTBEAT] Lightweight heartbeat sent for node f66b4762-c214-41eb-b0be-9d91b3170b6c
[HEARTBEAT] Lightweight heartbeat sent for node f66b4762-c214-41eb-b0be-9d91b3170b6c
[MONITORING] MSG_STATECAPTURE sent (msg #40)
[HEARTBEAT] Lightweight heartbeat sent for node f66b4762-c214-41eb-b0be-9d91b3170b6c
[HEARTBEAT] Lightweight heartbeat sent for node f66b4762-c214-41eb-b0be-9d91b3170b6c
[HEARTBEAT] Lightweight heartbeat sent for node f66b4762-c214-41eb-b0be-9d91b3170b6c
[HEARTBEAT] Lightweight heartbeat sent for node f66b4762-c214-41eb-b0be-9d91b3170b6c
[HEARTBEAT] Lightweight heartbeat sent for node f66b4762-c214-41eb-b0be-9d91b3170b6c
[MONITORING] MSG_STATECAPTURE sent (msg #41)
[HEARTBEAT] Lightweight heartbeat sent for node f66b4762-c214-41eb-b0be-9d91b3170b6c
[HEARTBEAT] Lightweight heartbeat sent for node f66b4762-c214-41eb-b0be-9d91b3170b6c
[HEARTBEAT] Lightweight heartbeat sent for node f66b4762-c214-41eb-b0be-9d91b3170b6c
[HEARTBEAT] Lightweight heartbeat sent for node f66b4762-c214-41eb-b0be-9d91b3170b6c
[HEARTBEAT] Lightweight heartbeat sent for node f66b4762-c214-41eb-b0be-9d91b3170b6c
[MONITORING] MSG_STATECAPTURE sent (msg #42)
[HEARTBEAT] Lightweight heartbeat sent for node f66b4762-c214-41eb-b0be-9d91b3170b6c
[HEARTBEAT] Lightweight heartbeat sent for node f66b4762-c214-41eb-b0be-9d91b3170b6c
[HEARTBEAT] Lightweight heartbeat sent for node f66b4762-c214-41eb-b0be-9d91b3170b6c
[HEARTBEAT] Lightweight heartbeat sent for node f66b4762-c214-41eb-b0be-9d91b3170b6c
[HEARTBEAT] Lightweight heartbeat sent for node f66b4762-c214-41eb-b0be-9d91b3170b6c
[MONITORING] MSG_STATECAPTURE sent (msg #43)
[HEARTBEAT] Lightweight heartbeat sent for node f66b4762-c214-41eb-b0be-9d91b3170b6c
[HEARTBEAT] Lightweight heartbeat sent for node f66b4762-c214-41eb-b0be-9d91b3170b6c
[HEARTBEAT] Lightweight heartbeat sent for node f66b4762-c214-41eb-b0be-9d91b3170b6c
[HEARTBEAT] Lightweight heartbeat sent for node f66b4762-c214-41eb-b0be-9d91b3170b6c
[HEARTBEAT] Lightweight heartbeat sent for node f66b4762-c214-41eb-b0be-9d91b3170b6c
[MONITORING] MSG_STATECAPTURE sent (msg #44)
[HEARTBEAT] Lightweight heartbeat sent for node f66b4762-c214-41eb-b0be-9d91b3170b6c
[HEARTBEAT] Lightweight heartbeat sent for node f66b4762-c214-41eb-b0be-9d91b3170b6c
[HEARTBEAT] Lightweight heartbeat sent for node f66b4762-c214-41eb-b0be-9d91b3170b6c
[HEARTBEAT] Lightweight heartbeat sent for node f66b4762-c214-41eb-b0be-9d91b3170b6c
[HEARTBEAT] Lightweight heartbeat sent for node f66b4762-c214-41eb-b0be-9d91b3170b6c
[MONITORING] MSG_STATECAPTURE sent (msg #45)
[HEARTBEAT] Lightweight heartbeat sent for node f66b4762-c214-41eb-b0be-9d91b3170b6c
[HEARTBEAT] Lightweight heartbeat sent for node f66b4762-c214-41eb-b0be-9d91b3170b6c
[HEARTBEAT] Lightweight heartbeat sent for node f66b4762-c214-41eb-b0be-9d91b3170b6c
[HEARTBEAT] Lightweight heartbeat sent for node f66b4762-c214-41eb-b0be-9d91b3170b6c
[HEARTBEAT] Lightweight heartbeat sent for node f66b4762-c214-41eb-b0be-9d91b3170b6c
[MONITORING] MSG_STATECAPTURE sent (msg #46)
[HEARTBEAT] Lightweight heartbeat sent for node f66b4762-c214-41eb-b0be-9d91b3170b6c
[HEARTBEAT] Lightweight heartbeat sent for node f66b4762-c214-41eb-b0be-9d91b3170b6c
[HEARTBEAT] Lightweight heartbeat sent for node f66b4762-c214-41eb-b0be-9d91b3170b6c
[HEARTBEAT] Lightweight heartbeat sent for node f66b4762-c214-41eb-b0be-9d91b3170b6c
[HEARTBEAT] Lightweight heartbeat sent for node f66b4762-c214-41eb-b0be-9d91b3170b6c
[MONITORING] MSG_STATECAPTURE sent (msg #47)
[HEARTBEAT] Lightweight heartbeat sent for node f66b4762-c214-41eb-b0be-9d91b3170b6c
[HEARTBEAT] Lightweight heartbeat sent for node f66b4762-c214-41eb-b0be-9d91b3170b6c
[HEARTBEAT] Lightweight heartbeat sent for node f66b4762-c214-41eb-b0be-9d91b3170b6c
[HEARTBEAT] Lightweight heartbeat sent for node f66b4762-c214-41eb-b0be-9d91b3170b6c
[HEARTBEAT] Lightweight heartbeat sent for node f66b4762-c214-41eb-b0be-9d91b3170b6c
[MONITORING] MSG_STATECAPTURE sent (msg #48)
[HEARTBEAT] Lightweight heartbeat sent for node f66b4762-c214-41eb-b0be-9d91b3170b6c
[HEARTBEAT] Lightweight heartbeat sent for node f66b4762-c214-41eb-b0be-9d91b3170b6c
[HEARTBEAT] Lightweight heartbeat sent for node f66b4762-c214-41eb-b0be-9d91b3170b6c
[HEARTBEAT] Lightweight heartbeat sent for node f66b4762-c214-41eb-b0be-9d91b3170b6c
[HEARTBEAT] Lightweight heartbeat sent for node f66b4762-c214-41eb-b0be-9d91b3170b6c
[MONITORING] MSG_STATECAPTURE sent (msg #49)
[HEARTBEAT] Lightweight heartbeat sent for node f66b4762-c214-41eb-b0be-9d91b3170b6c
[HEARTBEAT] Lightweight heartbeat sent for node f66b4762-c214-41eb-b0be-9d91b3170b6c
[HEARTBEAT] Lightweight heartbeat sent for node f66b4762-c214-41eb-b0be-9d91b3170b6c
[HEARTBEAT] Lightweight heartbeat sent for node f66b4762-c214-41eb-b0be-9d91b3170b6c
[HEARTBEAT] Lightweight heartbeat sent for node f66b4762-c214-41eb-b0be-9d91b3170b6c
[MONITORING] MSG_STATECAPTURE sent (msg #50)
[HEARTBEAT] Lightweight heartbeat sent for node f66b4762-c214-41eb-b0be-9d91b3170b6c
[HEARTBEAT] Lightweight heartbeat sent for node f66b4762-c214-41eb-b0be-9d91b3170b6c
[HEARTBEAT] Lightweight heartbeat sent for node f66b4762-c214-41eb-b0be-9d91b3170b6c
[HEARTBEAT] Lightweight heartbeat sent for node f66b4762-c214-41eb-b0be-9d91b3170b6c
[HEARTBEAT] Lightweight heartbeat sent for node f66b4762-c214-41eb-b0be-9d91b3170b6c
[MONITORING] MSG_STATECAPTURE sent (msg #51)
[HEARTBEAT] Lightweight heartbeat sent for node f66b4762-c214-41eb-b0be-9d91b3170b6c
[HEARTBEAT] Lightweight heartbeat sent for node f66b4762-c214-41eb-b0be-9d91b3170b6c
[HEARTBEAT] Lightweight heartbeat sent for node f66b4762-c214-41eb-b0be-9d91b3170b6c
[HEARTBEAT] Lightweight heartbeat sent for node f66b4762-c214-41eb-b0be-9d91b3170b6c
[HEARTBEAT] Lightweight heartbeat sent for node f66b4762-c214-41eb-b0be-9d91b3170b6c
[MONITORING] MSG_STATECAPTURE sent (msg #52)
[HEARTBEAT] Lightweight heartbeat sent for node f66b4762-c214-41eb-b0be-9d91b3170b6c
[HEARTBEAT] Lightweight heartbeat sent for node f66b4762-c214-41eb-b0be-9d91b3170b6c
[HEARTBEAT] Lightweight heartbeat sent for node f66b4762-c214-41eb-b0be-9d91b3170b6c
[HEARTBEAT] Lightweight heartbeat sent for node f66b4762-c214-41eb-b0be-9d91b3170b6c
[HEARTBEAT] Lightweight heartbeat sent for node f66b4762-c214-41eb-b0be-9d91b3170b6c
[MONITORING] MSG_STATECAPTURE sent (msg #53)
[HEARTBEAT] Lightweight heartbeat sent for node f66b4762-c214-41eb-b0be-9d91b3170b6c
[HEARTBEAT] Lightweight heartbeat sent for node f66b4762-c214-41eb-b0be-9d91b3170b6c
[HEARTBEAT] Lightweight heartbeat sent for node f66b4762-c214-41eb-b0be-9d91b3170b6c
[HEARTBEAT] Lightweight heartbeat sent for node f66b4762-c214-41eb-b0be-9d91b3170b6c
[HEARTBEAT] Lightweight heartbeat sent for node f66b4762-c214-41eb-b0be-9d91b3170b6c
[MONITORING] MSG_STATECAPTURE sent (msg #54)
[HEARTBEAT] Lightweight heartbeat sent for node f66b4762-c214-41eb-b0be-9d91b3170b6c
[HEARTBEAT] Lightweight heartbeat sent for node f66b4762-c214-41eb-b0be-9d91b3170b6c
[HEARTBEAT] Lightweight heartbeat sent for node f66b4762-c214-41eb-b0be-9d91b3170b6c
[HEARTBEAT] Lightweight heartbeat sent for node f66b4762-c214-41eb-b0be-9d91b3170b6c
[HEARTBEAT] Lightweight heartbeat sent for node f66b4762-c214-41eb-b0be-9d91b3170b6c
[MONITORING] MSG_STATECAPTURE sent (msg #55)
[HEARTBEAT] Lightweight heartbeat sent for node f66b4762-c214-41eb-b0be-9d91b3170b6c
[HEARTBEAT] Lightweight heartbeat sent for node f66b4762-c214-41eb-b0be-9d91b3170b6c
[HEARTBEAT] Lightweight heartbeat sent for node f66b4762-c214-41eb-b0be-9d91b3170b6c
[HEARTBEAT] Lightweight heartbeat sent for node f66b4762-c214-41eb-b0be-9d91b3170b6c
[HEARTBEAT] Lightweight heartbeat sent for node f66b4762-c214-41eb-b0be-9d91b3170b6c
[MONITORING] MSG_STATECAPTURE sent (msg #56)
[HEARTBEAT] Lightweight heartbeat sent for node f66b4762-c214-41eb-b0be-9d91b3170b6c
[HEARTBEAT] Lightweight heartbeat sent for node f66b4762-c214-41eb-b0be-9d91b3170b6c
[HEARTBEAT] Lightweight heartbeat sent for node f66b4762-c214-41eb-b0be-9d91b3170b6c
[HEARTBEAT] Lightweight heartbeat sent for node f66b4762-c214-41eb-b0be-9d91b3170b6c
[HEARTBEAT] Lightweight heartbeat sent for node f66b4762-c214-41eb-b0be-9d91b3170b6c
[MONITORING] MSG_STATECAPTURE sent (msg #57)
[HEARTBEAT] Lightweight heartbeat sent for node f66b4762-c214-41eb-b0be-9d91b3170b6c
[HEARTBEAT] Lightweight heartbeat sent for node f66b4762-c214-41eb-b0be-9d91b3170b6c
[HEARTBEAT] Lightweight heartbeat sent for node f66b4762-c214-41eb-b0be-9d91b3170b6c
[HEARTBEAT] Lightweight heartbeat sent for node f66b4762-c214-41eb-b0be-9d91b3170b6c
[HEARTBEAT] Lightweight heartbeat sent for node f66b4762-c214-41eb-b0be-9d91b3170b6c
[MONITORING] MSG_STATECAPTURE sent (msg #58)
[HEARTBEAT] Lightweight heartbeat sent for node f66b4762-c214-41eb-b0be-9d91b3170b6c
[HEARTBEAT] Lightweight heartbeat sent for node f66b4762-c214-41eb-b0be-9d91b3170b6c
[HEARTBEAT] Lightweight heartbeat sent for node f66b4762-c214-41eb-b0be-9d91b3170b6c
[HEARTBEAT] Lightweight heartbeat sent for node f66b4762-c214-41eb-b0be-9d91b3170b6c
[HEARTBEAT] Lightweight heartbeat sent for node f66b4762-c214-41eb-b0be-9d91b3170b6c
[MONITORING] MSG_STATECAPTURE sent (msg #59)
[HEARTBEAT] Lightweight heartbeat sent for node f66b4762-c214-41eb-b0be-9d91b3170b6c
[HEARTBEAT] Lightweight heartbeat sent for node f66b4762-c214-41eb-b0be-9d91b3170b6c
[HEARTBEAT] Lightweight heartbeat sent for node f66b4762-c214-41eb-b0be-9d91b3170b6c
[HEARTBEAT] Lightweight heartbeat sent for node f66b4762-c214-41eb-b0be-9d91b3170b6c
[HEARTBEAT] Lightweight heartbeat sent for node f66b4762-c214-41eb-b0be-9d91b3170b6c
[MONITORING] MSG_STATECAPTURE sent (msg #60)
[HEARTBEAT] Lightweight heartbeat sent for node f66b4762-c214-41eb-b0be-9d91b3170b6c
[HEARTBEAT] Lightweight heartbeat sent for node f66b4762-c214-41eb-b0be-9d91b3170b6c
[HEARTBEAT] Lightweight heartbeat sent for node f66b4762-c214-41eb-b0be-9d91b3170b6c
[NET] PROG
Received Program 
[Master] Generated ./progs/controller_ip.c with controller IP: 192.168.30.7
[Master] Saved program to ./progs/9c74177c-6cda-4e94-8281-b184a1d2b4a3.c
[Master] Parsing: Parser/build/mytool ./progs/9c74177c-6cda-4e94-8281-b184a1d2b4a3.c -- -I. > ./progs/9c74177c-6cda-4e94-8281-b184a1d2b4a3.c.parse_err 2>&1
[Master] Parsed output: ./progs/9c74177c-6cda-4e94-8281-b184a1d2b4a3.c_parsed.c
[Master] Compiling program: gcc ./progs/9c74177c-6cda-4e94-8281-b184a1d2b4a3.c_parsed.c ./progs/controller_ip.c Execution_Master/utils/master_exec.c Execution_Master/utils/orchestrator.c Execution_Master/utils/parallax_team.c Execution_Master/utils/barrier.c Execution_Master/utils/net_utils.c Agent_Init/network/network_agent.c Agent_Init/network/ms_queue.c Agent_Init/network/socket.c Agent_Init/network/linked_list.c -IExecution_Master/utils/ -IAgent_Init/network/ -Iparallax/ -I. -pthread -o ./progs/bin_9c74177c-6cda-4e94-8281-b184a1d2b4a3.c > ./progs/9c74177c-6cda-4e94-8281-b184a1d2b4a3.c.compile_err 2>&1
[HEARTBEAT] Lightweight heartbeat sent for node f66b4762-c214-41eb-b0be-9d91b3170b6c
[Master] Program compiled successfully.
[Master] Executing program, output -> ./progs/9c74177c-6cda-4e94-8281-b184a1d2b4a3.c.log
[NET] dNcKbbm
[NET] 5GREDM1
[NET] HoNoKi8
[NET] SXhG6Cr
[Master] Program finished. Log at: ./progs/9c74177c-6cda-4e94-8281-b184a1d2b4a3.c.log
[Master] Execution log sent to controller (status=OK)
[HEARTBEAT] Lightweight heartbeat sent for node f66b4762-c214-41eb-b0be-9d91b3170b6c
[MONITORING] MSG_STATECAPTURE sent (msg #61)
[HEARTBEAT] Lightweight heartbeat sent for node f66b4762-c214-41eb-b0be-9d91b3170b6c
[HEARTBEAT] Lightweight heartbeat sent for node f66b4762-c214-41eb-b0be-9d91b3170b6c
[HEARTBEAT] Lightweight heartbeat sent for node f66b4762-c214-41eb-b0be-9d91b3170b6c
[HEARTBEAT] Lightweight heartbeat sent for node f66b4762-c214-41eb-b0be-9d91b3170b6c
[HEARTBEAT] Lightweight heartbeat sent for node f66b4762-c214-41eb-b0be-9d91b3170b6c
[MONITORING] MSG_STATECAPTURE sent (msg #62)
[HEARTBEAT] Lightweight heartbeat sent for node f66b4762-c214-41eb-b0be-9d91b3170b6c
[HEARTBEAT] Lightweight heartbeat sent for node f66b4762-c214-41eb-b0be-9d91b3170b6c
[HEARTBEAT] Lightweight heartbeat sent for node f66b4762-c214-41eb-b0be-9d91b3170b6c
[HEARTBEAT] Lightweight heartbeat sent for node f66b4762-c214-41eb-b0be-9d91b3170b6c
[HEARTBEAT] Lightweight heartbeat sent for node f66b4762-c214-41eb-b0be-9d91b3170b6c
[MONITORING] MSG_STATECAPTURE sent (msg #63)
[HEARTBEAT] Lightweight heartbeat sent for node f66b4762-c214-41eb-b0be-9d91b3170b6c
[HEARTBEAT] Lightweight heartbeat sent for node f66b4762-c214-41eb-b0be-9d91b3170b6c
[HEARTBEAT] Lightweight heartbeat sent for node f66b4762-c214-41eb-b0be-9d91b3170b6c
[HEARTBEAT] Lightweight heartbeat sent for node f66b4762-c214-41eb-b0be-9d91b3170b6c
[HEARTBEAT] Lightweight heartbeat sent for node f66b4762-c214-41eb-b0be-9d91b3170b6c
[MONITORING] MSG_STATECAPTURE sent (msg #64)
[HEARTBEAT] Lightweight heartbeat sent for node f66b4762-c214-41eb-b0be-9d91b3170b6c
[HEARTBEAT] Lightweight heartbeat sent for node f66b4762-c214-41eb-b0be-9d91b3170b6c
[HEARTBEAT] Lightweight heartbeat sent for node f66b4762-c214-41eb-b0be-9d91b3170b6c
[HEARTBEAT] Lightweight heartbeat sent for node f66b4762-c214-41eb-b0be-9d91b3170b6c
[HEARTBEAT] Lightweight heartbeat sent for node f66b4762-c214-41eb-b0be-9d91b3170b6c
[MONITORING] MSG_STATECAPTURE sent (msg #65)
[HEARTBEAT] Lightweight heartbeat sent for node f66b4762-c214-41eb-b0be-9d91b3170b6c
[HEARTBEAT] Lightweight heartbeat sent for node f66b4762-c214-41eb-b0be-9d91b3170b6c
[HEARTBEAT] Lightweight heartbeat sent for node f66b4762-c214-41eb-b0be-9d91b3170b6c
[HEARTBEAT] Lightweight heartbeat sent for node f66b4762-c214-41eb-b0be-9d91b3170b6c
[HEARTBEAT] Lightweight heartbeat sent for node f66b4762-c214-41eb-b0be-9d91b3170b6c
[MONITORING] MSG_STATECAPTURE sent (msg #66)
[HEARTBEAT] Lightweight heartbeat sent for node f66b4762-c214-41eb-b0be-9d91b3170b6c
[HEARTBEAT] Lightweight heartbeat sent for node f66b4762-c214-41eb-b0be-9d91b3170b6c
[HEARTBEAT] Lightweight heartbeat sent for node f66b4762-c214-41eb-b0be-9d91b3170b6c
[HEARTBEAT] Lightweight heartbeat sent for node f66b4762-c214-41eb-b0be-9d91b3170b6c
[HEARTBEAT] Lightweight heartbeat sent for node f66b4762-c214-41eb-b0be-9d91b3170b6c
[MONITORING] MSG_STATECAPTURE sent (msg #67)
[HEARTBEAT] Lightweight heartbeat sent for node f66b4762-c214-41eb-b0be-9d91b3170b6c
[HEARTBEAT] Lightweight heartbeat sent for node f66b4762-c214-41eb-b0be-9d91b3170b6c
[HEARTBEAT] Lightweight heartbeat sent for node f66b4762-c214-41eb-b0be-9d91b3170b6c
[HEARTBEAT] Lightweight heartbeat sent for node f66b4762-c214-41eb-b0be-9d91b3170b6c
[HEARTBEAT] Lightweight heartbeat sent for node f66b4762-c214-41eb-b0be-9d91b3170b6c
[MONITORING] MSG_STATECAPTURE sent (msg #68)
[HEARTBEAT] Lightweight heartbeat sent for node f66b4762-c214-41eb-b0be-9d91b3170b6c
[HEARTBEAT] Lightweight heartbeat sent for node f66b4762-c214-41eb-b0be-9d91b3170b6c
[HEARTBEAT] Lightweight heartbeat sent for node f66b4762-c214-41eb-b0be-9d91b3170b6c
[HEARTBEAT] Lightweight heartbeat sent for node f66b4762-c214-41eb-b0be-9d91b3170b6c
[HEARTBEAT] Lightweight heartbeat sent for node f66b4762-c214-41eb-b0be-9d91b3170b6c
[MONITORING] MSG_STATECAPTURE sent (msg #69)
[HEARTBEAT] Lightweight heartbeat sent for node f66b4762-c214-41eb-b0be-9d91b3170b6c
[HEARTBEAT] Lightweight heartbeat sent for node f66b4762-c214-41eb-b0be-9d91b3170b6c
[HEARTBEAT] Lightweight heartbeat sent for node f66b4762-c214-41eb-b0be-9d91b3170b6c
[HEARTBEAT] Lightweight heartbeat sent for node f66b4762-c214-41eb-b0be-9d91b3170b6c
[HEARTBEAT] Lightweight heartbeat sent for node f66b4762-c214-41eb-b0be-9d91b3170b6c
[MONITORING] MSG_STATECAPTURE sent (msg #70)
[HEARTBEAT] Lightweight heartbeat sent for node f66b4762-c214-41eb-b0be-9d91b3170b6c
[HEARTBEAT] Lightweight heartbeat sent for node f66b4762-c214-41eb-b0be-9d91b3170b6c
[HEARTBEAT] Lightweight heartbeat sent for node f66b4762-c214-41eb-b0be-9d91b3170b6c
[HEARTBEAT] Lightweight heartbeat sent for node f66b4762-c214-41eb-b0be-9d91b3170b6c
[HEARTBEAT] Lightweight heartbeat sent for node f66b4762-c214-41eb-b0be-9d91b3170b6c
[MONITORING] MSG_STATECAPTURE sent (msg #71)
[HEARTBEAT] Lightweight heartbeat sent for node f66b4762-c214-41eb-b0be-9d91b3170b6c
[HEARTBEAT] Lightweight heartbeat sent for node f66b4762-c214-41eb-b0be-9d91b3170b6c
[HEARTBEAT] Lightweight heartbeat sent for node f66b4762-c214-41eb-b0be-9d91b3170b6c
[HEARTBEAT] Lightweight heartbeat sent for node f66b4762-c214-41eb-b0be-9d91b3170b6c
[HEARTBEAT] Lightweight heartbeat sent for node f66b4762-c214-41eb-b0be-9d91b3170b6c
[MONITORING] MSG_STATECAPTURE sent (msg #72)
[HEARTBEAT] Lightweight heartbeat sent for node f66b4762-c214-41eb-b0be-9d91b3170b6c
[HEARTBEAT] Lightweight heartbeat sent for node f66b4762-c214-41eb-b0be-9d91b3170b6c
[HEARTBEAT] Lightweight heartbeat sent for node f66b4762-c214-41eb-b0be-9d91b3170b6c
[HEARTBEAT] Lightweight heartbeat sent for node f66b4762-c214-41eb-b0be-9d91b3170b6c
[HEARTBEAT] Lightweight heartbeat sent for node f66b4762-c214-41eb-b0be-9d91b3170b6c
[MONITORING] MSG_STATECAPTURE sent (msg #73)
[HEARTBEAT] Lightweight heartbeat sent for node f66b4762-c214-41eb-b0be-9d91b3170b6c
[HEARTBEAT] Lightweight heartbeat sent for node f66b4762-c214-41eb-b0be-9d91b3170b6c
[NET] PROG
Received Program 
[Master] Generated ./progs/controller_ip.c with controller IP: 192.168.30.7
[Master] Saved program to ./progs/fdb24cb7-665b-4d35-96a3-11bfe2ef8a04.c
[Master] Parsing: Parser/build/mytool ./progs/fdb24cb7-665b-4d35-96a3-11bfe2ef8a04.c -- -I. > ./progs/fdb24cb7-665b-4d35-96a3-11bfe2ef8a04.c.parse_err 2>&1
[Master] Parsed output: ./progs/fdb24cb7-665b-4d35-96a3-11bfe2ef8a04.c_parsed.c
[Master] Compiling program: gcc ./progs/fdb24cb7-665b-4d35-96a3-11bfe2ef8a04.c_parsed.c ./progs/controller_ip.c Execution_Master/utils/master_exec.c Execution_Master/utils/orchestrator.c Execution_Master/utils/parallax_team.c Execution_Master/utils/barrier.c Execution_Master/utils/net_utils.c Agent_Init/network/network_agent.c Agent_Init/network/ms_queue.c Agent_Init/network/socket.c Agent_Init/network/linked_list.c -IExecution_Master/utils/ -IAgent_Init/network/ -Iparallax/ -I. -pthread -o ./progs/bin_fdb24cb7-665b-4d35-96a3-11bfe2ef8a04.c > ./progs/fdb24cb7-665b-4d35-96a3-11bfe2ef8a04.c.compile_err 2>&1
[Master] Program compiled successfully.
[Master] Executing program, output -> ./progs/fdb24cb7-665b-4d35-96a3-11bfe2ef8a04.c.log
[NET] XSQtuFk
[NET] Prh3ilw
[HEARTBEAT] Lightweight heartbeat sent for node f66b4762-c214-41eb-b0be-9d91b3170b6c
[NET] T8OyACb
[NET] dPpwWnG
[Master] Program finished. Log at: ./progs/fdb24cb7-665b-4d35-96a3-11bfe2ef8a04.c.log
[Master] Execution log sent to controller (status=OK)
[HEARTBEAT] Lightweight heartbeat sent for node f66b4762-c214-41eb-b0be-9d91b3170b6c
[HEARTBEAT] Lightweight heartbeat sent for node f66b4762-c214-41eb-b0be-9d91b3170b6c
[MONITORING] MSG_STATECAPTURE sent (msg #74)
[HEARTBEAT] Lightweight heartbeat sent for node f66b4762-c214-41eb-b0be-9d91b3170b6c
[HEARTBEAT] Lightweight heartbeat sent for node f66b4762-c214-41eb-b0be-9d91b3170b6c
[HEARTBEAT] Lightweight heartbeat sent for node f66b4762-c214-41eb-b0be-9d91b3170b6c
[HEARTBEAT] Lightweight heartbeat sent for node f66b4762-c214-41eb-b0be-9d91b3170b6c
[HEARTBEAT] Lightweight heartbeat sent for node f66b4762-c214-41eb-b0be-9d91b3170b6c
[MONITORING] MSG_STATECAPTURE sent (msg #75)
[HEARTBEAT] Lightweight heartbeat sent for node f66b4762-c214-41eb-b0be-9d91b3170b6c
[HEARTBEAT] Lightweight heartbeat sent for node f66b4762-c214-41eb-b0be-9d91b3170b6c
[HEARTBEAT] Lightweight heartbeat sent for node f66b4762-c214-41eb-b0be-9d91b3170b6c
[HEARTBEAT] Lightweight heartbeat sent for node f66b4762-c214-41eb-b0be-9d91b3170b6c
[HEARTBEAT] Lightweight heartbeat sent for node f66b4762-c214-41eb-b0be-9d91b3170b6c
[MONITORING] MSG_STATECAPTURE sent (msg #76)
[HEARTBEAT] Lightweight heartbeat sent for node f66b4762-c214-41eb-b0be-9d91b3170b6c
[HEARTBEAT] Lightweight heartbeat sent for node f66b4762-c214-41eb-b0be-9d91b3170b6c
[HEARTBEAT] Lightweight heartbeat sent for node f66b4762-c214-41eb-b0be-9d91b3170b6c
[HEARTBEAT] Lightweight heartbeat sent for node f66b4762-c214-41eb-b0be-9d91b3170b6c
[HEARTBEAT] Lightweight heartbeat sent for node f66b4762-c214-41eb-b0be-9d91b3170b6c
[MONITORING] MSG_STATECAPTURE sent (msg #77)
[HEARTBEAT] Lightweight heartbeat sent for node f66b4762-c214-41eb-b0be-9d91b3170b6c
[HEARTBEAT] Lightweight heartbeat sent for node f66b4762-c214-41eb-b0be-9d91b3170b6c
[HEARTBEAT] Lightweight heartbeat sent for node f66b4762-c214-41eb-b0be-9d91b3170b6c
[HEARTBEAT] Lightweight heartbeat sent for node f66b4762-c214-41eb-b0be-9d91b3170b6c
[HEARTBEAT] Lightweight heartbeat sent for node f66b4762-c214-41eb-b0be-9d91b3170b6c
[MONITORING] MSG_STATECAPTURE sent (msg #78)
[HEARTBEAT] Lightweight heartbeat sent for node f66b4762-c214-41eb-b0be-9d91b3170b6c
[HEARTBEAT] Lightweight heartbeat sent for node f66b4762-c214-41eb-b0be-9d91b3170b6c
[HEARTBEAT] Lightweight heartbeat sent for node f66b4762-c214-41eb-b0be-9d91b3170b6c
[HEARTBEAT] Lightweight heartbeat sent for node f66b4762-c214-41eb-b0be-9d91b3170b6c
[HEARTBEAT] Lightweight heartbeat sent for node f66b4762-c214-41eb-b0be-9d91b3170b6c
[MONITORING] MSG_STATECAPTURE sent (msg #79)
[HEARTBEAT] Lightweight heartbeat sent for node f66b4762-c214-41eb-b0be-9d91b3170b6c
[HEARTBEAT] Lightweight heartbeat sent for node f66b4762-c214-41eb-b0be-9d91b3170b6c
[HEARTBEAT] Lightweight heartbeat sent for node f66b4762-c214-41eb-b0be-9d91b3170b6c
[HEARTBEAT] Lightweight heartbeat sent for node f66b4762-c214-41eb-b0be-9d91b3170b6c
[HEARTBEAT] Lightweight heartbeat sent for node f66b4762-c214-41eb-b0be-9d91b3170b6c
[MONITORING] MSG_STATECAPTURE sent (msg #80)
[HEARTBEAT] Lightweight heartbeat sent for node f66b4762-c214-41eb-b0be-9d91b3170b6c
[HEARTBEAT] Lightweight heartbeat sent for node f66b4762-c214-41eb-b0be-9d91b3170b6c
[HEARTBEAT] Lightweight heartbeat sent for node f66b4762-c214-41eb-b0be-9d91b3170b6c
[HEARTBEAT] Lightweight heartbeat sent for node f66b4762-c214-41eb-b0be-9d91b3170b6c
[HEARTBEAT] Lightweight heartbeat sent for node f66b4762-c214-41eb-b0be-9d91b3170b6c
[MONITORING] MSG_STATECAPTURE sent (msg #81)
[HEARTBEAT] Lightweight heartbeat sent for node f66b4762-c214-41eb-b0be-9d91b3170b6c
[HEARTBEAT] Lightweight heartbeat sent for node f66b4762-c214-41eb-b0be-9d91b3170b6c
[HEARTBEAT] Lightweight heartbeat sent for node f66b4762-c214-41eb-b0be-9d91b3170b6c
[HEARTBEAT] Lightweight heartbeat sent for node f66b4762-c214-41eb-b0be-9d91b3170b6c
[HEARTBEAT] Lightweight heartbeat sent for node f66b4762-c214-41eb-b0be-9d91b3170b6c
[MONITORING] MSG_STATECAPTURE sent (msg #82)
[HEARTBEAT] Lightweight heartbeat sent for node f66b4762-c214-41eb-b0be-9d91b3170b6c
[HEARTBEAT] Lightweight heartbeat sent for node f66b4762-c214-41eb-b0be-9d91b3170b6c
[HEARTBEAT] Lightweight heartbeat sent for node f66b4762-c214-41eb-b0be-9d91b3170b6c
[HEARTBEAT] Lightweight heartbeat sent for node f66b4762-c214-41eb-b0be-9d91b3170b6c
[HEARTBEAT] Lightweight heartbeat sent for node f66b4762-c214-41eb-b0be-9d91b3170b6c
[MONITORING] MSG_STATECAPTURE sent (msg #83)
[HEARTBEAT] Lightweight heartbeat sent for node f66b4762-c214-41eb-b0be-9d91b3170b6c
[HEARTBEAT] Lightweight heartbeat sent for node f66b4762-c214-41eb-b0be-9d91b3170b6c
[HEARTBEAT] Lightweight heartbeat sent for node f66b4762-c214-41eb-b0be-9d91b3170b6c
[HEARTBEAT] Lightweight heartbeat sent for node f66b4762-c214-41eb-b0be-9d91b3170b6c
[HEARTBEAT] Lightweight heartbeat sent for node f66b4762-c214-41eb-b0be-9d91b3170b6c
[MONITORING] MSG_STATECAPTURE sent (msg #84)
[HEARTBEAT] Lightweight heartbeat sent for node f66b4762-c214-41eb-b0be-9d91b3170b6c
[HEARTBEAT] Lightweight heartbeat sent for node f66b4762-c214-41eb-b0be-9d91b3170b6c
[HEARTBEAT] Lightweight heartbeat sent for node f66b4762-c214-41eb-b0be-9d91b3170b6c
[HEARTBEAT] Lightweight heartbeat sent for node f66b4762-c214-41eb-b0be-9d91b3170b6c
[HEARTBEAT] Lightweight heartbeat sent for node f66b4762-c214-41eb-b0be-9d91b3170b6c
[MONITORING] MSG_STATECAPTURE sent (msg #85)
[HEARTBEAT] Lightweight heartbeat sent for node f66b4762-c214-41eb-b0be-9d91b3170b6c
[HEARTBEAT] Lightweight heartbeat sent for node f66b4762-c214-41eb-b0be-9d91b3170b6c
[HEARTBEAT] Lightweight heartbeat sent for node f66b4762-c214-41eb-b0be-9d91b3170b6c
[HEARTBEAT] Lightweight heartbeat sent for node f66b4762-c214-41eb-b0be-9d91b3170b6c
[HEARTBEAT] Lightweight heartbeat sent for node f66b4762-c214-41eb-b0be-9d91b3170b6c
[MONITORING] MSG_STATECAPTURE sent (msg #86)
[HEARTBEAT] Lightweight heartbeat sent for node f66b4762-c214-41eb-b0be-9d91b3170b6c
[HEARTBEAT] Lightweight heartbeat sent for node f66b4762-c214-41eb-b0be-9d91b3170b6c
[HEARTBEAT] Lightweight heartbeat sent for node f66b4762-c214-41eb-b0be-9d91b3170b6c
[HEARTBEAT] Lightweight heartbeat sent for node f66b4762-c214-41eb-b0be-9d91b3170b6c
[HEARTBEAT] Lightweight heartbeat sent for node f66b4762-c214-41eb-b0be-9d91b3170b6c
[MONITORING] MSG_STATECAPTURE sent (msg #87)
[HEARTBEAT] Lightweight heartbeat sent for node f66b4762-c214-41eb-b0be-9d91b3170b6c
[HEARTBEAT] Lightweight heartbeat sent for node f66b4762-c214-41eb-b0be-9d91b3170b6c
[HEARTBEAT] Lightweight heartbeat sent for node f66b4762-c214-41eb-b0be-9d91b3170b6c
[HEARTBEAT] Lightweight heartbeat sent for node f66b4762-c214-41eb-b0be-9d91b3170b6c
[HEARTBEAT] Lightweight heartbeat sent for node f66b4762-c214-41eb-b0be-9d91b3170b6c
[MONITORING] MSG_STATECAPTURE sent (msg #88)
[HEARTBEAT] Lightweight heartbeat sent for node f66b4762-c214-41eb-b0be-9d91b3170b6c
[HEARTBEAT] Lightweight heartbeat sent for node f66b4762-c214-41eb-b0be-9d91b3170b6c
[HEARTBEAT] Lightweight heartbeat sent for node f66b4762-c214-41eb-b0be-9d91b3170b6c
[HEARTBEAT] Lightweight heartbeat sent for node f66b4762-c214-41eb-b0be-9d91b3170b6c
[HEARTBEAT] Lightweight heartbeat sent for node f66b4762-c214-41eb-b0be-9d91b3170b6c
[MONITORING] MSG_STATECAPTURE sent (msg #89)
[HEARTBEAT] Lightweight heartbeat sent for node f66b4762-c214-41eb-b0be-9d91b3170b6c
[HEARTBEAT] Lightweight heartbeat sent for node f66b4762-c214-41eb-b0be-9d91b3170b6c
[HEARTBEAT] Lightweight heartbeat sent for node f66b4762-c214-41eb-b0be-9d91b3170b6c
[HEARTBEAT] Lightweight heartbeat sent for node f66b4762-c214-41eb-b0be-9d91b3170b6c
[HEARTBEAT] Lightweight heartbeat sent for node f66b4762-c214-41eb-b0be-9d91b3170b6c
[MONITORING] MSG_STATECAPTURE sent (msg #90)
[HEARTBEAT] Lightweight heartbeat sent for node f66b4762-c214-41eb-b0be-9d91b3170b6c
[HEARTBEAT] Lightweight heartbeat sent for node f66b4762-c214-41eb-b0be-9d91b3170b6c
[HEARTBEAT] Lightweight heartbeat sent for node f66b4762-c214-41eb-b0be-9d91b3170b6c
[HEARTBEAT] Lightweight heartbeat sent for node f66b4762-c214-41eb-b0be-9d91b3170b6c
[HEARTBEAT] Lightweight heartbeat sent for node f66b4762-c214-41eb-b0be-9d91b3170b6c
[MONITORING] MSG_STATECAPTURE sent (msg #91)
[HEARTBEAT] Lightweight heartbeat sent for node f66b4762-c214-41eb-b0be-9d91b3170b6c
[HEARTBEAT] Lightweight heartbeat sent for node f66b4762-c214-41eb-b0be-9d91b3170b6c
[HEARTBEAT] Lightweight heartbeat sent for node f66b4762-c214-41eb-b0be-9d91b3170b6c
[HEARTBEAT] Lightweight heartbeat sent for node f66b4762-c214-41eb-b0be-9d91b3170b6c
[HEARTBEAT] Lightweight heartbeat sent for node f66b4762-c214-41eb-b0be-9d91b3170b6c
[MONITORING] MSG_STATECAPTURE sent (msg #92)
[HEARTBEAT] Lightweight heartbeat sent for node f66b4762-c214-41eb-b0be-9d91b3170b6c
[HEARTBEAT] Lightweight heartbeat sent for node f66b4762-c214-41eb-b0be-9d91b3170b6c
[HEARTBEAT] Lightweight heartbeat sent for node f66b4762-c214-41eb-b0be-9d91b3170b6c
[HEARTBEAT] Lightweight heartbeat sent for node f66b4762-c214-41eb-b0be-9d91b3170b6c
[HEARTBEAT] Lightweight heartbeat sent for node f66b4762-c214-41eb-b0be-9d91b3170b6c
[MONITORING] MSG_STATECAPTURE sent (msg #93)
[HEARTBEAT] Lightweight heartbeat sent for node f66b4762-c214-41eb-b0be-9d91b3170b6c
[HEARTBEAT] Lightweight heartbeat sent for node f66b4762-c214-41eb-b0be-9d91b3170b6c
[HEARTBEAT] Lightweight heartbeat sent for node f66b4762-c214-41eb-b0be-9d91b3170b6c
[HEARTBEAT] Lightweight heartbeat sent for node f66b4762-c214-41eb-b0be-9d91b3170b6c
[HEARTBEAT] Lightweight heartbeat sent for node f66b4762-c214-41eb-b0be-9d91b3170b6c
[MONITORING] MSG_STATECAPTURE sent (msg #94)
[HEARTBEAT] Lightweight heartbeat sent for node f66b4762-c214-41eb-b0be-9d91b3170b6c
[HEARTBEAT] Lightweight heartbeat sent for node f66b4762-c214-41eb-b0be-9d91b3170b6c
[HEARTBEAT] Lightweight heartbeat sent for node f66b4762-c214-41eb-b0be-9d91b3170b6c
[HEARTBEAT] Lightweight heartbeat sent for node f66b4762-c214-41eb-b0be-9d91b3170b6c
[HEARTBEAT] Lightweight heartbeat sent for node f66b4762-c214-41eb-b0be-9d91b3170b6c
[MONITORING] MSG_STATECAPTURE sent (msg #95)
[HEARTBEAT] Lightweight heartbeat sent for node f66b4762-c214-41eb-b0be-9d91b3170b6c
[HEARTBEAT] Lightweight heartbeat sent for node f66b4762-c214-41eb-b0be-9d91b3170b6c
[HEARTBEAT] Lightweight heartbeat sent for node f66b4762-c214-41eb-b0be-9d91b3170b6c
[HEARTBEAT] Lightweight heartbeat sent for node f66b4762-c214-41eb-b0be-9d91b3170b6c
[HEARTBEAT] Lightweight heartbeat sent for node f66b4762-c214-41eb-b0be-9d91b3170b6c
[MONITORING] MSG_STATECAPTURE sent (msg #96)
[HEARTBEAT] Lightweight heartbeat sent for node f66b4762-c214-41eb-b0be-9d91b3170b6c
[HEARTBEAT] Lightweight heartbeat sent for node f66b4762-c214-41eb-b0be-9d91b3170b6c
[HEARTBEAT] Lightweight heartbeat sent for node f66b4762-c214-41eb-b0be-9d91b3170b6c
[HEARTBEAT] Lightweight heartbeat sent for node f66b4762-c214-41eb-b0be-9d91b3170b6c
[HEARTBEAT] Lightweight heartbeat sent for node f66b4762-c214-41eb-b0be-9d91b3170b6c
[MONITORING] MSG_STATECAPTURE sent (msg #97)
[HEARTBEAT] Lightweight heartbeat sent for node f66b4762-c214-41eb-b0be-9d91b3170b6c
[HEARTBEAT] Lightweight heartbeat sent for node f66b4762-c214-41eb-b0be-9d91b3170b6c
[HEARTBEAT] Lightweight heartbeat sent for node f66b4762-c214-41eb-b0be-9d91b3170b6c
[HEARTBEAT] Lightweight heartbeat sent for node f66b4762-c214-41eb-b0be-9d91b3170b6c
[HEARTBEAT] Lightweight heartbeat sent for node f66b4762-c214-41eb-b0be-9d91b3170b6c
[MONITORING] MSG_STATECAPTURE sent (msg #98)
[HEARTBEAT] Lightweight heartbeat sent for node f66b4762-c214-41eb-b0be-9d91b3170b6c
[HEARTBEAT] Lightweight heartbeat sent for node f66b4762-c214-41eb-b0be-9d91b3170b6c
[HEARTBEAT] Lightweight heartbeat sent for node f66b4762-c214-41eb-b0be-9d91b3170b6c
[HEARTBEAT] Lightweight heartbeat sent for node f66b4762-c214-41eb-b0be-9d91b3170b6c
[HEARTBEAT] Lightweight heartbeat sent for node f66b4762-c214-41eb-b0be-9d91b3170b6c
[MONITORING] MSG_STATECAPTURE sent (msg #99)
[HEARTBEAT] Lightweight heartbeat sent for node f66b4762-c214-41eb-b0be-9d91b3170b6c
[HEARTBEAT] Lightweight heartbeat sent for node f66b4762-c214-41eb-b0be-9d91b3170b6c
[HEARTBEAT] Lightweight heartbeat sent for node f66b4762-c214-41eb-b0be-9d91b3170b6c
[HEARTBEAT] Lightweight heartbeat sent for node f66b4762-c214-41eb-b0be-9d91b3170b6c
[HEARTBEAT] Lightweight heartbeat sent for node f66b4762-c214-41eb-b0be-9d91b3170b6c
[MONITORING] MSG_STATECAPTURE sent (msg #100)
[HEARTBEAT] Lightweight heartbeat sent for node f66b4762-c214-41eb-b0be-9d91b3170b6c
[HEARTBEAT] Lightweight heartbeat sent for node f66b4762-c214-41eb-b0be-9d91b3170b6c
[HEARTBEAT] Lightweight heartbeat sent for node f66b4762-c214-41eb-b0be-9d91b3170b6c
[HEARTBEAT] Lightweight heartbeat sent for node f66b4762-c214-41eb-b0be-9d91b3170b6c
[HEARTBEAT] Lightweight heartbeat sent for node f66b4762-c214-41eb-b0be-9d91b3170b6c
[MONITORING] MSG_STATECAPTURE sent (msg #101)
[HEARTBEAT] Lightweight heartbeat sent for node f66b4762-c214-41eb-b0be-9d91b3170b6c
[HEARTBEAT] Lightweight heartbeat sent for node f66b4762-c214-41eb-b0be-9d91b3170b6c
[HEARTBEAT] Lightweight heartbeat sent for node f66b4762-c214-41eb-b0be-9d91b3170b6c
[HEARTBEAT] Lightweight heartbeat sent for node f66b4762-c214-41eb-b0be-9d91b3170b6c
[HEARTBEAT] Lightweight heartbeat sent for node f66b4762-c214-41eb-b0be-9d91b3170b6c
[MONITORING] MSG_STATECAPTURE sent (msg #102)
[HEARTBEAT] Lightweight heartbeat sent for node f66b4762-c214-41eb-b0be-9d91b3170b6c
[HEARTBEAT] Lightweight heartbeat sent for node f66b4762-c214-41eb-b0be-9d91b3170b6c
[HEARTBEAT] Lightweight heartbeat sent for node f66b4762-c214-41eb-b0be-9d91b3170b6c
[HEARTBEAT] Lightweight heartbeat sent for node f66b4762-c214-41eb-b0be-9d91b3170b6c
[HEARTBEAT] Lightweight heartbeat sent for node f66b4762-c214-41eb-b0be-9d91b3170b6c
[MONITORING] MSG_STATECAPTURE sent (msg #103)
[HEARTBEAT] Lightweight heartbeat sent for node f66b4762-c214-41eb-b0be-9d91b3170b6c
[HEARTBEAT] Lightweight heartbeat sent for node f66b4762-c214-41eb-b0be-9d91b3170b6c
[HEARTBEAT] Lightweight heartbeat sent for node f66b4762-c214-41eb-b0be-9d91b3170b6c
[HEARTBEAT] Lightweight heartbeat sent for node f66b4762-c214-41eb-b0be-9d91b3170b6c
[HEARTBEAT] Lightweight heartbeat sent for node f66b4762-c214-41eb-b0be-9d91b3170b6c
[MONITORING] MSG_STATECAPTURE sent (msg #104)
[HEARTBEAT] Lightweight heartbeat sent for node f66b4762-c214-41eb-b0be-9d91b3170b6c
[HEARTBEAT] Lightweight heartbeat sent for node f66b4762-c214-41eb-b0be-9d91b3170b6c
[HEARTBEAT] Lightweight heartbeat sent for node f66b4762-c214-41eb-b0be-9d91b3170b6c
[HEARTBEAT] Lightweight heartbeat sent for node f66b4762-c214-41eb-b0be-9d91b3170b6c
[HEARTBEAT] Lightweight heartbeat sent for node f66b4762-c214-41eb-b0be-9d91b3170b6c
[MONITORING] MSG_STATECAPTURE sent (msg #105)
[HEARTBEAT] Lightweight heartbeat sent for node f66b4762-c214-41eb-b0be-9d91b3170b6c
[HEARTBEAT] Lightweight heartbeat sent for node f66b4762-c214-41eb-b0be-9d91b3170b6c
[HEARTBEAT] Lightweight heartbeat sent for node f66b4762-c214-41eb-b0be-9d91b3170b6c
[HEARTBEAT] Lightweight heartbeat sent for node f66b4762-c214-41eb-b0be-9d91b3170b6c
[HEARTBEAT] Lightweight heartbeat sent for node f66b4762-c214-41eb-b0be-9d91b3170b6c
[MONITORING] MSG_STATECAPTURE sent (msg #106)
[HEARTBEAT] Lightweight heartbeat sent for node f66b4762-c214-41eb-b0be-9d91b3170b6c
[HEARTBEAT] Lightweight heartbeat sent for node f66b4762-c214-41eb-b0be-9d91b3170b6c
[HEARTBEAT] Lightweight heartbeat sent for node f66b4762-c214-41eb-b0be-9d91b3170b6c
[HEARTBEAT] Lightweight heartbeat sent for node f66b4762-c214-41eb-b0be-9d91b3170b6c
[HEARTBEAT] Lightweight heartbeat sent for node f66b4762-c214-41eb-b0be-9d91b3170b6c
[MONITORING] MSG_STATECAPTURE sent (msg #107)
[HEARTBEAT] Lightweight heartbeat sent for node f66b4762-c214-41eb-b0be-9d91b3170b6c
[HEARTBEAT] Lightweight heartbeat sent for node f66b4762-c214-41eb-b0be-9d91b3170b6c
[HEARTBEAT] Lightweight heartbeat sent for node f66b4762-c214-41eb-b0be-9d91b3170b6c
[HEARTBEAT] Lightweight heartbeat sent for node f66b4762-c214-41eb-b0be-9d91b3170b6c
[HEARTBEAT] Lightweight heartbeat sent for node f66b4762-c214-41eb-b0be-9d91b3170b6c
[MONITORING] MSG_STATECAPTURE sent (msg #108)
[HEARTBEAT] Lightweight heartbeat sent for node f66b4762-c214-41eb-b0be-9d91b3170b6c
[HEARTBEAT] Lightweight heartbeat sent for node f66b4762-c214-41eb-b0be-9d91b3170b6c
[HEARTBEAT] Lightweight heartbeat sent for node f66b4762-c214-41eb-b0be-9d91b3170b6c
[HEARTBEAT] Lightweight heartbeat sent for node f66b4762-c214-41eb-b0be-9d91b3170b6c
[HEARTBEAT] Lightweight heartbeat sent for node f66b4762-c214-41eb-b0be-9d91b3170b6c
[MONITORING] MSG_STATECAPTURE sent (msg #109)
[HEARTBEAT] Lightweight heartbeat sent for node f66b4762-c214-41eb-b0be-9d91b3170b6c
[HEARTBEAT] Lightweight heartbeat sent for node f66b4762-c214-41eb-b0be-9d91b3170b6c
[HEARTBEAT] Lightweight heartbeat sent for node f66b4762-c214-41eb-b0be-9d91b3170b6c
[HEARTBEAT] Lightweight heartbeat sent for node f66b4762-c214-41eb-b0be-9d91b3170b6c
[HEARTBEAT] Lightweight heartbeat sent for node f66b4762-c214-41eb-b0be-9d91b3170b6c
[MONITORING] MSG_STATECAPTURE sent (msg #110)
[HEARTBEAT] Lightweight heartbeat sent for node f66b4762-c214-41eb-b0be-9d91b3170b6c
[HEARTBEAT] Lightweight heartbeat sent for node f66b4762-c214-41eb-b0be-9d91b3170b6c
[HEARTBEAT] Lightweight heartbeat sent for node f66b4762-c214-41eb-b0be-9d91b3170b6c
[HEARTBEAT] Lightweight heartbeat sent for node f66b4762-c214-41eb-b0be-9d91b3170b6c
[HEARTBEAT] Lightweight heartbeat sent for node f66b4762-c214-41eb-b0be-9d91b3170b6c
[MONITORING] MSG_STATECAPTURE sent (msg #111)
[HEARTBEAT] Lightweight heartbeat sent for node f66b4762-c214-41eb-b0be-9d91b3170b6c
[HEARTBEAT] Lightweight heartbeat sent for node f66b4762-c214-41eb-b0be-9d91b3170b6c
[HEARTBEAT] Lightweight heartbeat sent for node f66b4762-c214-41eb-b0be-9d91b3170b6c
[HEARTBEAT] Lightweight heartbeat sent for node f66b4762-c214-41eb-b0be-9d91b3170b6c
[HEARTBEAT] Lightweight heartbeat sent for node f66b4762-c214-41eb-b0be-9d91b3170b6c
[MONITORING] MSG_STATECAPTURE sent (msg #112)
[HEARTBEAT] Lightweight heartbeat sent for node f66b4762-c214-41eb-b0be-9d91b3170b6c
[HEARTBEAT] Lightweight heartbeat sent for node f66b4762-c214-41eb-b0be-9d91b3170b6c
[HEARTBEAT] Lightweight heartbeat sent for node f66b4762-c214-41eb-b0be-9d91b3170b6c
[HEARTBEAT] Lightweight heartbeat sent for node f66b4762-c214-41eb-b0be-9d91b3170b6c
[HEARTBEAT] Lightweight heartbeat sent for node f66b4762-c214-41eb-b0be-9d91b3170b6c
[MONITORING] MSG_STATECAPTURE sent (msg #113)
[HEARTBEAT] Lightweight heartbeat sent for node f66b4762-c214-41eb-b0be-9d91b3170b6c
[HEARTBEAT] Lightweight heartbeat sent for node f66b4762-c214-41eb-b0be-9d91b3170b6c
[HEARTBEAT] Lightweight heartbeat sent for node f66b4762-c214-41eb-b0be-9d91b3170b6c
[HEARTBEAT] Lightweight heartbeat sent for node f66b4762-c214-41eb-b0be-9d91b3170b6c
[HEARTBEAT] Lightweight heartbeat sent for node f66b4762-c214-41eb-b0be-9d91b3170b6c
[MONITORING] MSG_STATECAPTURE sent (msg #114)
[HEARTBEAT] Lightweight heartbeat sent for node f66b4762-c214-41eb-b0be-9d91b3170b6c
[HEARTBEAT] Lightweight heartbeat sent for node f66b4762-c214-41eb-b0be-9d91b3170b6c
[HEARTBEAT] Lightweight heartbeat sent for node f66b4762-c214-41eb-b0be-9d91b3170b6c
[HEARTBEAT] Lightweight heartbeat sent for node f66b4762-c214-41eb-b0be-9d91b3170b6c
[HEARTBEAT] Lightweight heartbeat sent for node f66b4762-c214-41eb-b0be-9d91b3170b6c
[MONITORING] MSG_STATECAPTURE sent (msg #115)
[HEARTBEAT] Lightweight heartbeat sent for node f66b4762-c214-41eb-b0be-9d91b3170b6c
[HEARTBEAT] Lightweight heartbeat sent for node f66b4762-c214-41eb-b0be-9d91b3170b6c
[HEARTBEAT] Lightweight heartbeat sent for node f66b4762-c214-41eb-b0be-9d91b3170b6c
[HEARTBEAT] Lightweight heartbeat sent for node f66b4762-c214-41eb-b0be-9d91b3170b6c
[HEARTBEAT] Lightweight heartbeat sent for node f66b4762-c214-41eb-b0be-9d91b3170b6c
[MONITORING] MSG_STATECAPTURE sent (msg #116)
[HEARTBEAT] Lightweight heartbeat sent for node f66b4762-c214-41eb-b0be-9d91b3170b6c
[HEARTBEAT] Lightweight heartbeat sent for node f66b4762-c214-41eb-b0be-9d91b3170b6c
[HEARTBEAT] Lightweight heartbeat sent for node f66b4762-c214-41eb-b0be-9d91b3170b6c
[HEARTBEAT] Lightweight heartbeat sent for node f66b4762-c214-41eb-b0be-9d91b3170b6c
[HEARTBEAT] Lightweight heartbeat sent for node f66b4762-c214-41eb-b0be-9d91b3170b6c
[MONITORING] MSG_STATECAPTURE sent (msg #117)
[HEARTBEAT] Lightweight heartbeat sent for node f66b4762-c214-41eb-b0be-9d91b3170b6c
[HEARTBEAT] Lightweight heartbeat sent for node f66b4762-c214-41eb-b0be-9d91b3170b6c
[HEARTBEAT] Lightweight heartbeat sent for node f66b4762-c214-41eb-b0be-9d91b3170b6c
[HEARTBEAT] Lightweight heartbeat sent for node f66b4762-c214-41eb-b0be-9d91b3170b6c
[HEARTBEAT] Lightweight heartbeat sent for node f66b4762-c214-41eb-b0be-9d91b3170b6c
[MONITORING] MSG_STATECAPTURE sent (msg #118)
[HEARTBEAT] Lightweight heartbeat sent for node f66b4762-c214-41eb-b0be-9d91b3170b6c
[HEARTBEAT] Lightweight heartbeat sent for node f66b4762-c214-41eb-b0be-9d91b3170b6c
[HEARTBEAT] Lightweight heartbeat sent for node f66b4762-c214-41eb-b0be-9d91b3170b6c
[HEARTBEAT] Lightweight heartbeat sent for node f66b4762-c214-41eb-b0be-9d91b3170b6c
[HEARTBEAT] Lightweight heartbeat sent for node f66b4762-c214-41eb-b0be-9d91b3170b6c
[MONITORING] MSG_STATECAPTURE sent (msg #119)
[HEARTBEAT] Lightweight heartbeat sent for node f66b4762-c214-41eb-b0be-9d91b3170b6c
[HEARTBEAT] Lightweight heartbeat sent for node f66b4762-c214-41eb-b0be-9d91b3170b6c
[HEARTBEAT] Lightweight heartbeat sent for node f66b4762-c214-41eb-b0be-9d91b3170b6c
[HEARTBEAT] Lightweight heartbeat sent for node f66b4762-c214-41eb-b0be-9d91b3170b6c
[HEARTBEAT] Lightweight heartbeat sent for node f66b4762-c214-41eb-b0be-9d91b3170b6c
[MONITORING] MSG_STATECAPTURE sent (msg #120)
[HEARTBEAT] Lightweight heartbeat sent for node f66b4762-c214-41eb-b0be-9d91b3170b6c
[HEARTBEAT] Lightweight heartbeat sent for node f66b4762-c214-41eb-b0be-9d91b3170b6c
[HEARTBEAT] Lightweight heartbeat sent for node f66b4762-c214-41eb-b0be-9d91b3170b6c
[HEARTBEAT] Lightweight heartbeat sent for node f66b4762-c214-41eb-b0be-9d91b3170b6c
[HEARTBEAT] Lightweight heartbeat sent for node f66b4762-c214-41eb-b0be-9d91b3170b6c
[MONITORING] MSG_STATECAPTURE sent (msg #121)
[HEARTBEAT] Lightweight heartbeat sent for node f66b4762-c214-41eb-b0be-9d91b3170b6c
[HEARTBEAT] Lightweight heartbeat sent for node f66b4762-c214-41eb-b0be-9d91b3170b6c
[HEARTBEAT] Lightweight heartbeat sent for node f66b4762-c214-41eb-b0be-9d91b3170b6c
[HEARTBEAT] Lightweight heartbeat sent for node f66b4762-c214-41eb-b0be-9d91b3170b6c
[HEARTBEAT] Lightweight heartbeat sent for node f66b4762-c214-41eb-b0be-9d91b3170b6c
[MONITORING] MSG_STATECAPTURE sent (msg #122)
[HEARTBEAT] Lightweight heartbeat sent for node f66b4762-c214-41eb-b0be-9d91b3170b6c
[HEARTBEAT] Lightweight heartbeat sent for node f66b4762-c214-41eb-b0be-9d91b3170b6c
[HEARTBEAT] Lightweight heartbeat sent for node f66b4762-c214-41eb-b0be-9d91b3170b6c
[HEARTBEAT] Lightweight heartbeat sent for node f66b4762-c214-41eb-b0be-9d91b3170b6c
[HEARTBEAT] Lightweight heartbeat sent for node f66b4762-c214-41eb-b0be-9d91b3170b6c
[MONITORING] MSG_STATECAPTURE sent (msg #123)
[HEARTBEAT] Lightweight heartbeat sent for node f66b4762-c214-41eb-b0be-9d91b3170b6c
[HEARTBEAT] Lightweight heartbeat sent for node f66b4762-c214-41eb-b0be-9d91b3170b6c
[HEARTBEAT] Lightweight heartbeat sent for node f66b4762-c214-41eb-b0be-9d91b3170b6c
[HEARTBEAT] Lightweight heartbeat sent for node f66b4762-c214-41eb-b0be-9d91b3170b6c
[HEARTBEAT] Lightweight heartbeat sent for node f66b4762-c214-41eb-b0be-9d91b3170b6c
[MONITORING] MSG_STATECAPTURE sent (msg #124)
[HEARTBEAT] Lightweight heartbeat sent for node f66b4762-c214-41eb-b0be-9d91b3170b6c
[HEARTBEAT] Lightweight heartbeat sent for node f66b4762-c214-41eb-b0be-9d91b3170b6c
[HEARTBEAT] Lightweight heartbeat sent for node f66b4762-c214-41eb-b0be-9d91b3170b6c
[HEARTBEAT] Lightweight heartbeat sent for node f66b4762-c214-41eb-b0be-9d91b3170b6c
[HEARTBEAT] Lightweight heartbeat sent for node f66b4762-c214-41eb-b0be-9d91b3170b6c
[MONITORING] MSG_STATECAPTURE sent (msg #125)
[HEARTBEAT] Lightweight heartbeat sent for node f66b4762-c214-41eb-b0be-9d91b3170b6c
[HEARTBEAT] Lightweight heartbeat sent for node f66b4762-c214-41eb-b0be-9d91b3170b6c
[HEARTBEAT] Lightweight heartbeat sent for node f66b4762-c214-41eb-b0be-9d91b3170b6c
[HEARTBEAT] Lightweight heartbeat sent for node f66b4762-c214-41eb-b0be-9d91b3170b6c
[HEARTBEAT] Lightweight heartbeat sent for node f66b4762-c214-41eb-b0be-9d91b3170b6c
[MONITORING] MSG_STATECAPTURE sent (msg #126)
[HEARTBEAT] Lightweight heartbeat sent for node f66b4762-c214-41eb-b0be-9d91b3170b6c
[HEARTBEAT] Lightweight heartbeat sent for node f66b4762-c214-41eb-b0be-9d91b3170b6c
[HEARTBEAT] Lightweight heartbeat sent for node f66b4762-c214-41eb-b0be-9d91b3170b6c
[HEARTBEAT] Lightweight heartbeat sent for node f66b4762-c214-41eb-b0be-9d91b3170b6c
[HEARTBEAT] Lightweight heartbeat sent for node f66b4762-c214-41eb-b0be-9d91b3170b6c
[MONITORING] MSG_STATECAPTURE sent (msg #127)
[HEARTBEAT] Lightweight heartbeat sent for node f66b4762-c214-41eb-b0be-9d91b3170b6c
[HEARTBEAT] Lightweight heartbeat sent for node f66b4762-c214-41eb-b0be-9d91b3170b6c
[HEARTBEAT] Lightweight heartbeat sent for node f66b4762-c214-41eb-b0be-9d91b3170b6c
[HEARTBEAT] Lightweight heartbeat sent for node f66b4762-c214-41eb-b0be-9d91b3170b6c
[HEARTBEAT] Lightweight heartbeat sent for node f66b4762-c214-41eb-b0be-9d91b3170b6c
[MONITORING] MSG_STATECAPTURE sent (msg #128)
[HEARTBEAT] Lightweight heartbeat sent for node f66b4762-c214-41eb-b0be-9d91b3170b6c
[HEARTBEAT] Lightweight heartbeat sent for node f66b4762-c214-41eb-b0be-9d91b3170b6c
[HEARTBEAT] Lightweight heartbeat sent for node f66b4762-c214-41eb-b0be-9d91b3170b6c
[HEARTBEAT] Lightweight heartbeat sent for node f66b4762-c214-41eb-b0be-9d91b3170b6c
[HEARTBEAT] Lightweight heartbeat sent for node f66b4762-c214-41eb-b0be-9d91b3170b6c
[MONITORING] MSG_STATECAPTURE sent (msg #129)
[HEARTBEAT] Lightweight heartbeat sent for node f66b4762-c214-41eb-b0be-9d91b3170b6c
[HEARTBEAT] Lightweight heartbeat sent for node f66b4762-c214-41eb-b0be-9d91b3170b6c
[HEARTBEAT] Lightweight heartbeat sent for node f66b4762-c214-41eb-b0be-9d91b3170b6c
[HEARTBEAT] Lightweight heartbeat sent for node f66b4762-c214-41eb-b0be-9d91b3170b6c
[HEARTBEAT] Lightweight heartbeat sent for node f66b4762-c214-41eb-b0be-9d91b3170b6c
[MONITORING] MSG_STATECAPTURE sent (msg #130)
[HEARTBEAT] Lightweight heartbeat sent for node f66b4762-c214-41eb-b0be-9d91b3170b6c
[HEARTBEAT] Lightweight heartbeat sent for node f66b4762-c214-41eb-b0be-9d91b3170b6c
[HEARTBEAT] Lightweight heartbeat sent for node f66b4762-c214-41eb-b0be-9d91b3170b6c
[HEARTBEAT] Lightweight heartbeat sent for node f66b4762-c214-41eb-b0be-9d91b3170b6c
[HEARTBEAT] Lightweight heartbeat sent for node f66b4762-c214-41eb-b0be-9d91b3170b6c
[MONITORING] MSG_STATECAPTURE sent (msg #131)
[HEARTBEAT] Lightweight heartbeat sent for node f66b4762-c214-41eb-b0be-9d91b3170b6c
[HEARTBEAT] Lightweight heartbeat sent for node f66b4762-c214-41eb-b0be-9d91b3170b6c
[HEARTBEAT] Lightweight heartbeat sent for node f66b4762-c214-41eb-b0be-9d91b3170b6c
[HEARTBEAT] Lightweight heartbeat sent for node f66b4762-c214-41eb-b0be-9d91b3170b6c
[HEARTBEAT] Lightweight heartbeat sent for node f66b4762-c214-41eb-b0be-9d91b3170b6c
[MONITORING] MSG_STATECAPTURE sent (msg #132)
[HEARTBEAT] Lightweight heartbeat sent for node f66b4762-c214-41eb-b0be-9d91b3170b6c
[HEARTBEAT] Lightweight heartbeat sent for node f66b4762-c214-41eb-b0be-9d91b3170b6c
[HEARTBEAT] Lightweight heartbeat sent for node f66b4762-c214-41eb-b0be-9d91b3170b6c
[HEARTBEAT] Lightweight heartbeat sent for node f66b4762-c214-41eb-b0be-9d91b3170b6c
[HEARTBEAT] Lightweight heartbeat sent for node f66b4762-c214-41eb-b0be-9d91b3170b6c
[MONITORING] MSG_STATECAPTURE sent (msg #133)
[HEARTBEAT] Lightweight heartbeat sent for node f66b4762-c214-41eb-b0be-9d91b3170b6c
[HEARTBEAT] Lightweight heartbeat sent for node f66b4762-c214-41eb-b0be-9d91b3170b6c
[HEARTBEAT] Lightweight heartbeat sent for node f66b4762-c214-41eb-b0be-9d91b3170b6c
[HEARTBEAT] Lightweight heartbeat sent for node f66b4762-c214-41eb-b0be-9d91b3170b6c
[HEARTBEAT] Lightweight heartbeat sent for node f66b4762-c214-41eb-b0be-9d91b3170b6c
[MONITORING] MSG_STATECAPTURE sent (msg #134)
[HEARTBEAT] Lightweight heartbeat sent for node f66b4762-c214-41eb-b0be-9d91b3170b6c
[HEARTBEAT] Lightweight heartbeat sent for node f66b4762-c214-41eb-b0be-9d91b3170b6c
[HEARTBEAT] Lightweight heartbeat sent for node f66b4762-c214-41eb-b0be-9d91b3170b6c
[HEARTBEAT] Lightweight heartbeat sent for node f66b4762-c214-41eb-b0be-9d91b3170b6c
[HEARTBEAT] Lightweight heartbeat sent for node f66b4762-c214-41eb-b0be-9d91b3170b6c
[MONITORING] MSG_STATECAPTURE sent (msg #135)
[HEARTBEAT] Lightweight heartbeat sent for node f66b4762-c214-41eb-b0be-9d91b3170b6c
[HEARTBEAT] Lightweight heartbeat sent for node f66b4762-c214-41eb-b0be-9d91b3170b6c
[HEARTBEAT] Lightweight heartbeat sent for node f66b4762-c214-41eb-b0be-9d91b3170b6c
[HEARTBEAT] Lightweight heartbeat sent for node f66b4762-c214-41eb-b0be-9d91b3170b6c
[HEARTBEAT] Lightweight heartbeat sent for node f66b4762-c214-41eb-b0be-9d91b3170b6c
[MONITORING] MSG_STATECAPTURE sent (msg #136)
[HEARTBEAT] Lightweight heartbeat sent for node f66b4762-c214-41eb-b0be-9d91b3170b6c
[HEARTBEAT] Lightweight heartbeat sent for node f66b4762-c214-41eb-b0be-9d91b3170b6c
[HEARTBEAT] Lightweight heartbeat sent for node f66b4762-c214-41eb-b0be-9d91b3170b6c
[HEARTBEAT] Lightweight heartbeat sent for node f66b4762-c214-41eb-b0be-9d91b3170b6c
[HEARTBEAT] Lightweight heartbeat sent for node f66b4762-c214-41eb-b0be-9d91b3170b6c
[MONITORING] MSG_STATECAPTURE sent (msg #137)
[HEARTBEAT] Lightweight heartbeat sent for node f66b4762-c214-41eb-b0be-9d91b3170b6c
[HEARTBEAT] Lightweight heartbeat sent for node f66b4762-c214-41eb-b0be-9d91b3170b6c
[HEARTBEAT] Lightweight heartbeat sent for node f66b4762-c214-41eb-b0be-9d91b3170b6c
[HEARTBEAT] Lightweight heartbeat sent for node f66b4762-c214-41eb-b0be-9d91b3170b6c
[HEARTBEAT] Lightweight heartbeat sent for node f66b4762-c214-41eb-b0be-9d91b3170b6c
[MONITORING] MSG_STATECAPTURE sent (msg #138)
[HEARTBEAT] Lightweight heartbeat sent for node f66b4762-c214-41eb-b0be-9d91b3170b6c
[HEARTBEAT] Lightweight heartbeat sent for node f66b4762-c214-41eb-b0be-9d91b3170b6c
[HEARTBEAT] Lightweight heartbeat sent for node f66b4762-c214-41eb-b0be-9d91b3170b6c
[HEARTBEAT] Lightweight heartbeat sent for node f66b4762-c214-41eb-b0be-9d91b3170b6c
[HEARTBEAT] Lightweight heartbeat sent for node f66b4762-c214-41eb-b0be-9d91b3170b6c
[MONITORING] MSG_STATECAPTURE sent (msg #139)
[HEARTBEAT] Lightweight heartbeat sent for node f66b4762-c214-41eb-b0be-9d91b3170b6c
[HEARTBEAT] Lightweight heartbeat sent for node f66b4762-c214-41eb-b0be-9d91b3170b6c
[HEARTBEAT] Lightweight heartbeat sent for node f66b4762-c214-41eb-b0be-9d91b3170b6c
[HEARTBEAT] Lightweight heartbeat sent for node f66b4762-c214-41eb-b0be-9d91b3170b6c
[HEARTBEAT] Lightweight heartbeat sent for node f66b4762-c214-41eb-b0be-9d91b3170b6c
[MONITORING] MSG_STATECAPTURE sent (msg #140)
[HEARTBEAT] Lightweight heartbeat sent for node f66b4762-c214-41eb-b0be-9d91b3170b6c
[HEARTBEAT] Lightweight heartbeat sent for node f66b4762-c214-41eb-b0be-9d91b3170b6c
[HEARTBEAT] Lightweight heartbeat sent for node f66b4762-c214-41eb-b0be-9d91b3170b6c
[HEARTBEAT] Lightweight heartbeat sent for node f66b4762-c214-41eb-b0be-9d91b3170b6c
[HEARTBEAT] Lightweight heartbeat sent for node f66b4762-c214-41eb-b0be-9d91b3170b6c
[MONITORING] MSG_STATECAPTURE sent (msg #141)
[HEARTBEAT] Lightweight heartbeat sent for node f66b4762-c214-41eb-b0be-9d91b3170b6c
[HEARTBEAT] Lightweight heartbeat sent for node f66b4762-c214-41eb-b0be-9d91b3170b6c
[HEARTBEAT] Lightweight heartbeat sent for node f66b4762-c214-41eb-b0be-9d91b3170b6c
[HEARTBEAT] Lightweight heartbeat sent for node f66b4762-c214-41eb-b0be-9d91b3170b6c
[HEARTBEAT] Lightweight heartbeat sent for node f66b4762-c214-41eb-b0be-9d91b3170b6c
[MONITORING] MSG_STATECAPTURE sent (msg #142)
[HEARTBEAT] Lightweight heartbeat sent for node f66b4762-c214-41eb-b0be-9d91b3170b6c
[HEARTBEAT] Lightweight heartbeat sent for node f66b4762-c214-41eb-b0be-9d91b3170b6c
[HEARTBEAT] Lightweight heartbeat sent for node f66b4762-c214-41eb-b0be-9d91b3170b6c
[HEARTBEAT] Lightweight heartbeat sent for node f66b4762-c214-41eb-b0be-9d91b3170b6c
[HEARTBEAT] Lightweight heartbeat sent for node f66b4762-c214-41eb-b0be-9d91b3170b6c
[MONITORING] MSG_STATECAPTURE sent (msg #143)
[HEARTBEAT] Lightweight heartbeat sent for node f66b4762-c214-41eb-b0be-9d91b3170b6c
[HEARTBEAT] Lightweight heartbeat sent for node f66b4762-c214-41eb-b0be-9d91b3170b6c
[HEARTBEAT] Lightweight heartbeat sent for node f66b4762-c214-41eb-b0be-9d91b3170b6c
[HEARTBEAT] Lightweight heartbeat sent for node f66b4762-c214-41eb-b0be-9d91b3170b6c
[HEARTBEAT] Lightweight heartbeat sent for node f66b4762-c214-41eb-b0be-9d91b3170b6c
[MONITORING] MSG_STATECAPTURE sent (msg #144)
[HEARTBEAT] Lightweight heartbeat sent for node f66b4762-c214-41eb-b0be-9d91b3170b6c
[HEARTBEAT] Lightweight heartbeat sent for node f66b4762-c214-41eb-b0be-9d91b3170b6c
[HEARTBEAT] Lightweight heartbeat sent for node f66b4762-c214-41eb-b0be-9d91b3170b6c
[HEARTBEAT] Lightweight heartbeat sent for node f66b4762-c214-41eb-b0be-9d91b3170b6c
[HEARTBEAT] Lightweight heartbeat sent for node f66b4762-c214-41eb-b0be-9d91b3170b6c
[MONITORING] MSG_STATECAPTURE sent (msg #145)
[HEARTBEAT] Lightweight heartbeat sent for node f66b4762-c214-41eb-b0be-9d91b3170b6c
[HEARTBEAT] Lightweight heartbeat sent for node f66b4762-c214-41eb-b0be-9d91b3170b6c
[HEARTBEAT] Lightweight heartbeat sent for node f66b4762-c214-41eb-b0be-9d91b3170b6c
[HEARTBEAT] Lightweight heartbeat sent for node f66b4762-c214-41eb-b0be-9d91b3170b6c
[HEARTBEAT] Lightweight heartbeat sent for node f66b4762-c214-41eb-b0be-9d91b3170b6c
[MONITORING] MSG_STATECAPTURE sent (msg #146)
[HEARTBEAT] Lightweight heartbeat sent for node f66b4762-c214-41eb-b0be-9d91b3170b6c
[HEARTBEAT] Lightweight heartbeat sent for node f66b4762-c214-41eb-b0be-9d91b3170b6c
[HEARTBEAT] Lightweight heartbeat sent for node f66b4762-c214-41eb-b0be-9d91b3170b6c
[HEARTBEAT] Lightweight heartbeat sent for node f66b4762-c214-41eb-b0be-9d91b3170b6c
[HEARTBEAT] Lightweight heartbeat sent for node f66b4762-c214-41eb-b0be-9d91b3170b6c
[MONITORING] MSG_STATECAPTURE sent (msg #147)
[HEARTBEAT] Lightweight heartbeat sent for node f66b4762-c214-41eb-b0be-9d91b3170b6c
[HEARTBEAT] Lightweight heartbeat sent for node f66b4762-c214-41eb-b0be-9d91b3170b6c
[HEARTBEAT] Lightweight heartbeat sent for node f66b4762-c214-41eb-b0be-9d91b3170b6c
[HEARTBEAT] Lightweight heartbeat sent for node f66b4762-c214-41eb-b0be-9d91b3170b6c
[HEARTBEAT] Lightweight heartbeat sent for node f66b4762-c214-41eb-b0be-9d91b3170b6c
[MONITORING] MSG_STATECAPTURE sent (msg #148)
[HEARTBEAT] Lightweight heartbeat sent for node f66b4762-c214-41eb-b0be-9d91b3170b6c
[HEARTBEAT] Lightweight heartbeat sent for node f66b4762-c214-41eb-b0be-9d91b3170b6c
[HEARTBEAT] Lightweight heartbeat sent for node f66b4762-c214-41eb-b0be-9d91b3170b6c
[HEARTBEAT] Lightweight heartbeat sent for node f66b4762-c214-41eb-b0be-9d91b3170b6c
[HEARTBEAT] Lightweight heartbeat sent for node f66b4762-c214-41eb-b0be-9d91b3170b6c
[MONITORING] MSG_STATECAPTURE sent (msg #149)
[HEARTBEAT] Lightweight heartbeat sent for node f66b4762-c214-41eb-b0be-9d91b3170b6c
[HEARTBEAT] Lightweight heartbeat sent for node f66b4762-c214-41eb-b0be-9d91b3170b6c
[HEARTBEAT] Lightweight heartbeat sent for node f66b4762-c214-41eb-b0be-9d91b3170b6c
[HEARTBEAT] Lightweight heartbeat sent for node f66b4762-c214-41eb-b0be-9d91b3170b6c
[HEARTBEAT] Lightweight heartbeat sent for node f66b4762-c214-41eb-b0be-9d91b3170b6c
[MONITORING] MSG_STATECAPTURE sent (msg #150)
[HEARTBEAT] Lightweight heartbeat sent for node f66b4762-c214-41eb-b0be-9d91b3170b6c
[HEARTBEAT] Lightweight heartbeat sent for node f66b4762-c214-41eb-b0be-9d91b3170b6c
[HEARTBEAT] Lightweight heartbeat sent for node f66b4762-c214-41eb-b0be-9d91b3170b6c
[HEARTBEAT] Lightweight heartbeat sent for node f66b4762-c214-41eb-b0be-9d91b3170b6c
[HEARTBEAT] Lightweight heartbeat sent for node f66b4762-c214-41eb-b0be-9d91b3170b6c
[MONITORING] MSG_STATECAPTURE sent (msg #151)
[HEARTBEAT] Lightweight heartbeat sent for node f66b4762-c214-41eb-b0be-9d91b3170b6c
[HEARTBEAT] Lightweight heartbeat sent for node f66b4762-c214-41eb-b0be-9d91b3170b6c
[HEARTBEAT] Lightweight heartbeat sent for node f66b4762-c214-41eb-b0be-9d91b3170b6c
[HEARTBEAT] Lightweight heartbeat sent for node f66b4762-c214-41eb-b0be-9d91b3170b6c
[HEARTBEAT] Lightweight heartbeat sent for node f66b4762-c214-41eb-b0be-9d91b3170b6c
[MONITORING] MSG_STATECAPTURE sent (msg #152)
[HEARTBEAT] Lightweight heartbeat sent for node f66b4762-c214-41eb-b0be-9d91b3170b6c
[HEARTBEAT] Lightweight heartbeat sent for node f66b4762-c214-41eb-b0be-9d91b3170b6c
[HEARTBEAT] Lightweight heartbeat sent for node f66b4762-c214-41eb-b0be-9d91b3170b6c
[HEARTBEAT] Lightweight heartbeat sent for node f66b4762-c214-41eb-b0be-9d91b3170b6c
[HEARTBEAT] Lightweight heartbeat sent for node f66b4762-c214-41eb-b0be-9d91b3170b6c
[MONITORING] MSG_STATECAPTURE sent (msg #153)
[HEARTBEAT] Lightweight heartbeat sent for node f66b4762-c214-41eb-b0be-9d91b3170b6c
[HEARTBEAT] Lightweight heartbeat sent for node f66b4762-c214-41eb-b0be-9d91b3170b6c
[HEARTBEAT] Lightweight heartbeat sent for node f66b4762-c214-41eb-b0be-9d91b3170b6c
[HEARTBEAT] Lightweight heartbeat sent for node f66b4762-c214-41eb-b0be-9d91b3170b6c
[HEARTBEAT] Lightweight heartbeat sent for node f66b4762-c214-41eb-b0be-9d91b3170b6c
[MONITORING] MSG_STATECAPTURE sent (msg #154)
[HEARTBEAT] Lightweight heartbeat sent for node f66b4762-c214-41eb-b0be-9d91b3170b6c
[HEARTBEAT] Lightweight heartbeat sent for node f66b4762-c214-41eb-b0be-9d91b3170b6c
[HEARTBEAT] Lightweight heartbeat sent for node f66b4762-c214-41eb-b0be-9d91b3170b6c
[HEARTBEAT] Lightweight heartbeat sent for node f66b4762-c214-41eb-b0be-9d91b3170b6c
[HEARTBEAT] Lightweight heartbeat sent for node f66b4762-c214-41eb-b0be-9d91b3170b6c
[MONITORING] MSG_STATECAPTURE sent (msg #155)
[HEARTBEAT] Lightweight heartbeat sent for node f66b4762-c214-41eb-b0be-9d91b3170b6c
[HEARTBEAT] Lightweight heartbeat sent for node f66b4762-c214-41eb-b0be-9d91b3170b6c
[HEARTBEAT] Lightweight heartbeat sent for node f66b4762-c214-41eb-b0be-9d91b3170b6c
[HEARTBEAT] Lightweight heartbeat sent for node f66b4762-c214-41eb-b0be-9d91b3170b6c
[HEARTBEAT] Lightweight heartbeat sent for node f66b4762-c214-41eb-b0be-9d91b3170b6c
[MONITORING] MSG_STATECAPTURE sent (msg #156)
[HEARTBEAT] Lightweight heartbeat sent for node f66b4762-c214-41eb-b0be-9d91b3170b6c
[HEARTBEAT] Lightweight heartbeat sent for node f66b4762-c214-41eb-b0be-9d91b3170b6c
[HEARTBEAT] Lightweight heartbeat sent for node f66b4762-c214-41eb-b0be-9d91b3170b6c
[HEARTBEAT] Lightweight heartbeat sent for node f66b4762-c214-41eb-b0be-9d91b3170b6c
[HEARTBEAT] Lightweight heartbeat sent for node f66b4762-c214-41eb-b0be-9d91b3170b6c
[MONITORING] MSG_STATECAPTURE sent (msg #157)
[HEARTBEAT] Lightweight heartbeat sent for node f66b4762-c214-41eb-b0be-9d91b3170b6c
[HEARTBEAT] Lightweight heartbeat sent for node f66b4762-c214-41eb-b0be-9d91b3170b6c
[HEARTBEAT] Lightweight heartbeat sent for node f66b4762-c214-41eb-b0be-9d91b3170b6c
[HEARTBEAT] Lightweight heartbeat sent for node f66b4762-c214-41eb-b0be-9d91b3170b6c
[HEARTBEAT] Lightweight heartbeat sent for node f66b4762-c214-41eb-b0be-9d91b3170b6c
[MONITORING] MSG_STATECAPTURE sent (msg #158)
[HEARTBEAT] Lightweight heartbeat sent for node f66b4762-c214-41eb-b0be-9d91b3170b6c
[HEARTBEAT] Lightweight heartbeat sent for node f66b4762-c214-41eb-b0be-9d91b3170b6c
[HEARTBEAT] Lightweight heartbeat sent for node f66b4762-c214-41eb-b0be-9d91b3170b6c
[HEARTBEAT] Lightweight heartbeat sent for node f66b4762-c214-41eb-b0be-9d91b3170b6c
[HEARTBEAT] Lightweight heartbeat sent for node f66b4762-c214-41eb-b0be-9d91b3170b6c
[MONITORING] MSG_STATECAPTURE sent (msg #159)
[HEARTBEAT] Lightweight heartbeat sent for node f66b4762-c214-41eb-b0be-9d91b3170b6c
[HEARTBEAT] Lightweight heartbeat sent for node f66b4762-c214-41eb-b0be-9d91b3170b6c
[HEARTBEAT] Lightweight heartbeat sent for node f66b4762-c214-41eb-b0be-9d91b3170b6c
[HEARTBEAT] Lightweight heartbeat sent for node f66b4762-c214-41eb-b0be-9d91b3170b6c
[HEARTBEAT] Lightweight heartbeat sent for node f66b4762-c214-41eb-b0be-9d91b3170b6c
[MONITORING] MSG_STATECAPTURE sent (msg #160)
[HEARTBEAT] Lightweight heartbeat sent for node f66b4762-c214-41eb-b0be-9d91b3170b6c
[HEARTBEAT] Lightweight heartbeat sent for node f66b4762-c214-41eb-b0be-9d91b3170b6c
[HEARTBEAT] Lightweight heartbeat sent for node f66b4762-c214-41eb-b0be-9d91b3170b6c
[HEARTBEAT] Lightweight heartbeat sent for node f66b4762-c214-41eb-b0be-9d91b3170b6c
[HEARTBEAT] Lightweight heartbeat sent for node f66b4762-c214-41eb-b0be-9d91b3170b6c
[MONITORING] MSG_STATECAPTURE sent (msg #161)
[HEARTBEAT] Lightweight heartbeat sent for node f66b4762-c214-41eb-b0be-9d91b3170b6c
[HEARTBEAT] Lightweight heartbeat sent for node f66b4762-c214-41eb-b0be-9d91b3170b6c
[HEARTBEAT] Lightweight heartbeat sent for node f66b4762-c214-41eb-b0be-9d91b3170b6c
[HEARTBEAT] Lightweight heartbeat sent for node f66b4762-c214-41eb-b0be-9d91b3170b6c
[HEARTBEAT] Lightweight heartbeat sent for node f66b4762-c214-41eb-b0be-9d91b3170b6c
[MONITORING] MSG_STATECAPTURE sent (msg #162)
[HEARTBEAT] Lightweight heartbeat sent for node f66b4762-c214-41eb-b0be-9d91b3170b6c
[HEARTBEAT] Lightweight heartbeat sent for node f66b4762-c214-41eb-b0be-9d91b3170b6c
[HEARTBEAT] Lightweight heartbeat sent for node f66b4762-c214-41eb-b0be-9d91b3170b6c
[HEARTBEAT] Lightweight heartbeat sent for node f66b4762-c214-41eb-b0be-9d91b3170b6c
[HEARTBEAT] Lightweight heartbeat sent for node f66b4762-c214-41eb-b0be-9d91b3170b6c
[MONITORING] MSG_STATECAPTURE sent (msg #163)
[HEARTBEAT] Lightweight heartbeat sent for node f66b4762-c214-41eb-b0be-9d91b3170b6c
[HEARTBEAT] Lightweight heartbeat sent for node f66b4762-c214-41eb-b0be-9d91b3170b6c
[HEARTBEAT] Lightweight heartbeat sent for node f66b4762-c214-41eb-b0be-9d91b3170b6c
[HEARTBEAT] Lightweight heartbeat sent for node f66b4762-c214-41eb-b0be-9d91b3170b6c
[HEARTBEAT] Lightweight heartbeat sent for node f66b4762-c214-41eb-b0be-9d91b3170b6c
[MONITORING] MSG_STATECAPTURE sent (msg #164)
[HEARTBEAT] Lightweight heartbeat sent for node f66b4762-c214-41eb-b0be-9d91b3170b6c
[HEARTBEAT] Lightweight heartbeat sent for node f66b4762-c214-41eb-b0be-9d91b3170b6c
[HEARTBEAT] Lightweight heartbeat sent for node f66b4762-c214-41eb-b0be-9d91b3170b6c
[HEARTBEAT] Lightweight heartbeat sent for node f66b4762-c214-41eb-b0be-9d91b3170b6c
[HEARTBEAT] Lightweight heartbeat sent for node f66b4762-c214-41eb-b0be-9d91b3170b6c
[MONITORING] MSG_STATECAPTURE sent (msg #165)
[HEARTBEAT] Lightweight heartbeat sent for node f66b4762-c214-41eb-b0be-9d91b3170b6c
[HEARTBEAT] Lightweight heartbeat sent for node f66b4762-c214-41eb-b0be-9d91b3170b6c
[HEARTBEAT] Lightweight heartbeat sent for node f66b4762-c214-41eb-b0be-9d91b3170b6c
[HEARTBEAT] Lightweight heartbeat sent for node f66b4762-c214-41eb-b0be-9d91b3170b6c
[HEARTBEAT] Lightweight heartbeat sent for node f66b4762-c214-41eb-b0be-9d91b3170b6c
[MONITORING] MSG_STATECAPTURE sent (msg #166)
[HEARTBEAT] Lightweight heartbeat sent for node f66b4762-c214-41eb-b0be-9d91b3170b6c
[HEARTBEAT] Lightweight heartbeat sent for node f66b4762-c214-41eb-b0be-9d91b3170b6c
[HEARTBEAT] Lightweight heartbeat sent for node f66b4762-c214-41eb-b0be-9d91b3170b6c
[HEARTBEAT] Lightweight heartbeat sent for node f66b4762-c214-41eb-b0be-9d91b3170b6c
[HEARTBEAT] Lightweight heartbeat sent for node f66b4762-c214-41eb-b0be-9d91b3170b6c
[MONITORING] MSG_STATECAPTURE sent (msg #167)
[HEARTBEAT] Lightweight heartbeat sent for node f66b4762-c214-41eb-b0be-9d91b3170b6c
[HEARTBEAT] Lightweight heartbeat sent for node f66b4762-c214-41eb-b0be-9d91b3170b6c
[HEARTBEAT] Lightweight heartbeat sent for node f66b4762-c214-41eb-b0be-9d91b3170b6c
[HEARTBEAT] Lightweight heartbeat sent for node f66b4762-c214-41eb-b0be-9d91b3170b6c
[HEARTBEAT] Lightweight heartbeat sent for node f66b4762-c214-41eb-b0be-9d91b3170b6c
[MONITORING] MSG_STATECAPTURE sent (msg #168)
[HEARTBEAT] Lightweight heartbeat sent for node f66b4762-c214-41eb-b0be-9d91b3170b6c
[HEARTBEAT] Lightweight heartbeat sent for node f66b4762-c214-41eb-b0be-9d91b3170b6c
[HEARTBEAT] Lightweight heartbeat sent for node f66b4762-c214-41eb-b0be-9d91b3170b6c
[HEARTBEAT] Lightweight heartbeat sent for node f66b4762-c214-41eb-b0be-9d91b3170b6c
[HEARTBEAT] Lightweight heartbeat sent for node f66b4762-c214-41eb-b0be-9d91b3170b6c
[MONITORING] MSG_STATECAPTURE sent (msg #169)
[HEARTBEAT] Lightweight heartbeat sent for node f66b4762-c214-41eb-b0be-9d91b3170b6c
[HEARTBEAT] Lightweight heartbeat sent for node f66b4762-c214-41eb-b0be-9d91b3170b6c
[HEARTBEAT] Lightweight heartbeat sent for node f66b4762-c214-41eb-b0be-9d91b3170b6c
[HEARTBEAT] Lightweight heartbeat sent for node f66b4762-c214-41eb-b0be-9d91b3170b6c
[HEARTBEAT] Lightweight heartbeat sent for node f66b4762-c214-41eb-b0be-9d91b3170b6c
[MONITORING] MSG_STATECAPTURE sent (msg #170)
[HEARTBEAT] Lightweight heartbeat sent for node f66b4762-c214-41eb-b0be-9d91b3170b6c
[HEARTBEAT] Lightweight heartbeat sent for node f66b4762-c214-41eb-b0be-9d91b3170b6c
[HEARTBEAT] Lightweight heartbeat sent for node f66b4762-c214-41eb-b0be-9d91b3170b6c
[HEARTBEAT] Lightweight heartbeat sent for node f66b4762-c214-41eb-b0be-9d91b3170b6c
[HEARTBEAT] Lightweight heartbeat sent for node f66b4762-c214-41eb-b0be-9d91b3170b6c
[MONITORING] MSG_STATECAPTURE sent (msg #171)
[HEARTBEAT] Lightweight heartbeat sent for node f66b4762-c214-41eb-b0be-9d91b3170b6c
[HEARTBEAT] Lightweight heartbeat sent for node f66b4762-c214-41eb-b0be-9d91b3170b6c
[HEARTBEAT] Lightweight heartbeat sent for node f66b4762-c214-41eb-b0be-9d91b3170b6c
[HEARTBEAT] Lightweight heartbeat sent for node f66b4762-c214-41eb-b0be-9d91b3170b6c
[HEARTBEAT] Lightweight heartbeat sent for node f66b4762-c214-41eb-b0be-9d91b3170b6c
[MONITORING] MSG_STATECAPTURE sent (msg #172)
[HEARTBEAT] Lightweight heartbeat sent for node f66b4762-c214-41eb-b0be-9d91b3170b6c
[HEARTBEAT] Lightweight heartbeat sent for node f66b4762-c214-41eb-b0be-9d91b3170b6c
[HEARTBEAT] Lightweight heartbeat sent for node f66b4762-c214-41eb-b0be-9d91b3170b6c
[HEARTBEAT] Lightweight heartbeat sent for node f66b4762-c214-41eb-b0be-9d91b3170b6c
[HEARTBEAT] Lightweight heartbeat sent for node f66b4762-c214-41eb-b0be-9d91b3170b6c
[MONITORING] MSG_STATECAPTURE sent (msg #173)
[HEARTBEAT] Lightweight heartbeat sent for node f66b4762-c214-41eb-b0be-9d91b3170b6c
[HEARTBEAT] Lightweight heartbeat sent for node f66b4762-c214-41eb-b0be-9d91b3170b6c
[HEARTBEAT] Lightweight heartbeat sent for node f66b4762-c214-41eb-b0be-9d91b3170b6c
[HEARTBEAT] Lightweight heartbeat sent for node f66b4762-c214-41eb-b0be-9d91b3170b6c
[HEARTBEAT] Lightweight heartbeat sent for node f66b4762-c214-41eb-b0be-9d91b3170b6c
[MONITORING] MSG_STATECAPTURE sent (msg #174)
[HEARTBEAT] Lightweight heartbeat sent for node f66b4762-c214-41eb-b0be-9d91b3170b6c
[HEARTBEAT] Lightweight heartbeat sent for node f66b4762-c214-41eb-b0be-9d91b3170b6c
[HEARTBEAT] Lightweight heartbeat sent for node f66b4762-c214-41eb-b0be-9d91b3170b6c
[HEARTBEAT] Lightweight heartbeat sent for node f66b4762-c214-41eb-b0be-9d91b3170b6c
[HEARTBEAT] Lightweight heartbeat sent for node f66b4762-c214-41eb-b0be-9d91b3170b6c
[MONITORING] MSG_STATECAPTURE sent (msg #175)
[HEARTBEAT] Lightweight heartbeat sent for node f66b4762-c214-41eb-b0be-9d91b3170b6c
[HEARTBEAT] Lightweight heartbeat sent for node f66b4762-c214-41eb-b0be-9d91b3170b6c
[HEARTBEAT] Lightweight heartbeat sent for node f66b4762-c214-41eb-b0be-9d91b3170b6c
[HEARTBEAT] Lightweight heartbeat sent for node f66b4762-c214-41eb-b0be-9d91b3170b6c
[HEARTBEAT] Lightweight heartbeat sent for node f66b4762-c214-41eb-b0be-9d91b3170b6c
[MONITORING] MSG_STATECAPTURE sent (msg #176)
[HEARTBEAT] Lightweight heartbeat sent for node f66b4762-c214-41eb-b0be-9d91b3170b6c
[HEARTBEAT] Lightweight heartbeat sent for node f66b4762-c214-41eb-b0be-9d91b3170b6c
[HEARTBEAT] Lightweight heartbeat sent for node f66b4762-c214-41eb-b0be-9d91b3170b6c
[HEARTBEAT] Lightweight heartbeat sent for node f66b4762-c214-41eb-b0be-9d91b3170b6c
[HEARTBEAT] Lightweight heartbeat sent for node f66b4762-c214-41eb-b0be-9d91b3170b6c
[MONITORING] MSG_STATECAPTURE sent (msg #177)
[HEARTBEAT] Lightweight heartbeat sent for node f66b4762-c214-41eb-b0be-9d91b3170b6c
[HEARTBEAT] Lightweight heartbeat sent for node f66b4762-c214-41eb-b0be-9d91b3170b6c
[HEARTBEAT] Lightweight heartbeat sent for node f66b4762-c214-41eb-b0be-9d91b3170b6c
[HEARTBEAT] Lightweight heartbeat sent for node f66b4762-c214-41eb-b0be-9d91b3170b6c
[HEARTBEAT] Lightweight heartbeat sent for node f66b4762-c214-41eb-b0be-9d91b3170b6c
[MONITORING] MSG_STATECAPTURE sent (msg #178)
[HEARTBEAT] Lightweight heartbeat sent for node f66b4762-c214-41eb-b0be-9d91b3170b6c
[HEARTBEAT] Lightweight heartbeat sent for node f66b4762-c214-41eb-b0be-9d91b3170b6c
[HEARTBEAT] Lightweight heartbeat sent for node f66b4762-c214-41eb-b0be-9d91b3170b6c
[HEARTBEAT] Lightweight heartbeat sent for node f66b4762-c214-41eb-b0be-9d91b3170b6c
[HEARTBEAT] Lightweight heartbeat sent for node f66b4762-c214-41eb-b0be-9d91b3170b6c
[MONITORING] MSG_STATECAPTURE sent (msg #179)
[HEARTBEAT] Lightweight heartbeat sent for node f66b4762-c214-41eb-b0be-9d91b3170b6c
[HEARTBEAT] Lightweight heartbeat sent for node f66b4762-c214-41eb-b0be-9d91b3170b6c
[HEARTBEAT] Lightweight heartbeat sent for node f66b4762-c214-41eb-b0be-9d91b3170b6c
[HEARTBEAT] Lightweight heartbeat sent for node f66b4762-c214-41eb-b0be-9d91b3170b6c
[HEARTBEAT] Lightweight heartbeat sent for node f66b4762-c214-41eb-b0be-9d91b3170b6c
[MONITORING] MSG_STATECAPTURE sent (msg #180)
[HEARTBEAT] Lightweight heartbeat sent for node f66b4762-c214-41eb-b0be-9d91b3170b6c
[HEARTBEAT] Lightweight heartbeat sent for node f66b4762-c214-41eb-b0be-9d91b3170b6c
[HEARTBEAT] Lightweight heartbeat sent for node f66b4762-c214-41eb-b0be-9d91b3170b6c
[HEARTBEAT] Lightweight heartbeat sent for node f66b4762-c214-41eb-b0be-9d91b3170b6c
[HEARTBEAT] Lightweight heartbeat sent for node f66b4762-c214-41eb-b0be-9d91b3170b6c
[MONITORING] MSG_STATECAPTURE sent (msg #181)
[HEARTBEAT] Lightweight heartbeat sent for node f66b4762-c214-41eb-b0be-9d91b3170b6c
[HEARTBEAT] Lightweight heartbeat sent for node f66b4762-c214-41eb-b0be-9d91b3170b6c
[HEARTBEAT] Lightweight heartbeat sent for node f66b4762-c214-41eb-b0be-9d91b3170b6c
[HEARTBEAT] Lightweight heartbeat sent for node f66b4762-c214-41eb-b0be-9d91b3170b6c
[HEARTBEAT] Lightweight heartbeat sent for node f66b4762-c214-41eb-b0be-9d91b3170b6c
[MONITORING] MSG_STATECAPTURE sent (msg #182)
[HEARTBEAT] Lightweight heartbeat sent for node f66b4762-c214-41eb-b0be-9d91b3170b6c
[HEARTBEAT] Lightweight heartbeat sent for node f66b4762-c214-41eb-b0be-9d91b3170b6c
[HEARTBEAT] Lightweight heartbeat sent for node f66b4762-c214-41eb-b0be-9d91b3170b6c
[HEARTBEAT] Lightweight heartbeat sent for node f66b4762-c214-41eb-b0be-9d91b3170b6c
[HEARTBEAT] Lightweight heartbeat sent for node f66b4762-c214-41eb-b0be-9d91b3170b6c
[MONITORING] MSG_STATECAPTURE sent (msg #183)
[HEARTBEAT] Lightweight heartbeat sent for node f66b4762-c214-41eb-b0be-9d91b3170b6c
[HEARTBEAT] Lightweight heartbeat sent for node f66b4762-c214-41eb-b0be-9d91b3170b6c
[HEARTBEAT] Lightweight heartbeat sent for node f66b4762-c214-41eb-b0be-9d91b3170b6c
[HEARTBEAT] Lightweight heartbeat sent for node f66b4762-c214-41eb-b0be-9d91b3170b6c
[HEARTBEAT] Lightweight heartbeat sent for node f66b4762-c214-41eb-b0be-9d91b3170b6c
[MONITORING] MSG_STATECAPTURE sent (msg #184)
[HEARTBEAT] Lightweight heartbeat sent for node f66b4762-c214-41eb-b0be-9d91b3170b6c
[HEARTBEAT] Lightweight heartbeat sent for node f66b4762-c214-41eb-b0be-9d91b3170b6c
[HEARTBEAT] Lightweight heartbeat sent for node f66b4762-c214-41eb-b0be-9d91b3170b6c
[HEARTBEAT] Lightweight heartbeat sent for node f66b4762-c214-41eb-b0be-9d91b3170b6c
[HEARTBEAT] Lightweight heartbeat sent for node f66b4762-c214-41eb-b0be-9d91b3170b6c
[MONITORING] MSG_STATECAPTURE sent (msg #185)
[HEARTBEAT] Lightweight heartbeat sent for node f66b4762-c214-41eb-b0be-9d91b3170b6c
[HEARTBEAT] Lightweight heartbeat sent for node f66b4762-c214-41eb-b0be-9d91b3170b6c
[HEARTBEAT] Lightweight heartbeat sent for node f66b4762-c214-41eb-b0be-9d91b3170b6c
[HEARTBEAT] Lightweight heartbeat sent for node f66b4762-c214-41eb-b0be-9d91b3170b6c
[HEARTBEAT] Lightweight heartbeat sent for node f66b4762-c214-41eb-b0be-9d91b3170b6c
[MONITORING] MSG_STATECAPTURE sent (msg #186)
[HEARTBEAT] Lightweight heartbeat sent for node f66b4762-c214-41eb-b0be-9d91b3170b6c
[HEARTBEAT] Lightweight heartbeat sent for node f66b4762-c214-41eb-b0be-9d91b3170b6c
[HEARTBEAT] Lightweight heartbeat sent for node f66b4762-c214-41eb-b0be-9d91b3170b6c
[HEARTBEAT] Lightweight heartbeat sent for node f66b4762-c214-41eb-b0be-9d91b3170b6c
[HEARTBEAT] Lightweight heartbeat sent for node f66b4762-c214-41eb-b0be-9d91b3170b6c
[MONITORING] MSG_STATECAPTURE sent (msg #187)
[HEARTBEAT] Lightweight heartbeat sent for node f66b4762-c214-41eb-b0be-9d91b3170b6c
[HEARTBEAT] Lightweight heartbeat sent for node f66b4762-c214-41eb-b0be-9d91b3170b6c
[HEARTBEAT] Lightweight heartbeat sent for node f66b4762-c214-41eb-b0be-9d91b3170b6c
[HEARTBEAT] Lightweight heartbeat sent for node f66b4762-c214-41eb-b0be-9d91b3170b6c
[HEARTBEAT] Lightweight heartbeat sent for node f66b4762-c214-41eb-b0be-9d91b3170b6c
[MONITORING] MSG_STATECAPTURE sent (msg #188)
[HEARTBEAT] Lightweight heartbeat sent for node f66b4762-c214-41eb-b0be-9d91b3170b6c
[HEARTBEAT] Lightweight heartbeat sent for node f66b4762-c214-41eb-b0be-9d91b3170b6c
[HEARTBEAT] Lightweight heartbeat sent for node f66b4762-c214-41eb-b0be-9d91b3170b6c
[HEARTBEAT] Lightweight heartbeat sent for node f66b4762-c214-41eb-b0be-9d91b3170b6c
[HEARTBEAT] Lightweight heartbeat sent for node f66b4762-c214-41eb-b0be-9d91b3170b6c
[MONITORING] MSG_STATECAPTURE sent (msg #189)
[HEARTBEAT] Lightweight heartbeat sent for node f66b4762-c214-41eb-b0be-9d91b3170b6c
[HEARTBEAT] Lightweight heartbeat sent for node f66b4762-c214-41eb-b0be-9d91b3170b6c
[HEARTBEAT] Lightweight heartbeat sent for node f66b4762-c214-41eb-b0be-9d91b3170b6c
[HEARTBEAT] Lightweight heartbeat sent for node f66b4762-c214-41eb-b0be-9d91b3170b6c
[HEARTBEAT] Lightweight heartbeat sent for node f66b4762-c214-41eb-b0be-9d91b3170b6c
[MONITORING] MSG_STATECAPTURE sent (msg #190)
[HEARTBEAT] Lightweight heartbeat sent for node f66b4762-c214-41eb-b0be-9d91b3170b6c
[HEARTBEAT] Lightweight heartbeat sent for node f66b4762-c214-41eb-b0be-9d91b3170b6c
[HEARTBEAT] Lightweight heartbeat sent for node f66b4762-c214-41eb-b0be-9d91b3170b6c
[HEARTBEAT] Lightweight heartbeat sent for node f66b4762-c214-41eb-b0be-9d91b3170b6c
[HEARTBEAT] Lightweight heartbeat sent for node f66b4762-c214-41eb-b0be-9d91b3170b6c
[MONITORING] MSG_STATECAPTURE sent (msg #191)
[HEARTBEAT] Lightweight heartbeat sent for node f66b4762-c214-41eb-b0be-9d91b3170b6c
[HEARTBEAT] Lightweight heartbeat sent for node f66b4762-c214-41eb-b0be-9d91b3170b6c
[HEARTBEAT] Lightweight heartbeat sent for node f66b4762-c214-41eb-b0be-9d91b3170b6c
[HEARTBEAT] Lightweight heartbeat sent for node f66b4762-c214-41eb-b0be-9d91b3170b6c
[HEARTBEAT] Lightweight heartbeat sent for node f66b4762-c214-41eb-b0be-9d91b3170b6c
[MONITORING] MSG_STATECAPTURE sent (msg #192)
[HEARTBEAT] Lightweight heartbeat sent for node f66b4762-c214-41eb-b0be-9d91b3170b6c
[HEARTBEAT] Lightweight heartbeat sent for node f66b4762-c214-41eb-b0be-9d91b3170b6c
[HEARTBEAT] Lightweight heartbeat sent for node f66b4762-c214-41eb-b0be-9d91b3170b6c
[HEARTBEAT] Lightweight heartbeat sent for node f66b4762-c214-41eb-b0be-9d91b3170b6c
[HEARTBEAT] Lightweight heartbeat sent for node f66b4762-c214-41eb-b0be-9d91b3170b6c
[MONITORING] MSG_STATECAPTURE sent (msg #193)
[HEARTBEAT] Lightweight heartbeat sent for node f66b4762-c214-41eb-b0be-9d91b3170b6c
[HEARTBEAT] Lightweight heartbeat sent for node f66b4762-c214-41eb-b0be-9d91b3170b6c
[HEARTBEAT] Lightweight heartbeat sent for node f66b4762-c214-41eb-b0be-9d91b3170b6c
[HEARTBEAT] Lightweight heartbeat sent for node f66b4762-c214-41eb-b0be-9d91b3170b6c
[HEARTBEAT] Lightweight heartbeat sent for node f66b4762-c214-41eb-b0be-9d91b3170b6c
[MONITORING] MSG_STATECAPTURE sent (msg #194)
[HEARTBEAT] Lightweight heartbeat sent for node f66b4762-c214-41eb-b0be-9d91b3170b6c
[HEARTBEAT] Lightweight heartbeat sent for node f66b4762-c214-41eb-b0be-9d91b3170b6c
[HEARTBEAT] Lightweight heartbeat sent for node f66b4762-c214-41eb-b0be-9d91b3170b6c
[HEARTBEAT] Lightweight heartbeat sent for node f66b4762-c214-41eb-b0be-9d91b3170b6c
[HEARTBEAT] Lightweight heartbeat sent for node f66b4762-c214-41eb-b0be-9d91b3170b6c
[MONITORING] MSG_STATECAPTURE sent (msg #195)
[HEARTBEAT] Lightweight heartbeat sent for node f66b4762-c214-41eb-b0be-9d91b3170b6c
[HEARTBEAT] Lightweight heartbeat sent for node f66b4762-c214-41eb-b0be-9d91b3170b6c
[HEARTBEAT] Lightweight heartbeat sent for node f66b4762-c214-41eb-b0be-9d91b3170b6c
[HEARTBEAT] Lightweight heartbeat sent for node f66b4762-c214-41eb-b0be-9d91b3170b6c
[HEARTBEAT] Lightweight heartbeat sent for node f66b4762-c214-41eb-b0be-9d91b3170b6c
[MONITORING] MSG_STATECAPTURE sent (msg #196)
[HEARTBEAT] Lightweight heartbeat sent for node f66b4762-c214-41eb-b0be-9d91b3170b6c
[HEARTBEAT] Lightweight heartbeat sent for node f66b4762-c214-41eb-b0be-9d91b3170b6c
[HEARTBEAT] Lightweight heartbeat sent for node f66b4762-c214-41eb-b0be-9d91b3170b6c
[HEARTBEAT] Lightweight heartbeat sent for node f66b4762-c214-41eb-b0be-9d91b3170b6c
[HEARTBEAT] Lightweight heartbeat sent for node f66b4762-c214-41eb-b0be-9d91b3170b6c
[MONITORING] MSG_STATECAPTURE sent (msg #197)
[HEARTBEAT] Lightweight heartbeat sent for node f66b4762-c214-41eb-b0be-9d91b3170b6c
[HEARTBEAT] Lightweight heartbeat sent for node f66b4762-c214-41eb-b0be-9d91b3170b6c
[HEARTBEAT] Lightweight heartbeat sent for node f66b4762-c214-41eb-b0be-9d91b3170b6c
[HEARTBEAT] Lightweight heartbeat sent for node f66b4762-c214-41eb-b0be-9d91b3170b6c
[HEARTBEAT] Lightweight heartbeat sent for node f66b4762-c214-41eb-b0be-9d91b3170b6c
[MONITORING] MSG_STATECAPTURE sent (msg #198)
[HEARTBEAT] Lightweight heartbeat sent for node f66b4762-c214-41eb-b0be-9d91b3170b6c
[HEARTBEAT] Lightweight heartbeat sent for node f66b4762-c214-41eb-b0be-9d91b3170b6c
[HEARTBEAT] Lightweight heartbeat sent for node f66b4762-c214-41eb-b0be-9d91b3170b6c
[HEARTBEAT] Lightweight heartbeat sent for node f66b4762-c214-41eb-b0be-9d91b3170b6c
[HEARTBEAT] Lightweight heartbeat sent for node f66b4762-c214-41eb-b0be-9d91b3170b6c
[MONITORING] MSG_STATECAPTURE sent (msg #199)
[HEARTBEAT] Lightweight heartbeat sent for node f66b4762-c214-41eb-b0be-9d91b3170b6c
[HEARTBEAT] Lightweight heartbeat sent for node f66b4762-c214-41eb-b0be-9d91b3170b6c
[HEARTBEAT] Lightweight heartbeat sent for node f66b4762-c214-41eb-b0be-9d91b3170b6c
[HEARTBEAT] Lightweight heartbeat sent for node f66b4762-c214-41eb-b0be-9d91b3170b6c
[HEARTBEAT] Lightweight heartbeat sent for node f66b4762-c214-41eb-b0be-9d91b3170b6c
[MONITORING] MSG_STATECAPTURE sent (msg #200)
[HEARTBEAT] Lightweight heartbeat sent for node f66b4762-c214-41eb-b0be-9d91b3170b6c
[HEARTBEAT] Lightweight heartbeat sent for node f66b4762-c214-41eb-b0be-9d91b3170b6c
[HEARTBEAT] Lightweight heartbeat sent for node f66b4762-c214-41eb-b0be-9d91b3170b6c
[HEARTBEAT] Lightweight heartbeat sent for node f66b4762-c214-41eb-b0be-9d91b3170b6c
[HEARTBEAT] Lightweight heartbeat sent for node f66b4762-c214-41eb-b0be-9d91b3170b6c
[MONITORING] MSG_STATECAPTURE sent (msg #201)
[HEARTBEAT] Lightweight heartbeat sent for node f66b4762-c214-41eb-b0be-9d91b3170b6c
[HEARTBEAT] Lightweight heartbeat sent for node f66b4762-c214-41eb-b0be-9d91b3170b6c
[HEARTBEAT] Lightweight heartbeat sent for node f66b4762-c214-41eb-b0be-9d91b3170b6c
[HEARTBEAT] Lightweight heartbeat sent for node f66b4762-c214-41eb-b0be-9d91b3170b6c
[HEARTBEAT] Lightweight heartbeat sent for node f66b4762-c214-41eb-b0be-9d91b3170b6c
[MONITORING] MSG_STATECAPTURE sent (msg #202)
[HEARTBEAT] Lightweight heartbeat sent for node f66b4762-c214-41eb-b0be-9d91b3170b6c
[HEARTBEAT] Lightweight heartbeat sent for node f66b4762-c214-41eb-b0be-9d91b3170b6c
[HEARTBEAT] Lightweight heartbeat sent for node f66b4762-c214-41eb-b0be-9d91b3170b6c
[HEARTBEAT] Lightweight heartbeat sent for node f66b4762-c214-41eb-b0be-9d91b3170b6c
[HEARTBEAT] Lightweight heartbeat sent for node f66b4762-c214-41eb-b0be-9d91b3170b6c
[MONITORING] MSG_STATECAPTURE sent (msg #203)
[THREAD] Master Thread stopped
[HEARTBEAT] Lightweight heartbeat sent for node f66b4762-c214-41eb-b0be-9d91b3170b6c
[HEARTBEAT] Lightweight heartbeat sent for node f66b4762-c214-41eb-b0be-9d91b3170b6c
[HEARTBEAT] Lightweight heartbeat sent for node f66b4762-c214-41eb-b0be-9d91b3170b6c
[HEARTBEAT] Lightweight heartbeat sent for node f66b4762-c214-41eb-b0be-9d91b3170b6c
[HEARTBEAT] Lightweight heartbeat sent for node f66b4762-c214-41eb-b0be-9d91b3170b6c
[THREAD] Monitoring thread stopped
[HEARTBEAT] Thread stopped
[THREAD] Heartbeat thread stopped
Removed queue: outgoing (id=30)
Removed queue: HELLO (id=33)
Removed queue: PROG (id=38)
destroy_queues: msgctl IPC_RMID: Invalid argument
destroy_queues: msgctl IPC_RMID: Invalid argument
destroy_queues: msgctl IPC_RMID: Invalid argument
destroy_queues: msgctl IPC_RMID: Invalid argument
destroy_queues: msgctl IPC_RMID: Invalid argument
destroy_queues: msgctl IPC_RMID: Invalid argument
destroy_queues: msgctl IPC_RMID: Invalid argument
destroy_queues: msgctl IPC_RMID: Invalid argument
destroy_queues: msgctl IPC_RMID: Invalid argument
destroy_queues: msgctl IPC_RMID: Invalid argument
destroy_queues: msgctl IPC_RMID: Invalid argument
destroy_queues: msgctl IPC_RMID: Invalid argument
destroy_queues: msgctl IPC_RMID: Invalid argument
destroy_queues: msgctl IPC_RMID: Invalid argument
destroy_queues: msgctl IPC_RMID: Invalid argument
destroy_queues: msgctl IPC_RMID: Invalid argument
destroy_queues: msgctl IPC_RMID: Invalid argument
destroy_queues: msgctl IPC_RMID: Invalid argument
destroy_queues: msgctl IPC_RMID: Invalid argument
destroy_queues: msgctl IPC_RMID: Invalid argument
[THREAD] Network thread stopped
[INIT] UUID loaded from file: f66b4762-c214-41eb-b0be-9d91b3170b6c
[INIT] Initial role: 3
[THREAD] Network thread started
listening for connections on port 9000UDP listening on port 9001

╔════════════════════════════════════════════════════════════════════╗
║ [SENDING] Message Type: MSG_HELLO                                             ║
╚════════════════════════════════════════════════════════════════════╝
  ▼ IDENTITÉ
    • UUID:      f66b4762-c214-41eb-b0be-9d91b3170b6c
    • IP:        192.168.30.43:9000
    • Timestamp: 2026-07-03 17:59:01 (1783097941)
    • Type:      1
    • Role:      3
  ▼ CPU
    • Usage:           0.00%
    • Load Average:    0.00, 0.00, 0.00
    • Cores:           0
    • Threads/Core:    0
    • Frequency:       0.00 MHz
    • Model:           
  ▼ MÉMOIRE (RAM)
    • Usage:           0.00%
    • Available:       0.00 MB
    • Used:            0 MB
    • Total:           0 MB
  ▼ DISQUE
    • Usage:           0.00%
    • Used:            0 MB
    • Total:           0 MB
    • Mount Point:     
  ▼ RÉSEAU
    • Bandwidth:       0.00 Mbps
    • Connections:     0
    • Interface:       wlp3s0
  ▼ SYSTÈME
    • Active Processes:    0
    • Context Switch Rate: 0.00/s
    • Uptime:              0 seconds
    • Is Overloaded:       NO
  ▼ CALCULS
    • Queue Length: 0
    • Score:        0.00
╔════════════════════════════════════════════════════════════════════╗

Waiting for controller's IP reply on port 9001 via message queue...
[INIT] HELLO sent: uuid=f66b4762-c214-41eb-b0be-9d91b3170b6c on interface wlp3s0

--- Controller IP Received ---
Message Type: HELLO
Controller IP: 192.168.30.7
[THREAD] Heartbeat (lightweight status) thread started
[THREAD] Monitoring thread started
[HEARTBEAT] Thread started
[THREAD] Master Thread started
[CONFIG] Detected config change, reloading...
Waiting for programs on MQ: PROG
[HEARTBEAT] Lightweight heartbeat sent for node f66b4762-c214-41eb-b0be-9d91b3170b6c

╔════════════════════════════════════════════════════════════════════╗
║ [SENDING] Message Type: MSG_STATECAPTURE_INIT                                 ║
╚════════════════════════════════════════════════════════════════════╝
  ▼ IDENTITÉ
    • UUID:      f66b4762-c214-41eb-b0be-9d91b3170b6c
    • IP:        192.168.30.43:9000
    • Timestamp: 2026-07-03 17:59:02 (1783097942)
    • Type:      3
    • Role:      3
  ▼ CPU
    • Usage:           19.10%
    • Load Average:    3.21, 2.37, 2.09
    • Cores:           4
    • Threads/Core:    8
    • Frequency:       2462.18 MHz
    • Model:           Intel(R) Core(TM) i7-2820QM CPU @ 2.30GHz
  ▼ MÉMOIRE (RAM)
    • Usage:           70.78%
    • Available:       4639.61 MB
    • Used:            11241 MB
    • Total:           15881 MB
  ▼ DISQUE
    • Usage:           0.00%
    • Used:            542505 MB
    • Total:           599296 MB
    • Mount Point:     /
  ▼ RÉSEAU
    • Bandwidth:       0.00 Mbps
    • Connections:     191
    • Interface:       wlp3s0
  ▼ SYSTÈME
    • Active Processes:    6
    • Context Switch Rate: 0.07/s
    • Uptime:              8591 seconds
    • Is Overloaded:       NO
  ▼ CALCULS
    • Queue Length: 0
    • Score:        0.00
╔════════════════════════════════════════════════════════════════════╗

[MONITORING] MSG_STATECAPTURE_INIT sent (msg #1)
[HEARTBEAT] Lightweight heartbeat sent for node f66b4762-c214-41eb-b0be-9d91b3170b6c
[HEARTBEAT] Lightweight heartbeat sent for node f66b4762-c214-41eb-b0be-9d91b3170b6c
[HEARTBEAT] Lightweight heartbeat sent for node f66b4762-c214-41eb-b0be-9d91b3170b6c
[HEARTBEAT] Lightweight heartbeat sent for node f66b4762-c214-41eb-b0be-9d91b3170b6c
[HEARTBEAT] Lightweight heartbeat sent for node f66b4762-c214-41eb-b0be-9d91b3170b6c
[MONITORING] MSG_STATECAPTURE sent (msg #2)
[HEARTBEAT] Lightweight heartbeat sent for node f66b4762-c214-41eb-b0be-9d91b3170b6c
[HEARTBEAT] Lightweight heartbeat sent for node f66b4762-c214-41eb-b0be-9d91b3170b6c
[HEARTBEAT] Lightweight heartbeat sent for node f66b4762-c214-41eb-b0be-9d91b3170b6c
[HEARTBEAT] Lightweight heartbeat sent for node f66b4762-c214-41eb-b0be-9d91b3170b6c
[HEARTBEAT] Lightweight heartbeat sent for node f66b4762-c214-41eb-b0be-9d91b3170b6c
[MONITORING] MSG_STATECAPTURE sent (msg #3)
[HEARTBEAT] Lightweight heartbeat sent for node f66b4762-c214-41eb-b0be-9d91b3170b6c
[HEARTBEAT] Lightweight heartbeat sent for node f66b4762-c214-41eb-b0be-9d91b3170b6c
[HEARTBEAT] Lightweight heartbeat sent for node f66b4762-c214-41eb-b0be-9d91b3170b6c
[HEARTBEAT] Lightweight heartbeat sent for node f66b4762-c214-41eb-b0be-9d91b3170b6c
[HEARTBEAT] Lightweight heartbeat sent for node f66b4762-c214-41eb-b0be-9d91b3170b6c
[MONITORING] MSG_STATECAPTURE sent (msg #4)
[HEARTBEAT] Lightweight heartbeat sent for node f66b4762-c214-41eb-b0be-9d91b3170b6c
[HEARTBEAT] Lightweight heartbeat sent for node f66b4762-c214-41eb-b0be-9d91b3170b6c
[HEARTBEAT] Lightweight heartbeat sent for node f66b4762-c214-41eb-b0be-9d91b3170b6c
[HEARTBEAT] Lightweight heartbeat sent for node f66b4762-c214-41eb-b0be-9d91b3170b6c
[HEARTBEAT] Lightweight heartbeat sent for node f66b4762-c214-41eb-b0be-9d91b3170b6c
[MONITORING] MSG_STATECAPTURE sent (msg #5)
[HEARTBEAT] Lightweight heartbeat sent for node f66b4762-c214-41eb-b0be-9d91b3170b6c
[HEARTBEAT] Lightweight heartbeat sent for node f66b4762-c214-41eb-b0be-9d91b3170b6c
[HEARTBEAT] Lightweight heartbeat sent for node f66b4762-c214-41eb-b0be-9d91b3170b6c
[HEARTBEAT] Lightweight heartbeat sent for node f66b4762-c214-41eb-b0be-9d91b3170b6c
[HEARTBEAT] Lightweight heartbeat sent for node f66b4762-c214-41eb-b0be-9d91b3170b6c
[MONITORING] MSG_STATECAPTURE sent (msg #6)
[HEARTBEAT] Lightweight heartbeat sent for node f66b4762-c214-41eb-b0be-9d91b3170b6c
[HEARTBEAT] Lightweight heartbeat sent for node f66b4762-c214-41eb-b0be-9d91b3170b6c
[HEARTBEAT] Lightweight heartbeat sent for node f66b4762-c214-41eb-b0be-9d91b3170b6c
[HEARTBEAT] Lightweight heartbeat sent for node f66b4762-c214-41eb-b0be-9d91b3170b6c
[HEARTBEAT] Lightweight heartbeat sent for node f66b4762-c214-41eb-b0be-9d91b3170b6c
[MONITORING] MSG_STATECAPTURE sent (msg #7)
[HEARTBEAT] Lightweight heartbeat sent for node f66b4762-c214-41eb-b0be-9d91b3170b6c
[HEARTBEAT] Lightweight heartbeat sent for node f66b4762-c214-41eb-b0be-9d91b3170b6c
[HEARTBEAT] Lightweight heartbeat sent for node f66b4762-c214-41eb-b0be-9d91b3170b6c
[HEARTBEAT] Lightweight heartbeat sent for node f66b4762-c214-41eb-b0be-9d91b3170b6c
[HEARTBEAT] Lightweight heartbeat sent for node f66b4762-c214-41eb-b0be-9d91b3170b6c
[MONITORING] MSG_STATECAPTURE sent (msg #8)
[HEARTBEAT] Lightweight heartbeat sent for node f66b4762-c214-41eb-b0be-9d91b3170b6c
[HEARTBEAT] Lightweight heartbeat sent for node f66b4762-c214-41eb-b0be-9d91b3170b6c
[HEARTBEAT] Lightweight heartbeat sent for node f66b4762-c214-41eb-b0be-9d91b3170b6c
[HEARTBEAT] Lightweight heartbeat sent for node f66b4762-c214-41eb-b0be-9d91b3170b6c
[HEARTBEAT] Lightweight heartbeat sent for node f66b4762-c214-41eb-b0be-9d91b3170b6c
[MONITORING] MSG_STATECAPTURE sent (msg #9)
[HEARTBEAT] Lightweight heartbeat sent for node f66b4762-c214-41eb-b0be-9d91b3170b6c
[HEARTBEAT] Lightweight heartbeat sent for node f66b4762-c214-41eb-b0be-9d91b3170b6c
[HEARTBEAT] Lightweight heartbeat sent for node f66b4762-c214-41eb-b0be-9d91b3170b6c
[HEARTBEAT] Lightweight heartbeat sent for node f66b4762-c214-41eb-b0be-9d91b3170b6c
[HEARTBEAT] Lightweight heartbeat sent for node f66b4762-c214-41eb-b0be-9d91b3170b6c
[MONITORING] MSG_STATECAPTURE sent (msg #10)
[HEARTBEAT] Lightweight heartbeat sent for node f66b4762-c214-41eb-b0be-9d91b3170b6c
[HEARTBEAT] Lightweight heartbeat sent for node f66b4762-c214-41eb-b0be-9d91b3170b6c
[HEARTBEAT] Lightweight heartbeat sent for node f66b4762-c214-41eb-b0be-9d91b3170b6c
[HEARTBEAT] Lightweight heartbeat sent for node f66b4762-c214-41eb-b0be-9d91b3170b6c
[HEARTBEAT] Lightweight heartbeat sent for node f66b4762-c214-41eb-b0be-9d91b3170b6c
[MONITORING] MSG_STATECAPTURE sent (msg #11)
[HEARTBEAT] Lightweight heartbeat sent for node f66b4762-c214-41eb-b0be-9d91b3170b6c
[HEARTBEAT] Lightweight heartbeat sent for node f66b4762-c214-41eb-b0be-9d91b3170b6c
[HEARTBEAT] Lightweight heartbeat sent for node f66b4762-c214-41eb-b0be-9d91b3170b6c
[HEARTBEAT] Lightweight heartbeat sent for node f66b4762-c214-41eb-b0be-9d91b3170b6c
[HEARTBEAT] Lightweight heartbeat sent for node f66b4762-c214-41eb-b0be-9d91b3170b6c
[MONITORING] MSG_STATECAPTURE sent (msg #12)
[HEARTBEAT] Lightweight heartbeat sent for node f66b4762-c214-41eb-b0be-9d91b3170b6c
[HEARTBEAT] Lightweight heartbeat sent for node f66b4762-c214-41eb-b0be-9d91b3170b6c
[HEARTBEAT] Lightweight heartbeat sent for node f66b4762-c214-41eb-b0be-9d91b3170b6c
[HEARTBEAT] Lightweight heartbeat sent for node f66b4762-c214-41eb-b0be-9d91b3170b6c
[HEARTBEAT] Lightweight heartbeat sent for node f66b4762-c214-41eb-b0be-9d91b3170b6c
[MONITORING] MSG_STATECAPTURE sent (msg #13)
[HEARTBEAT] Lightweight heartbeat sent for node f66b4762-c214-41eb-b0be-9d91b3170b6c
[HEARTBEAT] Lightweight heartbeat sent for node f66b4762-c214-41eb-b0be-9d91b3170b6c
[NET] PROG
Received Program 
[Master] Generated ./progs/controller_ip.c with controller IP: 192.168.30.7
[Master] Saved program to ./progs/fb87f4d4-dcc3-419f-ac1c-2fbfeb191303.c
[Master] Parsing: Parser/build/mytool ./progs/fb87f4d4-dcc3-419f-ac1c-2fbfeb191303.c -- -I. > ./progs/fb87f4d4-dcc3-419f-ac1c-2fbfeb191303.c.parse_err 2>&1
[Master] Parsed output: ./progs/fb87f4d4-dcc3-419f-ac1c-2fbfeb191303.c_parsed.c
[Master] Compiling program: gcc ./progs/fb87f4d4-dcc3-419f-ac1c-2fbfeb191303.c_parsed.c ./progs/controller_ip.c Execution_Master/utils/master_exec.c Execution_Master/utils/orchestrator.c Execution_Master/utils/parallax_team.c Execution_Master/utils/barrier.c Execution_Master/utils/net_utils.c Agent_Init/network/network_agent.c Agent_Init/network/ms_queue.c Agent_Init/network/socket.c Agent_Init/network/linked_list.c -IExecution_Master/utils/ -IAgent_Init/network/ -Iparallax/ -I. -pthread -o ./progs/bin_fb87f4d4-dcc3-419f-ac1c-2fbfeb191303.c > ./progs/fb87f4d4-dcc3-419f-ac1c-2fbfeb191303.c.compile_err 2>&1
[Master] Program compiled successfully.
[Master] Executing program, output -> ./progs/fb87f4d4-dcc3-419f-ac1c-2fbfeb191303.c.log
[HEARTBEAT] Lightweight heartbeat sent for node f66b4762-c214-41eb-b0be-9d91b3170b6c
[NET] o1KjHk0
[NET] CHCK
[HEARTBEAT] Lightweight heartbeat sent for node f66b4762-c214-41eb-b0be-9d91b3170b6c
[NET] g8fAPjx
[NET] ozdpEZh
[NET] 1i7d7Fn
[HEARTBEAT] Lightweight heartbeat sent for node f66b4762-c214-41eb-b0be-9d91b3170b6c
[MONITORING] MSG_STATECAPTURE sent (msg #14)
[HEARTBEAT] Lightweight heartbeat sent for node f66b4762-c214-41eb-b0be-9d91b3170b6c
[HEARTBEAT] Lightweight heartbeat sent for node f66b4762-c214-41eb-b0be-9d91b3170b6c
[HEARTBEAT] Lightweight heartbeat sent for node f66b4762-c214-41eb-b0be-9d91b3170b6c
[HEARTBEAT] Lightweight heartbeat sent for node f66b4762-c214-41eb-b0be-9d91b3170b6c
[HEARTBEAT] Lightweight heartbeat sent for node f66b4762-c214-41eb-b0be-9d91b3170b6c
[MONITORING] MSG_STATECAPTURE sent (msg #15)
[HEARTBEAT] Lightweight heartbeat sent for node f66b4762-c214-41eb-b0be-9d91b3170b6c
[HEARTBEAT] Lightweight heartbeat sent for node f66b4762-c214-41eb-b0be-9d91b3170b6c
[HEARTBEAT] Lightweight heartbeat sent for node f66b4762-c214-41eb-b0be-9d91b3170b6c
[HEARTBEAT] Lightweight heartbeat sent for node f66b4762-c214-41eb-b0be-9d91b3170b6c
[HEARTBEAT] Lightweight heartbeat sent for node f66b4762-c214-41eb-b0be-9d91b3170b6c
[MONITORING] MSG_STATECAPTURE sent (msg #16)
[HEARTBEAT] Lightweight heartbeat sent for node f66b4762-c214-41eb-b0be-9d91b3170b6c
[HEARTBEAT] Lightweight heartbeat sent for node f66b4762-c214-41eb-b0be-9d91b3170b6c
[HEARTBEAT] Lightweight heartbeat sent for node f66b4762-c214-41eb-b0be-9d91b3170b6c
[HEARTBEAT] Lightweight heartbeat sent for node f66b4762-c214-41eb-b0be-9d91b3170b6c
[HEARTBEAT] Lightweight heartbeat sent for node f66b4762-c214-41eb-b0be-9d91b3170b6c
[MONITORING] MSG_STATECAPTURE sent (msg #17)
[HEARTBEAT] Lightweight heartbeat sent for node f66b4762-c214-41eb-b0be-9d91b3170b6c
[HEARTBEAT] Lightweight heartbeat sent for node f66b4762-c214-41eb-b0be-9d91b3170b6c
[HEARTBEAT] Lightweight heartbeat sent for node f66b4762-c214-41eb-b0be-9d91b3170b6c
[HEARTBEAT] Lightweight heartbeat sent for node f66b4762-c214-41eb-b0be-9d91b3170b6c
[HEARTBEAT] Lightweight heartbeat sent for node f66b4762-c214-41eb-b0be-9d91b3170b6c
[MONITORING] MSG_STATECAPTURE sent (msg #18)
[HEARTBEAT] Lightweight heartbeat sent for node f66b4762-c214-41eb-b0be-9d91b3170b6c
[HEARTBEAT] Lightweight heartbeat sent for node f66b4762-c214-41eb-b0be-9d91b3170b6c
[HEARTBEAT] Lightweight heartbeat sent for node f66b4762-c214-41eb-b0be-9d91b3170b6c
[HEARTBEAT] Lightweight heartbeat sent for node f66b4762-c214-41eb-b0be-9d91b3170b6c
[HEARTBEAT] Lightweight heartbeat sent for node f66b4762-c214-41eb-b0be-9d91b3170b6c
[MONITORING] MSG_STATECAPTURE sent (msg #19)
[HEARTBEAT] Lightweight heartbeat sent for node f66b4762-c214-41eb-b0be-9d91b3170b6c
[HEARTBEAT] Lightweight heartbeat sent for node f66b4762-c214-41eb-b0be-9d91b3170b6c
[HEARTBEAT] Lightweight heartbeat sent for node f66b4762-c214-41eb-b0be-9d91b3170b6c
[HEARTBEAT] Lightweight heartbeat sent for node f66b4762-c214-41eb-b0be-9d91b3170b6c
[HEARTBEAT] Lightweight heartbeat sent for node f66b4762-c214-41eb-b0be-9d91b3170b6c
[MONITORING] MSG_STATECAPTURE sent (msg #20)
[HEARTBEAT] Lightweight heartbeat sent for node f66b4762-c214-41eb-b0be-9d91b3170b6c
[HEARTBEAT] Lightweight heartbeat sent for node f66b4762-c214-41eb-b0be-9d91b3170b6c
[HEARTBEAT] Lightweight heartbeat sent for node f66b4762-c214-41eb-b0be-9d91b3170b6c
[HEARTBEAT] Lightweight heartbeat sent for node f66b4762-c214-41eb-b0be-9d91b3170b6c
[HEARTBEAT] Lightweight heartbeat sent for node f66b4762-c214-41eb-b0be-9d91b3170b6c
[MONITORING] MSG_STATECAPTURE sent (msg #21)
[HEARTBEAT] Lightweight heartbeat sent for node f66b4762-c214-41eb-b0be-9d91b3170b6c
[HEARTBEAT] Lightweight heartbeat sent for node f66b4762-c214-41eb-b0be-9d91b3170b6c
[HEARTBEAT] Lightweight heartbeat sent for node f66b4762-c214-41eb-b0be-9d91b3170b6c
[HEARTBEAT] Lightweight heartbeat sent for node f66b4762-c214-41eb-b0be-9d91b3170b6c
[HEARTBEAT] Lightweight heartbeat sent for node f66b4762-c214-41eb-b0be-9d91b3170b6c
[MONITORING] MSG_STATECAPTURE sent (msg #22)
[HEARTBEAT] Lightweight heartbeat sent for node f66b4762-c214-41eb-b0be-9d91b3170b6c
[HEARTBEAT] Lightweight heartbeat sent for node f66b4762-c214-41eb-b0be-9d91b3170b6c
[HEARTBEAT] Lightweight heartbeat sent for node f66b4762-c214-41eb-b0be-9d91b3170b6c
[HEARTBEAT] Lightweight heartbeat sent for node f66b4762-c214-41eb-b0be-9d91b3170b6c
[HEARTBEAT] Lightweight heartbeat sent for node f66b4762-c214-41eb-b0be-9d91b3170b6c
[MONITORING] MSG_STATECAPTURE sent (msg #23)
[HEARTBEAT] Lightweight heartbeat sent for node f66b4762-c214-41eb-b0be-9d91b3170b6c
[HEARTBEAT] Lightweight heartbeat sent for node f66b4762-c214-41eb-b0be-9d91b3170b6c
[HEARTBEAT] Lightweight heartbeat sent for node f66b4762-c214-41eb-b0be-9d91b3170b6c
[HEARTBEAT] Lightweight heartbeat sent for node f66b4762-c214-41eb-b0be-9d91b3170b6c
[HEARTBEAT] Lightweight heartbeat sent for node f66b4762-c214-41eb-b0be-9d91b3170b6c
[MONITORING] MSG_STATECAPTURE sent (msg #24)
[HEARTBEAT] Lightweight heartbeat sent for node f66b4762-c214-41eb-b0be-9d91b3170b6c
[HEARTBEAT] Lightweight heartbeat sent for node f66b4762-c214-41eb-b0be-9d91b3170b6c
[HEARTBEAT] Lightweight heartbeat sent for node f66b4762-c214-41eb-b0be-9d91b3170b6c
[HEARTBEAT] Lightweight heartbeat sent for node f66b4762-c214-41eb-b0be-9d91b3170b6c
[HEARTBEAT] Lightweight heartbeat sent for node f66b4762-c214-41eb-b0be-9d91b3170b6c
[MONITORING] MSG_STATECAPTURE sent (msg #25)
[HEARTBEAT] Lightweight heartbeat sent for node f66b4762-c214-41eb-b0be-9d91b3170b6c
[HEARTBEAT] Lightweight heartbeat sent for node f66b4762-c214-41eb-b0be-9d91b3170b6c
[HEARTBEAT] Lightweight heartbeat sent for node f66b4762-c214-41eb-b0be-9d91b3170b6c
[HEARTBEAT] Lightweight heartbeat sent for node f66b4762-c214-41eb-b0be-9d91b3170b6c
[HEARTBEAT] Lightweight heartbeat sent for node f66b4762-c214-41eb-b0be-9d91b3170b6c
[MONITORING] MSG_STATECAPTURE sent (msg #26)
[HEARTBEAT] Lightweight heartbeat sent for node f66b4762-c214-41eb-b0be-9d91b3170b6c
[HEARTBEAT] Lightweight heartbeat sent for node f66b4762-c214-41eb-b0be-9d91b3170b6c
[HEARTBEAT] Lightweight heartbeat sent for node f66b4762-c214-41eb-b0be-9d91b3170b6c
[HEARTBEAT] Lightweight heartbeat sent for node f66b4762-c214-41eb-b0be-9d91b3170b6c
[HEARTBEAT] Lightweight heartbeat sent for node f66b4762-c214-41eb-b0be-9d91b3170b6c
[MONITORING] MSG_STATECAPTURE sent (msg #27)
[HEARTBEAT] Lightweight heartbeat sent for node f66b4762-c214-41eb-b0be-9d91b3170b6c
[HEARTBEAT] Lightweight heartbeat sent for node f66b4762-c214-41eb-b0be-9d91b3170b6c
[HEARTBEAT] Lightweight heartbeat sent for node f66b4762-c214-41eb-b0be-9d91b3170b6c
[HEARTBEAT] Lightweight heartbeat sent for node f66b4762-c214-41eb-b0be-9d91b3170b6c
[HEARTBEAT] Lightweight heartbeat sent for node f66b4762-c214-41eb-b0be-9d91b3170b6c
[MONITORING] MSG_STATECAPTURE sent (msg #28)
[HEARTBEAT] Lightweight heartbeat sent for node f66b4762-c214-41eb-b0be-9d91b3170b6c
[HEARTBEAT] Lightweight heartbeat sent for node f66b4762-c214-41eb-b0be-9d91b3170b6c
[HEARTBEAT] Lightweight heartbeat sent for node f66b4762-c214-41eb-b0be-9d91b3170b6c
[HEARTBEAT] Lightweight heartbeat sent for node f66b4762-c214-41eb-b0be-9d91b3170b6c
[HEARTBEAT] Lightweight heartbeat sent for node f66b4762-c214-41eb-b0be-9d91b3170b6c
[MONITORING] MSG_STATECAPTURE sent (msg #29)
[HEARTBEAT] Lightweight heartbeat sent for node f66b4762-c214-41eb-b0be-9d91b3170b6c
[HEARTBEAT] Lightweight heartbeat sent for node f66b4762-c214-41eb-b0be-9d91b3170b6c
[HEARTBEAT] Lightweight heartbeat sent for node f66b4762-c214-41eb-b0be-9d91b3170b6c
[HEARTBEAT] Lightweight heartbeat sent for node f66b4762-c214-41eb-b0be-9d91b3170b6c
[HEARTBEAT] Lightweight heartbeat sent for node f66b4762-c214-41eb-b0be-9d91b3170b6c
[MONITORING] MSG_STATECAPTURE sent (msg #30)
[HEARTBEAT] Lightweight heartbeat sent for node f66b4762-c214-41eb-b0be-9d91b3170b6c
[HEARTBEAT] Lightweight heartbeat sent for node f66b4762-c214-41eb-b0be-9d91b3170b6c
[HEARTBEAT] Lightweight heartbeat sent for node f66b4762-c214-41eb-b0be-9d91b3170b6c
[HEARTBEAT] Lightweight heartbeat sent for node f66b4762-c214-41eb-b0be-9d91b3170b6c
[HEARTBEAT] Lightweight heartbeat sent for node f66b4762-c214-41eb-b0be-9d91b3170b6c
[MONITORING] MSG_STATECAPTURE sent (msg #31)
[HEARTBEAT] Lightweight heartbeat sent for node f66b4762-c214-41eb-b0be-9d91b3170b6c
[HEARTBEAT] Lightweight heartbeat sent for node f66b4762-c214-41eb-b0be-9d91b3170b6c
[HEARTBEAT] Lightweight heartbeat sent for node f66b4762-c214-41eb-b0be-9d91b3170b6c
[HEARTBEAT] Lightweight heartbeat sent for node f66b4762-c214-41eb-b0be-9d91b3170b6c
[HEARTBEAT] Lightweight heartbeat sent for node f66b4762-c214-41eb-b0be-9d91b3170b6c
[MONITORING] MSG_STATECAPTURE sent (msg #32)
[HEARTBEAT] Lightweight heartbeat sent for node f66b4762-c214-41eb-b0be-9d91b3170b6c
[HEARTBEAT] Lightweight heartbeat sent for node f66b4762-c214-41eb-b0be-9d91b3170b6c
[HEARTBEAT] Lightweight heartbeat sent for node f66b4762-c214-41eb-b0be-9d91b3170b6c
[HEARTBEAT] Lightweight heartbeat sent for node f66b4762-c214-41eb-b0be-9d91b3170b6c
[HEARTBEAT] Lightweight heartbeat sent for node f66b4762-c214-41eb-b0be-9d91b3170b6c
[MONITORING] MSG_STATECAPTURE sent (msg #33)
[HEARTBEAT] Lightweight heartbeat sent for node f66b4762-c214-41eb-b0be-9d91b3170b6c
[HEARTBEAT] Lightweight heartbeat sent for node f66b4762-c214-41eb-b0be-9d91b3170b6c
[HEARTBEAT] Lightweight heartbeat sent for node f66b4762-c214-41eb-b0be-9d91b3170b6c
[HEARTBEAT] Lightweight heartbeat sent for node f66b4762-c214-41eb-b0be-9d91b3170b6c
[HEARTBEAT] Lightweight heartbeat sent for node f66b4762-c214-41eb-b0be-9d91b3170b6c
[MONITORING] MSG_STATECAPTURE sent (msg #34)
[HEARTBEAT] Lightweight heartbeat sent for node f66b4762-c214-41eb-b0be-9d91b3170b6c
[HEARTBEAT] Lightweight heartbeat sent for node f66b4762-c214-41eb-b0be-9d91b3170b6c
[HEARTBEAT] Lightweight heartbeat sent for node f66b4762-c214-41eb-b0be-9d91b3170b6c
[HEARTBEAT] Lightweight heartbeat sent for node f66b4762-c214-41eb-b0be-9d91b3170b6c
[HEARTBEAT] Lightweight heartbeat sent for node f66b4762-c214-41eb-b0be-9d91b3170b6c
[MONITORING] MSG_STATECAPTURE sent (msg #35)
[HEARTBEAT] Lightweight heartbeat sent for node f66b4762-c214-41eb-b0be-9d91b3170b6c
[HEARTBEAT] Lightweight heartbeat sent for node f66b4762-c214-41eb-b0be-9d91b3170b6c
[HEARTBEAT] Lightweight heartbeat sent for node f66b4762-c214-41eb-b0be-9d91b3170b6c
[HEARTBEAT] Lightweight heartbeat sent for node f66b4762-c214-41eb-b0be-9d91b3170b6c
[HEARTBEAT] Lightweight heartbeat sent for node f66b4762-c214-41eb-b0be-9d91b3170b6c
[MONITORING] MSG_STATECAPTURE sent (msg #36)
[HEARTBEAT] Lightweight heartbeat sent for node f66b4762-c214-41eb-b0be-9d91b3170b6c
[HEARTBEAT] Lightweight heartbeat sent for node f66b4762-c214-41eb-b0be-9d91b3170b6c
[HEARTBEAT] Lightweight heartbeat sent for node f66b4762-c214-41eb-b0be-9d91b3170b6c
[HEARTBEAT] Lightweight heartbeat sent for node f66b4762-c214-41eb-b0be-9d91b3170b6c
[HEARTBEAT] Lightweight heartbeat sent for node f66b4762-c214-41eb-b0be-9d91b3170b6c
[MONITORING] MSG_STATECAPTURE sent (msg #37)
[HEARTBEAT] Lightweight heartbeat sent for node f66b4762-c214-41eb-b0be-9d91b3170b6c
[HEARTBEAT] Lightweight heartbeat sent for node f66b4762-c214-41eb-b0be-9d91b3170b6c
[Master] Program finished. Log at: ./progs/fb87f4d4-dcc3-419f-ac1c-2fbfeb191303.c.log
[Master] Execution log sent to controller (status=OK)
[HEARTBEAT] Lightweight heartbeat sent for node f66b4762-c214-41eb-b0be-9d91b3170b6c
[HEARTBEAT] Lightweight heartbeat sent for node f66b4762-c214-41eb-b0be-9d91b3170b6c
[HEARTBEAT] Lightweight heartbeat sent for node f66b4762-c214-41eb-b0be-9d91b3170b6c
[MONITORING] MSG_STATECAPTURE sent (msg #38)
[HEARTBEAT] Lightweight heartbeat sent for node f66b4762-c214-41eb-b0be-9d91b3170b6c
[HEARTBEAT] Lightweight heartbeat sent for node f66b4762-c214-41eb-b0be-9d91b3170b6c
[HEARTBEAT] Lightweight heartbeat sent for node f66b4762-c214-41eb-b0be-9d91b3170b6c
[HEARTBEAT] Lightweight heartbeat sent for node f66b4762-c214-41eb-b0be-9d91b3170b6c
[HEARTBEAT] Lightweight heartbeat sent for node f66b4762-c214-41eb-b0be-9d91b3170b6c
[MONITORING] MSG_STATECAPTURE sent (msg #39)
[HEARTBEAT] Lightweight heartbeat sent for node f66b4762-c214-41eb-b0be-9d91b3170b6c
[HEARTBEAT] Lightweight heartbeat sent for node f66b4762-c214-41eb-b0be-9d91b3170b6c
[HEARTBEAT] Lightweight heartbeat sent for node f66b4762-c214-41eb-b0be-9d91b3170b6c
[HEARTBEAT] Lightweight heartbeat sent for node f66b4762-c214-41eb-b0be-9d91b3170b6c
[HEARTBEAT] Lightweight heartbeat sent for node f66b4762-c214-41eb-b0be-9d91b3170b6c
[MONITORING] MSG_STATECAPTURE sent (msg #40)
[HEARTBEAT] Lightweight heartbeat sent for node f66b4762-c214-41eb-b0be-9d91b3170b6c
[HEARTBEAT] Lightweight heartbeat sent for node f66b4762-c214-41eb-b0be-9d91b3170b6c
[HEARTBEAT] Lightweight heartbeat sent for node f66b4762-c214-41eb-b0be-9d91b3170b6c
[HEARTBEAT] Lightweight heartbeat sent for node f66b4762-c214-41eb-b0be-9d91b3170b6c
[HEARTBEAT] Lightweight heartbeat sent for node f66b4762-c214-41eb-b0be-9d91b3170b6c
[MONITORING] MSG_STATECAPTURE sent (msg #41)
[HEARTBEAT] Lightweight heartbeat sent for node f66b4762-c214-41eb-b0be-9d91b3170b6c
[HEARTBEAT] Lightweight heartbeat sent for node f66b4762-c214-41eb-b0be-9d91b3170b6c
[NET] PROG
Received Program 
[Master] Generated ./progs/controller_ip.c with controller IP: 192.168.30.7
[Master] Saved program to ./progs/6768ddc6-b3d4-4813-a793-981551bd29f8.c
[Master] Parsing: Parser/build/mytool ./progs/6768ddc6-b3d4-4813-a793-981551bd29f8.c -- -I. > ./progs/6768ddc6-b3d4-4813-a793-981551bd29f8.c.parse_err 2>&1
[Master] Parsed output: ./progs/6768ddc6-b3d4-4813-a793-981551bd29f8.c_parsed.c
[Master] Compiling program: gcc ./progs/6768ddc6-b3d4-4813-a793-981551bd29f8.c_parsed.c ./progs/controller_ip.c Execution_Master/utils/master_exec.c Execution_Master/utils/orchestrator.c Execution_Master/utils/parallax_team.c Execution_Master/utils/barrier.c Execution_Master/utils/net_utils.c Agent_Init/network/network_agent.c Agent_Init/network/ms_queue.c Agent_Init/network/socket.c Agent_Init/network/linked_list.c -IExecution_Master/utils/ -IAgent_Init/network/ -Iparallax/ -I. -pthread -o ./progs/bin_6768ddc6-b3d4-4813-a793-981551bd29f8.c > ./progs/6768ddc6-b3d4-4813-a793-981551bd29f8.c.compile_err 2>&1
[Master] Program compiled successfully.
[Master] Executing program, output -> ./progs/6768ddc6-b3d4-4813-a793-981551bd29f8.c.log
[NET] Fedkzto
[NET] CHCK
[HEARTBEAT] Lightweight heartbeat sent for node f66b4762-c214-41eb-b0be-9d91b3170b6c
[HEARTBEAT] Lightweight heartbeat sent for node f66b4762-c214-41eb-b0be-9d91b3170b6c
[NET] f3ybjhW
[NET] qiKQIrV
[NET] 8w6Dy7N
[HEARTBEAT] Lightweight heartbeat sent for node f66b4762-c214-41eb-b0be-9d91b3170b6c
[MONITORING] MSG_STATECAPTURE sent (msg #42)
[HEARTBEAT] Lightweight heartbeat sent for node f66b4762-c214-41eb-b0be-9d91b3170b6c
[HEARTBEAT] Lightweight heartbeat sent for node f66b4762-c214-41eb-b0be-9d91b3170b6c
[HEARTBEAT] Lightweight heartbeat sent for node f66b4762-c214-41eb-b0be-9d91b3170b6c
[HEARTBEAT] Lightweight heartbeat sent for node f66b4762-c214-41eb-b0be-9d91b3170b6c
[MONITORING] MSG_STATECAPTURE sent (msg #43)
[HEARTBEAT] Lightweight heartbeat sent for node f66b4762-c214-41eb-b0be-9d91b3170b6c
[HEARTBEAT] Lightweight heartbeat sent for node f66b4762-c214-41eb-b0be-9d91b3170b6c
[HEARTBEAT] Lightweight heartbeat sent for node f66b4762-c214-41eb-b0be-9d91b3170b6c
[HEARTBEAT] Lightweight heartbeat sent for node f66b4762-c214-41eb-b0be-9d91b3170b6c
[HEARTBEAT] Lightweight heartbeat sent for node f66b4762-c214-41eb-b0be-9d91b3170b6c
[MONITORING] MSG_STATECAPTURE sent (msg #44)
[HEARTBEAT] Lightweight heartbeat sent for node f66b4762-c214-41eb-b0be-9d91b3170b6c
[HEARTBEAT] Lightweight heartbeat sent for node f66b4762-c214-41eb-b0be-9d91b3170b6c
[HEARTBEAT] Lightweight heartbeat sent for node f66b4762-c214-41eb-b0be-9d91b3170b6c
[HEARTBEAT] Lightweight heartbeat sent for node f66b4762-c214-41eb-b0be-9d91b3170b6c
[HEARTBEAT] Lightweight heartbeat sent for node f66b4762-c214-41eb-b0be-9d91b3170b6c
[MONITORING] MSG_STATECAPTURE sent (msg #45)
[HEARTBEAT] Lightweight heartbeat sent for node f66b4762-c214-41eb-b0be-9d91b3170b6c
[HEARTBEAT] Lightweight heartbeat sent for node f66b4762-c214-41eb-b0be-9d91b3170b6c
[HEARTBEAT] Lightweight heartbeat sent for node f66b4762-c214-41eb-b0be-9d91b3170b6c
[HEARTBEAT] Lightweight heartbeat sent for node f66b4762-c214-41eb-b0be-9d91b3170b6c
[HEARTBEAT] Lightweight heartbeat sent for node f66b4762-c214-41eb-b0be-9d91b3170b6c
[MONITORING] MSG_STATECAPTURE sent (msg #46)
[HEARTBEAT] Lightweight heartbeat sent for node f66b4762-c214-41eb-b0be-9d91b3170b6c
[HEARTBEAT] Lightweight heartbeat sent for node f66b4762-c214-41eb-b0be-9d91b3170b6c
[HEARTBEAT] Lightweight heartbeat sent for node f66b4762-c214-41eb-b0be-9d91b3170b6c
[HEARTBEAT] Lightweight heartbeat sent for node f66b4762-c214-41eb-b0be-9d91b3170b6c
[HEARTBEAT] Lightweight heartbeat sent for node f66b4762-c214-41eb-b0be-9d91b3170b6c
[MONITORING] MSG_STATECAPTURE sent (msg #47)
[HEARTBEAT] Lightweight heartbeat sent for node f66b4762-c214-41eb-b0be-9d91b3170b6c
[HEARTBEAT] Lightweight heartbeat sent for node f66b4762-c214-41eb-b0be-9d91b3170b6c
[HEARTBEAT] Lightweight heartbeat sent for node f66b4762-c214-41eb-b0be-9d91b3170b6c
[HEARTBEAT] Lightweight heartbeat sent for node f66b4762-c214-41eb-b0be-9d91b3170b6c
[HEARTBEAT] Lightweight heartbeat sent for node f66b4762-c214-41eb-b0be-9d91b3170b6c
[MONITORING] MSG_STATECAPTURE sent (msg #48)
[HEARTBEAT] Lightweight heartbeat sent for node f66b4762-c214-41eb-b0be-9d91b3170b6c
[HEARTBEAT] Lightweight heartbeat sent for node f66b4762-c214-41eb-b0be-9d91b3170b6c
[HEARTBEAT] Lightweight heartbeat sent for node f66b4762-c214-41eb-b0be-9d91b3170b6c
[HEARTBEAT] Lightweight heartbeat sent for node f66b4762-c214-41eb-b0be-9d91b3170b6c
[HEARTBEAT] Lightweight heartbeat sent for node f66b4762-c214-41eb-b0be-9d91b3170b6c
[MONITORING] MSG_STATECAPTURE sent (msg #49)
[HEARTBEAT] Lightweight heartbeat sent for node f66b4762-c214-41eb-b0be-9d91b3170b6c
[HEARTBEAT] Lightweight heartbeat sent for node f66b4762-c214-41eb-b0be-9d91b3170b6c
[HEARTBEAT] Lightweight heartbeat sent for node f66b4762-c214-41eb-b0be-9d91b3170b6c
[HEARTBEAT] Lightweight heartbeat sent for node f66b4762-c214-41eb-b0be-9d91b3170b6c
[HEARTBEAT] Lightweight heartbeat sent for node f66b4762-c214-41eb-b0be-9d91b3170b6c
[MONITORING] MSG_STATECAPTURE sent (msg #50)
[HEARTBEAT] Lightweight heartbeat sent for node f66b4762-c214-41eb-b0be-9d91b3170b6c
[HEARTBEAT] Lightweight heartbeat sent for node f66b4762-c214-41eb-b0be-9d91b3170b6c
[HEARTBEAT] Lightweight heartbeat sent for node f66b4762-c214-41eb-b0be-9d91b3170b6c
[HEARTBEAT] Lightweight heartbeat sent for node f66b4762-c214-41eb-b0be-9d91b3170b6c
[HEARTBEAT] Lightweight heartbeat sent for node f66b4762-c214-41eb-b0be-9d91b3170b6c
[HEARTBEAT] Lightweight heartbeat sent for node f66b4762-c214-41eb-b0be-9d91b3170b6c
[MONITORING] MSG_STATECAPTURE sent (msg #51)
[HEARTBEAT] Lightweight heartbeat sent for node f66b4762-c214-41eb-b0be-9d91b3170b6c
[HEARTBEAT] Lightweight heartbeat sent for node f66b4762-c214-41eb-b0be-9d91b3170b6c
[Master] Program finished. Log at: ./progs/6768ddc6-b3d4-4813-a793-981551bd29f8.c.log
[Master] Execution log sent to controller (status=OK)
[THREAD] Master Thread stopped
[HEARTBEAT] Lightweight heartbeat sent for node f66b4762-c214-41eb-b0be-9d91b3170b6c
[HEARTBEAT] Lightweight heartbeat sent for node f66b4762-c214-41eb-b0be-9d91b3170b6c
[THREAD] Monitoring thread stopped
[HEARTBEAT] Lightweight heartbeat sent for node f66b4762-c214-41eb-b0be-9d91b3170b6c
[HEARTBEAT] Thread stopped
[THREAD] Heartbeat thread stopped
Removed queue: outgoing (id=59)
Removed queue: HELLO (id=60)
Removed queue: PROG (id=61)
destroy_queues: msgctl IPC_RMID: Invalid argument
Removed queue: CHCK (id=32768)
destroy_queues: msgctl IPC_RMID: Invalid argument
destroy_queues: msgctl IPC_RMID: Invalid argument
destroy_queues: msgctl IPC_RMID: Invalid argument
destroy_queues: msgctl IPC_RMID: Invalid argument
destroy_queues: msgctl IPC_RMID: Invalid argument
destroy_queues: msgctl IPC_RMID: Invalid argument
destroy_queues: msgctl IPC_RMID: Invalid argument
[THREAD] Network thread stopped
[INIT] UUID loaded from file: f66b4762-c214-41eb-b0be-9d91b3170b6c
[INIT] Initial role: 3
[THREAD] Network thread started
listening for connections on port 9000UDP listening on port 9001

╔════════════════════════════════════════════════════════════════════╗
║ [SENDING] Message Type: MSG_HELLO                                             ║
╚════════════════════════════════════════════════════════════════════╝
  ▼ IDENTITÉ
    • UUID:      f66b4762-c214-41eb-b0be-9d91b3170b6c
    • IP:        192.168.30.43:9000
    • Timestamp: 2026-07-03 18:08:02 (1783098482)
    • Type:      1
    • Role:      3
  ▼ CPU
    • Usage:           0.00%
    • Load Average:    0.00, 0.00, 0.00
    • Cores:           0
    • Threads/Core:    0
    • Frequency:       0.00 MHz
    • Model:           
  ▼ MÉMOIRE (RAM)
    • Usage:           0.00%
    • Available:       0.00 MB
    • Used:            0 MB
    • Total:           0 MB
  ▼ DISQUE
    • Usage:           0.00%
    • Used:            0 MB
    • Total:           0 MB
    • Mount Point:     
  ▼ RÉSEAU
    • Bandwidth:       0.00 Mbps
    • Connections:     0
    • Interface:       wlp3s0
  ▼ SYSTÈME
    • Active Processes:    0
    • Context Switch Rate: 0.00/s
    • Uptime:              0 seconds
    • Is Overloaded:       NO
  ▼ CALCULS
    • Queue Length: 0
    • Score:        0.00
╔════════════════════════════════════════════════════════════════════╗

Waiting for controller's IP reply on port 9001 via message queue...
[INIT] HELLO sent: uuid=f66b4762-c214-41eb-b0be-9d91b3170b6c on interface wlp3s0

--- Controller IP Received ---
Message Type: HELLO
Controller IP: 192.168.30.7
[THREAD] Heartbeat (lightweight status) thread started
[THREAD] Monitoring thread started
[HEARTBEAT] Thread started
[HEARTBEAT] Lightweight heartbeat sent for node f66b4762-c214-41eb-b0be-9d91b3170b6c
[THREAD] Master Thread started
[CONFIG] Detected config change, reloading...
Waiting for programs on MQ: PROG

╔════════════════════════════════════════════════════════════════════╗
║ [SENDING] Message Type: MSG_STATECAPTURE_INIT                                 ║
╚════════════════════════════════════════════════════════════════════╝
  ▼ IDENTITÉ
    • UUID:      f66b4762-c214-41eb-b0be-9d91b3170b6c
    • IP:        192.168.30.43:9000
    • Timestamp: 2026-07-03 18:08:04 (1783098484)
    • Type:      3
    • Role:      3
  ▼ CPU
    • Usage:           19.57%
    • Load Average:    2.81, 3.05, 2.62
    • Cores:           4
    • Threads/Core:    8
    • Frequency:       2300.00 MHz
    • Model:           Intel(R) Core(TM) i7-2820QM CPU @ 2.30GHz
  ▼ MÉMOIRE (RAM)
    • Usage:           71.00%
    • Available:       4605.86 MB
    • Used:            11275 MB
    • Total:           15881 MB
  ▼ DISQUE
    • Usage:           0.00%
    • Used:            542831 MB
    • Total:           599296 MB
    • Mount Point:     /
  ▼ RÉSEAU
    • Bandwidth:       0.00 Mbps
    • Connections:     198
    • Interface:       wlp3s0
  ▼ SYSTÈME
    • Active Processes:    6
    • Context Switch Rate: 0.07/s
    • Uptime:              9133 seconds
    • Is Overloaded:       NO
  ▼ CALCULS
    • Queue Length: 0
    • Score:        0.00
╔════════════════════════════════════════════════════════════════════╗

[MONITORING] MSG_STATECAPTURE_INIT sent (msg #1)
[HEARTBEAT] Lightweight heartbeat sent for node f66b4762-c214-41eb-b0be-9d91b3170b6c
[HEARTBEAT] Lightweight heartbeat sent for node f66b4762-c214-41eb-b0be-9d91b3170b6c
[HEARTBEAT] Lightweight heartbeat sent for node f66b4762-c214-41eb-b0be-9d91b3170b6c
[HEARTBEAT] Lightweight heartbeat sent for node f66b4762-c214-41eb-b0be-9d91b3170b6c
[HEARTBEAT] Lightweight heartbeat sent for node f66b4762-c214-41eb-b0be-9d91b3170b6c
[MONITORING] MSG_STATECAPTURE sent (msg #2)
[HEARTBEAT] Lightweight heartbeat sent for node f66b4762-c214-41eb-b0be-9d91b3170b6c
[HEARTBEAT] Lightweight heartbeat sent for node f66b4762-c214-41eb-b0be-9d91b3170b6c
[HEARTBEAT] Lightweight heartbeat sent for node f66b4762-c214-41eb-b0be-9d91b3170b6c
[HEARTBEAT] Lightweight heartbeat sent for node f66b4762-c214-41eb-b0be-9d91b3170b6c
[HEARTBEAT] Lightweight heartbeat sent for node f66b4762-c214-41eb-b0be-9d91b3170b6c
[MONITORING] MSG_STATECAPTURE sent (msg #3)
[HEARTBEAT] Lightweight heartbeat sent for node f66b4762-c214-41eb-b0be-9d91b3170b6c
[HEARTBEAT] Lightweight heartbeat sent for node f66b4762-c214-41eb-b0be-9d91b3170b6c
[HEARTBEAT] Lightweight heartbeat sent for node f66b4762-c214-41eb-b0be-9d91b3170b6c
[HEARTBEAT] Lightweight heartbeat sent for node f66b4762-c214-41eb-b0be-9d91b3170b6c
[HEARTBEAT] Lightweight heartbeat sent for node f66b4762-c214-41eb-b0be-9d91b3170b6c
[MONITORING] MSG_STATECAPTURE sent (msg #4)
[HEARTBEAT] Lightweight heartbeat sent for node f66b4762-c214-41eb-b0be-9d91b3170b6c
[HEARTBEAT] Lightweight heartbeat sent for node f66b4762-c214-41eb-b0be-9d91b3170b6c
[HEARTBEAT] Lightweight heartbeat sent for node f66b4762-c214-41eb-b0be-9d91b3170b6c
[HEARTBEAT] Lightweight heartbeat sent for node f66b4762-c214-41eb-b0be-9d91b3170b6c
[HEARTBEAT] Lightweight heartbeat sent for node f66b4762-c214-41eb-b0be-9d91b3170b6c
[MONITORING] MSG_STATECAPTURE sent (msg #5)
[HEARTBEAT] Lightweight heartbeat sent for node f66b4762-c214-41eb-b0be-9d91b3170b6c
[HEARTBEAT] Lightweight heartbeat sent for node f66b4762-c214-41eb-b0be-9d91b3170b6c
[HEARTBEAT] Lightweight heartbeat sent for node f66b4762-c214-41eb-b0be-9d91b3170b6c
[HEARTBEAT] Lightweight heartbeat sent for node f66b4762-c214-41eb-b0be-9d91b3170b6c
[HEARTBEAT] Lightweight heartbeat sent for node f66b4762-c214-41eb-b0be-9d91b3170b6c
[MONITORING] MSG_STATECAPTURE sent (msg #6)
[HEARTBEAT] Lightweight heartbeat sent for node f66b4762-c214-41eb-b0be-9d91b3170b6c
[HEARTBEAT] Lightweight heartbeat sent for node f66b4762-c214-41eb-b0be-9d91b3170b6c
[HEARTBEAT] Lightweight heartbeat sent for node f66b4762-c214-41eb-b0be-9d91b3170b6c
[HEARTBEAT] Lightweight heartbeat sent for node f66b4762-c214-41eb-b0be-9d91b3170b6c
[HEARTBEAT] Lightweight heartbeat sent for node f66b4762-c214-41eb-b0be-9d91b3170b6c
[MONITORING] MSG_STATECAPTURE sent (msg #7)
[HEARTBEAT] Lightweight heartbeat sent for node f66b4762-c214-41eb-b0be-9d91b3170b6c
[HEARTBEAT] Lightweight heartbeat sent for node f66b4762-c214-41eb-b0be-9d91b3170b6c
[HEARTBEAT] Lightweight heartbeat sent for node f66b4762-c214-41eb-b0be-9d91b3170b6c
[HEARTBEAT] Lightweight heartbeat sent for node f66b4762-c214-41eb-b0be-9d91b3170b6c
[HEARTBEAT] Lightweight heartbeat sent for node f66b4762-c214-41eb-b0be-9d91b3170b6c
[MONITORING] MSG_STATECAPTURE sent (msg #8)
[HEARTBEAT] Lightweight heartbeat sent for node f66b4762-c214-41eb-b0be-9d91b3170b6c
[HEARTBEAT] Lightweight heartbeat sent for node f66b4762-c214-41eb-b0be-9d91b3170b6c
[HEARTBEAT] Lightweight heartbeat sent for node f66b4762-c214-41eb-b0be-9d91b3170b6c
[HEARTBEAT] Lightweight heartbeat sent for node f66b4762-c214-41eb-b0be-9d91b3170b6c
[HEARTBEAT] Lightweight heartbeat sent for node f66b4762-c214-41eb-b0be-9d91b3170b6c
[MONITORING] MSG_STATECAPTURE sent (msg #9)
[HEARTBEAT] Lightweight heartbeat sent for node f66b4762-c214-41eb-b0be-9d91b3170b6c
[HEARTBEAT] Lightweight heartbeat sent for node f66b4762-c214-41eb-b0be-9d91b3170b6c
[HEARTBEAT] Lightweight heartbeat sent for node f66b4762-c214-41eb-b0be-9d91b3170b6c
[HEARTBEAT] Lightweight heartbeat sent for node f66b4762-c214-41eb-b0be-9d91b3170b6c
[HEARTBEAT] Lightweight heartbeat sent for node f66b4762-c214-41eb-b0be-9d91b3170b6c
[MONITORING] MSG_STATECAPTURE sent (msg #10)
[HEARTBEAT] Lightweight heartbeat sent for node f66b4762-c214-41eb-b0be-9d91b3170b6c
[HEARTBEAT] Lightweight heartbeat sent for node f66b4762-c214-41eb-b0be-9d91b3170b6c
[HEARTBEAT] Lightweight heartbeat sent for node f66b4762-c214-41eb-b0be-9d91b3170b6c
[HEARTBEAT] Lightweight heartbeat sent for node f66b4762-c214-41eb-b0be-9d91b3170b6c
[HEARTBEAT] Lightweight heartbeat sent for node f66b4762-c214-41eb-b0be-9d91b3170b6c
[MONITORING] MSG_STATECAPTURE sent (msg #11)
[HEARTBEAT] Lightweight heartbeat sent for node f66b4762-c214-41eb-b0be-9d91b3170b6c
[HEARTBEAT] Lightweight heartbeat sent for node f66b4762-c214-41eb-b0be-9d91b3170b6c
[HEARTBEAT] Lightweight heartbeat sent for node f66b4762-c214-41eb-b0be-9d91b3170b6c
[HEARTBEAT] Lightweight heartbeat sent for node f66b4762-c214-41eb-b0be-9d91b3170b6c
[HEARTBEAT] Lightweight heartbeat sent for node f66b4762-c214-41eb-b0be-9d91b3170b6c
[MONITORING] MSG_STATECAPTURE sent (msg #12)
[HEARTBEAT] Lightweight heartbeat sent for node f66b4762-c214-41eb-b0be-9d91b3170b6c
[HEARTBEAT] Lightweight heartbeat sent for node f66b4762-c214-41eb-b0be-9d91b3170b6c
[HEARTBEAT] Lightweight heartbeat sent for node f66b4762-c214-41eb-b0be-9d91b3170b6c
[HEARTBEAT] Lightweight heartbeat sent for node f66b4762-c214-41eb-b0be-9d91b3170b6c
[HEARTBEAT] Lightweight heartbeat sent for node f66b4762-c214-41eb-b0be-9d91b3170b6c
[MONITORING] MSG_STATECAPTURE sent (msg #13)
[HEARTBEAT] Lightweight heartbeat sent for node f66b4762-c214-41eb-b0be-9d91b3170b6c
[HEARTBEAT] Lightweight heartbeat sent for node f66b4762-c214-41eb-b0be-9d91b3170b6c
[HEARTBEAT] Lightweight heartbeat sent for node f66b4762-c214-41eb-b0be-9d91b3170b6c
[HEARTBEAT] Lightweight heartbeat sent for node f66b4762-c214-41eb-b0be-9d91b3170b6c
[HEARTBEAT] Lightweight heartbeat sent for node f66b4762-c214-41eb-b0be-9d91b3170b6c
[MONITORING] MSG_STATECAPTURE sent (msg #14)
[HEARTBEAT] Lightweight heartbeat sent for node f66b4762-c214-41eb-b0be-9d91b3170b6c
[HEARTBEAT] Lightweight heartbeat sent for node f66b4762-c214-41eb-b0be-9d91b3170b6c
[HEARTBEAT] Lightweight heartbeat sent for node f66b4762-c214-41eb-b0be-9d91b3170b6c
[HEARTBEAT] Lightweight heartbeat sent for node f66b4762-c214-41eb-b0be-9d91b3170b6c
[HEARTBEAT] Lightweight heartbeat sent for node f66b4762-c214-41eb-b0be-9d91b3170b6c
[MONITORING] MSG_STATECAPTURE sent (msg #15)
[HEARTBEAT] Lightweight heartbeat sent for node f66b4762-c214-41eb-b0be-9d91b3170b6c
[HEARTBEAT] Lightweight heartbeat sent for node f66b4762-c214-41eb-b0be-9d91b3170b6c
[HEARTBEAT] Lightweight heartbeat sent for node f66b4762-c214-41eb-b0be-9d91b3170b6c
[HEARTBEAT] Lightweight heartbeat sent for node f66b4762-c214-41eb-b0be-9d91b3170b6c
[HEARTBEAT] Lightweight heartbeat sent for node f66b4762-c214-41eb-b0be-9d91b3170b6c
[MONITORING] MSG_STATECAPTURE sent (msg #16)
[HEARTBEAT] Lightweight heartbeat sent for node f66b4762-c214-41eb-b0be-9d91b3170b6c
[HEARTBEAT] Lightweight heartbeat sent for node f66b4762-c214-41eb-b0be-9d91b3170b6c
[HEARTBEAT] Lightweight heartbeat sent for node f66b4762-c214-41eb-b0be-9d91b3170b6c
[HEARTBEAT] Lightweight heartbeat sent for node f66b4762-c214-41eb-b0be-9d91b3170b6c
[HEARTBEAT] Lightweight heartbeat sent for node f66b4762-c214-41eb-b0be-9d91b3170b6c
[MONITORING] MSG_STATECAPTURE sent (msg #17)
[HEARTBEAT] Lightweight heartbeat sent for node f66b4762-c214-41eb-b0be-9d91b3170b6c
[HEARTBEAT] Lightweight heartbeat sent for node f66b4762-c214-41eb-b0be-9d91b3170b6c
[HEARTBEAT] Lightweight heartbeat sent for node f66b4762-c214-41eb-b0be-9d91b3170b6c
[HEARTBEAT] Lightweight heartbeat sent for node f66b4762-c214-41eb-b0be-9d91b3170b6c
[HEARTBEAT] Lightweight heartbeat sent for node f66b4762-c214-41eb-b0be-9d91b3170b6c
[MONITORING] MSG_STATECAPTURE sent (msg #18)
[HEARTBEAT] Lightweight heartbeat sent for node f66b4762-c214-41eb-b0be-9d91b3170b6c
[HEARTBEAT] Lightweight heartbeat sent for node f66b4762-c214-41eb-b0be-9d91b3170b6c
[HEARTBEAT] Lightweight heartbeat sent for node f66b4762-c214-41eb-b0be-9d91b3170b6c
[HEARTBEAT] Lightweight heartbeat sent for node f66b4762-c214-41eb-b0be-9d91b3170b6c
[HEARTBEAT] Lightweight heartbeat sent for node f66b4762-c214-41eb-b0be-9d91b3170b6c
[MONITORING] MSG_STATECAPTURE sent (msg #19)
[HEARTBEAT] Lightweight heartbeat sent for node f66b4762-c214-41eb-b0be-9d91b3170b6c
[HEARTBEAT] Lightweight heartbeat sent for node f66b4762-c214-41eb-b0be-9d91b3170b6c
[HEARTBEAT] Lightweight heartbeat sent for node f66b4762-c214-41eb-b0be-9d91b3170b6c
[HEARTBEAT] Lightweight heartbeat sent for node f66b4762-c214-41eb-b0be-9d91b3170b6c
[HEARTBEAT] Lightweight heartbeat sent for node f66b4762-c214-41eb-b0be-9d91b3170b6c
[MONITORING] MSG_STATECAPTURE sent (msg #20)
[HEARTBEAT] Lightweight heartbeat sent for node f66b4762-c214-41eb-b0be-9d91b3170b6c
[HEARTBEAT] Lightweight heartbeat sent for node f66b4762-c214-41eb-b0be-9d91b3170b6c
[HEARTBEAT] Lightweight heartbeat sent for node f66b4762-c214-41eb-b0be-9d91b3170b6c
[HEARTBEAT] Lightweight heartbeat sent for node f66b4762-c214-41eb-b0be-9d91b3170b6c
[HEARTBEAT] Lightweight heartbeat sent for node f66b4762-c214-41eb-b0be-9d91b3170b6c
[MONITORING] MSG_STATECAPTURE sent (msg #21)
[HEARTBEAT] Lightweight heartbeat sent for node f66b4762-c214-41eb-b0be-9d91b3170b6c
[HEARTBEAT] Lightweight heartbeat sent for node f66b4762-c214-41eb-b0be-9d91b3170b6c
[HEARTBEAT] Lightweight heartbeat sent for node f66b4762-c214-41eb-b0be-9d91b3170b6c
[HEARTBEAT] Lightweight heartbeat sent for node f66b4762-c214-41eb-b0be-9d91b3170b6c
[HEARTBEAT] Lightweight heartbeat sent for node f66b4762-c214-41eb-b0be-9d91b3170b6c
[MONITORING] MSG_STATECAPTURE sent (msg #22)
[HEARTBEAT] Lightweight heartbeat sent for node f66b4762-c214-41eb-b0be-9d91b3170b6c
[HEARTBEAT] Lightweight heartbeat sent for node f66b4762-c214-41eb-b0be-9d91b3170b6c
[HEARTBEAT] Lightweight heartbeat sent for node f66b4762-c214-41eb-b0be-9d91b3170b6c
[HEARTBEAT] Lightweight heartbeat sent for node f66b4762-c214-41eb-b0be-9d91b3170b6c
[HEARTBEAT] Lightweight heartbeat sent for node f66b4762-c214-41eb-b0be-9d91b3170b6c
[MONITORING] MSG_STATECAPTURE sent (msg #23)
[HEARTBEAT] Lightweight heartbeat sent for node f66b4762-c214-41eb-b0be-9d91b3170b6c
[HEARTBEAT] Lightweight heartbeat sent for node f66b4762-c214-41eb-b0be-9d91b3170b6c
[HEARTBEAT] Lightweight heartbeat sent for node f66b4762-c214-41eb-b0be-9d91b3170b6c
[HEARTBEAT] Lightweight heartbeat sent for node f66b4762-c214-41eb-b0be-9d91b3170b6c
[HEARTBEAT] Lightweight heartbeat sent for node f66b4762-c214-41eb-b0be-9d91b3170b6c
[MONITORING] MSG_STATECAPTURE sent (msg #24)
[HEARTBEAT] Lightweight heartbeat sent for node f66b4762-c214-41eb-b0be-9d91b3170b6c
[HEARTBEAT] Lightweight heartbeat sent for node f66b4762-c214-41eb-b0be-9d91b3170b6c
[HEARTBEAT] Lightweight heartbeat sent for node f66b4762-c214-41eb-b0be-9d91b3170b6c
[HEARTBEAT] Lightweight heartbeat sent for node f66b4762-c214-41eb-b0be-9d91b3170b6c
[HEARTBEAT] Lightweight heartbeat sent for node f66b4762-c214-41eb-b0be-9d91b3170b6c
[MONITORING] MSG_STATECAPTURE sent (msg #25)
[HEARTBEAT] Lightweight heartbeat sent for node f66b4762-c214-41eb-b0be-9d91b3170b6c
[HEARTBEAT] Lightweight heartbeat sent for node f66b4762-c214-41eb-b0be-9d91b3170b6c
[HEARTBEAT] Lightweight heartbeat sent for node f66b4762-c214-41eb-b0be-9d91b3170b6c
[HEARTBEAT] Lightweight heartbeat sent for node f66b4762-c214-41eb-b0be-9d91b3170b6c
[HEARTBEAT] Lightweight heartbeat sent for node f66b4762-c214-41eb-b0be-9d91b3170b6c
[MONITORING] MSG_STATECAPTURE sent (msg #26)
[HEARTBEAT] Lightweight heartbeat sent for node f66b4762-c214-41eb-b0be-9d91b3170b6c
[NET] PROG
Received Program 
[Master] Generated ./progs/controller_ip.c with controller IP: 192.168.30.7
[Master] Saved program to ./progs/056a3801-15a7-4474-82ad-668368e1e3e9.c
[Master] Parsing: Parser/build/mytool ./progs/056a3801-15a7-4474-82ad-668368e1e3e9.c -- -I. > ./progs/056a3801-15a7-4474-82ad-668368e1e3e9.c.parse_err 2>&1
[Master] Parsed output: ./progs/056a3801-15a7-4474-82ad-668368e1e3e9.c_parsed.c
[Master] Compiling program: gcc ./progs/056a3801-15a7-4474-82ad-668368e1e3e9.c_parsed.c ./progs/controller_ip.c Execution_Master/utils/master_exec.c Execution_Master/utils/orchestrator.c Execution_Master/utils/parallax_team.c Execution_Master/utils/barrier.c Execution_Master/utils/net_utils.c Agent_Init/network/network_agent.c Agent_Init/network/ms_queue.c Agent_Init/network/socket.c Agent_Init/network/linked_list.c -IExecution_Master/utils/ -IAgent_Init/network/ -Iparallax/ -I. -pthread -o ./progs/bin_056a3801-15a7-4474-82ad-668368e1e3e9.c > ./progs/056a3801-15a7-4474-82ad-668368e1e3e9.c.compile_err 2>&1
[HEARTBEAT] Lightweight heartbeat sent for node f66b4762-c214-41eb-b0be-9d91b3170b6c
[Master] Program compiled successfully.
[Master] Executing program, output -> ./progs/056a3801-15a7-4474-82ad-668368e1e3e9.c.log
[NET] N17h6EU
[NET] NRZHFNi
[HEARTBEAT] Lightweight heartbeat sent for node f66b4762-c214-41eb-b0be-9d91b3170b6c
[HEARTBEAT] Lightweight heartbeat sent for node f66b4762-c214-41eb-b0be-9d91b3170b6c
[NET] 6naV4zV
[NET] 1gWC5TH
[NET] 1nrC2g9
[HEARTBEAT] Lightweight heartbeat sent for node f66b4762-c214-41eb-b0be-9d91b3170b6c
[MONITORING] MSG_STATECAPTURE sent (msg #27)
[HEARTBEAT] Lightweight heartbeat sent for node f66b4762-c214-41eb-b0be-9d91b3170b6c
[HEARTBEAT] Lightweight heartbeat sent for node f66b4762-c214-41eb-b0be-9d91b3170b6c
[HEARTBEAT] Lightweight heartbeat sent for node f66b4762-c214-41eb-b0be-9d91b3170b6c
[HEARTBEAT] Lightweight heartbeat sent for node f66b4762-c214-41eb-b0be-9d91b3170b6c
[HEARTBEAT] Lightweight heartbeat sent for node f66b4762-c214-41eb-b0be-9d91b3170b6c
[MONITORING] MSG_STATECAPTURE sent (msg #28)
[HEARTBEAT] Lightweight heartbeat sent for node f66b4762-c214-41eb-b0be-9d91b3170b6c
[HEARTBEAT] Lightweight heartbeat sent for node f66b4762-c214-41eb-b0be-9d91b3170b6c
[HEARTBEAT] Lightweight heartbeat sent for node f66b4762-c214-41eb-b0be-9d91b3170b6c
[HEARTBEAT] Lightweight heartbeat sent for node f66b4762-c214-41eb-b0be-9d91b3170b6c
[HEARTBEAT] Lightweight heartbeat sent for node f66b4762-c214-41eb-b0be-9d91b3170b6c
[MONITORING] MSG_STATECAPTURE sent (msg #29)
[HEARTBEAT] Lightweight heartbeat sent for node f66b4762-c214-41eb-b0be-9d91b3170b6c
[HEARTBEAT] Lightweight heartbeat sent for node f66b4762-c214-41eb-b0be-9d91b3170b6c
[HEARTBEAT] Lightweight heartbeat sent for node f66b4762-c214-41eb-b0be-9d91b3170b6c
[HEARTBEAT] Lightweight heartbeat sent for node f66b4762-c214-41eb-b0be-9d91b3170b6c
[HEARTBEAT] Lightweight heartbeat sent for node f66b4762-c214-41eb-b0be-9d91b3170b6c
[MONITORING] MSG_STATECAPTURE sent (msg #30)
[HEARTBEAT] Lightweight heartbeat sent for node f66b4762-c214-41eb-b0be-9d91b3170b6c
[HEARTBEAT] Lightweight heartbeat sent for node f66b4762-c214-41eb-b0be-9d91b3170b6c
[HEARTBEAT] Lightweight heartbeat sent for node f66b4762-c214-41eb-b0be-9d91b3170b6c
[HEARTBEAT] Lightweight heartbeat sent for node f66b4762-c214-41eb-b0be-9d91b3170b6c
[HEARTBEAT] Lightweight heartbeat sent for node f66b4762-c214-41eb-b0be-9d91b3170b6c
[MONITORING] MSG_STATECAPTURE sent (msg #31)
[HEARTBEAT] Lightweight heartbeat sent for node f66b4762-c214-41eb-b0be-9d91b3170b6c
[HEARTBEAT] Lightweight heartbeat sent for node f66b4762-c214-41eb-b0be-9d91b3170b6c
[HEARTBEAT] Lightweight heartbeat sent for node f66b4762-c214-41eb-b0be-9d91b3170b6c
[HEARTBEAT] Lightweight heartbeat sent for node f66b4762-c214-41eb-b0be-9d91b3170b6c
[HEARTBEAT] Lightweight heartbeat sent for node f66b4762-c214-41eb-b0be-9d91b3170b6c
[MONITORING] MSG_STATECAPTURE sent (msg #32)
[HEARTBEAT] Lightweight heartbeat sent for node f66b4762-c214-41eb-b0be-9d91b3170b6c
[HEARTBEAT] Lightweight heartbeat sent for node f66b4762-c214-41eb-b0be-9d91b3170b6c
[HEARTBEAT] Lightweight heartbeat sent for node f66b4762-c214-41eb-b0be-9d91b3170b6c
[HEARTBEAT] Lightweight heartbeat sent for node f66b4762-c214-41eb-b0be-9d91b3170b6c
[HEARTBEAT] Lightweight heartbeat sent for node f66b4762-c214-41eb-b0be-9d91b3170b6c
[MONITORING] MSG_STATECAPTURE sent (msg #33)
[HEARTBEAT] Lightweight heartbeat sent for node f66b4762-c214-41eb-b0be-9d91b3170b6c
[HEARTBEAT] Lightweight heartbeat sent for node f66b4762-c214-41eb-b0be-9d91b3170b6c
[HEARTBEAT] Lightweight heartbeat sent for node f66b4762-c214-41eb-b0be-9d91b3170b6c
[HEARTBEAT] Lightweight heartbeat sent for node f66b4762-c214-41eb-b0be-9d91b3170b6c
[HEARTBEAT] Lightweight heartbeat sent for node f66b4762-c214-41eb-b0be-9d91b3170b6c
[MONITORING] MSG_STATECAPTURE sent (msg #34)
[HEARTBEAT] Lightweight heartbeat sent for node f66b4762-c214-41eb-b0be-9d91b3170b6c
[HEARTBEAT] Lightweight heartbeat sent for node f66b4762-c214-41eb-b0be-9d91b3170b6c
[HEARTBEAT] Lightweight heartbeat sent for node f66b4762-c214-41eb-b0be-9d91b3170b6c
[HEARTBEAT] Lightweight heartbeat sent for node f66b4762-c214-41eb-b0be-9d91b3170b6c
[HEARTBEAT] Lightweight heartbeat sent for node f66b4762-c214-41eb-b0be-9d91b3170b6c
[MONITORING] MSG_STATECAPTURE sent (msg #35)
[HEARTBEAT] Lightweight heartbeat sent for node f66b4762-c214-41eb-b0be-9d91b3170b6c
[HEARTBEAT] Lightweight heartbeat sent for node f66b4762-c214-41eb-b0be-9d91b3170b6c
[HEARTBEAT] Lightweight heartbeat sent for node f66b4762-c214-41eb-b0be-9d91b3170b6c
[HEARTBEAT] Lightweight heartbeat sent for node f66b4762-c214-41eb-b0be-9d91b3170b6c
[HEARTBEAT] Lightweight heartbeat sent for node f66b4762-c214-41eb-b0be-9d91b3170b6c
[MONITORING] MSG_STATECAPTURE sent (msg #36)
[HEARTBEAT] Lightweight heartbeat sent for node f66b4762-c214-41eb-b0be-9d91b3170b6c
[HEARTBEAT] Lightweight heartbeat sent for node f66b4762-c214-41eb-b0be-9d91b3170b6c
[HEARTBEAT] Lightweight heartbeat sent for node f66b4762-c214-41eb-b0be-9d91b3170b6c
[HEARTBEAT] Lightweight heartbeat sent for node f66b4762-c214-41eb-b0be-9d91b3170b6c
[HEARTBEAT] Lightweight heartbeat sent for node f66b4762-c214-41eb-b0be-9d91b3170b6c
[MONITORING] MSG_STATECAPTURE sent (msg #37)
[HEARTBEAT] Lightweight heartbeat sent for node f66b4762-c214-41eb-b0be-9d91b3170b6c
[HEARTBEAT] Lightweight heartbeat sent for node f66b4762-c214-41eb-b0be-9d91b3170b6c
[HEARTBEAT] Lightweight heartbeat sent for node f66b4762-c214-41eb-b0be-9d91b3170b6c
[HEARTBEAT] Lightweight heartbeat sent for node f66b4762-c214-41eb-b0be-9d91b3170b6c
[HEARTBEAT] Lightweight heartbeat sent for node f66b4762-c214-41eb-b0be-9d91b3170b6c
[MONITORING] MSG_STATECAPTURE sent (msg #38)
[HEARTBEAT] Lightweight heartbeat sent for node f66b4762-c214-41eb-b0be-9d91b3170b6c
[HEARTBEAT] Lightweight heartbeat sent for node f66b4762-c214-41eb-b0be-9d91b3170b6c
[HEARTBEAT] Lightweight heartbeat sent for node f66b4762-c214-41eb-b0be-9d91b3170b6c
[HEARTBEAT] Lightweight heartbeat sent for node f66b4762-c214-41eb-b0be-9d91b3170b6c
[HEARTBEAT] Lightweight heartbeat sent for node f66b4762-c214-41eb-b0be-9d91b3170b6c
[MONITORING] MSG_STATECAPTURE sent (msg #39)
[HEARTBEAT] Lightweight heartbeat sent for node f66b4762-c214-41eb-b0be-9d91b3170b6c
[HEARTBEAT] Lightweight heartbeat sent for node f66b4762-c214-41eb-b0be-9d91b3170b6c
[HEARTBEAT] Lightweight heartbeat sent for node f66b4762-c214-41eb-b0be-9d91b3170b6c
[HEARTBEAT] Lightweight heartbeat sent for node f66b4762-c214-41eb-b0be-9d91b3170b6c
[HEARTBEAT] Lightweight heartbeat sent for node f66b4762-c214-41eb-b0be-9d91b3170b6c
[MONITORING] MSG_STATECAPTURE sent (msg #40)
[HEARTBEAT] Lightweight heartbeat sent for node f66b4762-c214-41eb-b0be-9d91b3170b6c
[HEARTBEAT] Lightweight heartbeat sent for node f66b4762-c214-41eb-b0be-9d91b3170b6c
[HEARTBEAT] Lightweight heartbeat sent for node f66b4762-c214-41eb-b0be-9d91b3170b6c
[HEARTBEAT] Lightweight heartbeat sent for node f66b4762-c214-41eb-b0be-9d91b3170b6c
[HEARTBEAT] Lightweight heartbeat sent for node f66b4762-c214-41eb-b0be-9d91b3170b6c
[MONITORING] MSG_STATECAPTURE sent (msg #41)
[HEARTBEAT] Lightweight heartbeat sent for node f66b4762-c214-41eb-b0be-9d91b3170b6c
[HEARTBEAT] Lightweight heartbeat sent for node f66b4762-c214-41eb-b0be-9d91b3170b6c
[HEARTBEAT] Lightweight heartbeat sent for node f66b4762-c214-41eb-b0be-9d91b3170b6c
[Master] Program finished. Log at: ./progs/056a3801-15a7-4474-82ad-668368e1e3e9.c.log
[Master] Execution log sent to controller (status=OK)
[NET] 0KAOwfo
[HEARTBEAT] Lightweight heartbeat sent for node f66b4762-c214-41eb-b0be-9d91b3170b6c
[NET] 87PAGJx
[NET] W60uO6D
[HEARTBEAT] Lightweight heartbeat sent for node f66b4762-c214-41eb-b0be-9d91b3170b6c
[MONITORING] MSG_STATECAPTURE sent (msg #42)
[NET] Rj4RzUA
[NET] vz5jatX
[HEARTBEAT] Lightweight heartbeat sent for node f66b4762-c214-41eb-b0be-9d91b3170b6c
[HEARTBEAT] Lightweight heartbeat sent for node f66b4762-c214-41eb-b0be-9d91b3170b6c
[HEARTBEAT] Lightweight heartbeat sent for node f66b4762-c214-41eb-b0be-9d91b3170b6c
[HEARTBEAT] Lightweight heartbeat sent for node f66b4762-c214-41eb-b0be-9d91b3170b6c
[HEARTBEAT] Lightweight heartbeat sent for node f66b4762-c214-41eb-b0be-9d91b3170b6c
[MONITORING] MSG_STATECAPTURE sent (msg #43)
[HEARTBEAT] Lightweight heartbeat sent for node f66b4762-c214-41eb-b0be-9d91b3170b6c
[HEARTBEAT] Lightweight heartbeat sent for node f66b4762-c214-41eb-b0be-9d91b3170b6c
[HEARTBEAT] Lightweight heartbeat sent for node f66b4762-c214-41eb-b0be-9d91b3170b6c
[HEARTBEAT] Lightweight heartbeat sent for node f66b4762-c214-41eb-b0be-9d91b3170b6c
[HEARTBEAT] Lightweight heartbeat sent for node f66b4762-c214-41eb-b0be-9d91b3170b6c
[MONITORING] MSG_STATECAPTURE sent (msg #44)
[HEARTBEAT] Lightweight heartbeat sent for node f66b4762-c214-41eb-b0be-9d91b3170b6c
[HEARTBEAT] Lightweight heartbeat sent for node f66b4762-c214-41eb-b0be-9d91b3170b6c
[HEARTBEAT] Lightweight heartbeat sent for node f66b4762-c214-41eb-b0be-9d91b3170b6c
[HEARTBEAT] Lightweight heartbeat sent for node f66b4762-c214-41eb-b0be-9d91b3170b6c
[HEARTBEAT] Lightweight heartbeat sent for node f66b4762-c214-41eb-b0be-9d91b3170b6c
[MONITORING] MSG_STATECAPTURE sent (msg #45)
[HEARTBEAT] Lightweight heartbeat sent for node f66b4762-c214-41eb-b0be-9d91b3170b6c
[HEARTBEAT] Lightweight heartbeat sent for node f66b4762-c214-41eb-b0be-9d91b3170b6c
[HEARTBEAT] Lightweight heartbeat sent for node f66b4762-c214-41eb-b0be-9d91b3170b6c
[HEARTBEAT] Lightweight heartbeat sent for node f66b4762-c214-41eb-b0be-9d91b3170b6c
[HEARTBEAT] Lightweight heartbeat sent for node f66b4762-c214-41eb-b0be-9d91b3170b6c
[MONITORING] MSG_STATECAPTURE sent (msg #46)
[HEARTBEAT] Lightweight heartbeat sent for node f66b4762-c214-41eb-b0be-9d91b3170b6c
[HEARTBEAT] Lightweight heartbeat sent for node f66b4762-c214-41eb-b0be-9d91b3170b6c
[HEARTBEAT] Lightweight heartbeat sent for node f66b4762-c214-41eb-b0be-9d91b3170b6c
[HEARTBEAT] Lightweight heartbeat sent for node f66b4762-c214-41eb-b0be-9d91b3170b6c
[HEARTBEAT] Lightweight heartbeat sent for node f66b4762-c214-41eb-b0be-9d91b3170b6c
[MONITORING] MSG_STATECAPTURE sent (msg #47)
[HEARTBEAT] Lightweight heartbeat sent for node f66b4762-c214-41eb-b0be-9d91b3170b6c
[HEARTBEAT] Lightweight heartbeat sent for node f66b4762-c214-41eb-b0be-9d91b3170b6c
[HEARTBEAT] Lightweight heartbeat sent for node f66b4762-c214-41eb-b0be-9d91b3170b6c
[HEARTBEAT] Lightweight heartbeat sent for node f66b4762-c214-41eb-b0be-9d91b3170b6c
[HEARTBEAT] Lightweight heartbeat sent for node f66b4762-c214-41eb-b0be-9d91b3170b6c
[MONITORING] MSG_STATECAPTURE sent (msg #48)
[HEARTBEAT] Lightweight heartbeat sent for node f66b4762-c214-41eb-b0be-9d91b3170b6c
[HEARTBEAT] Lightweight heartbeat sent for node f66b4762-c214-41eb-b0be-9d91b3170b6c
[HEARTBEAT] Lightweight heartbeat sent for node f66b4762-c214-41eb-b0be-9d91b3170b6c
[HEARTBEAT] Lightweight heartbeat sent for node f66b4762-c214-41eb-b0be-9d91b3170b6c
[HEARTBEAT] Lightweight heartbeat sent for node f66b4762-c214-41eb-b0be-9d91b3170b6c
[MONITORING] MSG_STATECAPTURE sent (msg #49)
[HEARTBEAT] Lightweight heartbeat sent for node f66b4762-c214-41eb-b0be-9d91b3170b6c
[HEARTBEAT] Lightweight heartbeat sent for node f66b4762-c214-41eb-b0be-9d91b3170b6c
[NET] NF2b7HW
[NET] E05vwIS
[NET] 0BJ10eR
[HEARTBEAT] Lightweight heartbeat sent for node f66b4762-c214-41eb-b0be-9d91b3170b6c
[NET] tyqbeBb
[HEARTBEAT] Lightweight heartbeat sent for node f66b4762-c214-41eb-b0be-9d91b3170b6c
[NET] DYtetkf
[HEARTBEAT] Lightweight heartbeat sent for node f66b4762-c214-41eb-b0be-9d91b3170b6c
[MONITORING] MSG_STATECAPTURE sent (msg #50)
[HEARTBEAT] Lightweight heartbeat sent for node f66b4762-c214-41eb-b0be-9d91b3170b6c
[HEARTBEAT] Lightweight heartbeat sent for node f66b4762-c214-41eb-b0be-9d91b3170b6c
[HEARTBEAT] Lightweight heartbeat sent for node f66b4762-c214-41eb-b0be-9d91b3170b6c
[HEARTBEAT] Lightweight heartbeat sent for node f66b4762-c214-41eb-b0be-9d91b3170b6c
[HEARTBEAT] Lightweight heartbeat sent for node f66b4762-c214-41eb-b0be-9d91b3170b6c
[MONITORING] MSG_STATECAPTURE sent (msg #51)
[HEARTBEAT] Lightweight heartbeat sent for node f66b4762-c214-41eb-b0be-9d91b3170b6c
[HEARTBEAT] Lightweight heartbeat sent for node f66b4762-c214-41eb-b0be-9d91b3170b6c
[HEARTBEAT] Lightweight heartbeat sent for node f66b4762-c214-41eb-b0be-9d91b3170b6c
[HEARTBEAT] Lightweight heartbeat sent for node f66b4762-c214-41eb-b0be-9d91b3170b6c
[HEARTBEAT] Lightweight heartbeat sent for node f66b4762-c214-41eb-b0be-9d91b3170b6c
[MONITORING] MSG_STATECAPTURE sent (msg #52)
[HEARTBEAT] Lightweight heartbeat sent for node f66b4762-c214-41eb-b0be-9d91b3170b6c
[HEARTBEAT] Lightweight heartbeat sent for node f66b4762-c214-41eb-b0be-9d91b3170b6c
[HEARTBEAT] Lightweight heartbeat sent for node f66b4762-c214-41eb-b0be-9d91b3170b6c
[HEARTBEAT] Lightweight heartbeat sent for node f66b4762-c214-41eb-b0be-9d91b3170b6c
[HEARTBEAT] Lightweight heartbeat sent for node f66b4762-c214-41eb-b0be-9d91b3170b6c
[MONITORING] MSG_STATECAPTURE sent (msg #53)
[HEARTBEAT] Lightweight heartbeat sent for node f66b4762-c214-41eb-b0be-9d91b3170b6c
[HEARTBEAT] Lightweight heartbeat sent for node f66b4762-c214-41eb-b0be-9d91b3170b6c
[HEARTBEAT] Lightweight heartbeat sent for node f66b4762-c214-41eb-b0be-9d91b3170b6c
[HEARTBEAT] Lightweight heartbeat sent for node f66b4762-c214-41eb-b0be-9d91b3170b6c
[HEARTBEAT] Lightweight heartbeat sent for node f66b4762-c214-41eb-b0be-9d91b3170b6c
[MONITORING] MSG_STATECAPTURE sent (msg #54)
[HEARTBEAT] Lightweight heartbeat sent for node f66b4762-c214-41eb-b0be-9d91b3170b6c
[HEARTBEAT] Lightweight heartbeat sent for node f66b4762-c214-41eb-b0be-9d91b3170b6c
[HEARTBEAT] Lightweight heartbeat sent for node f66b4762-c214-41eb-b0be-9d91b3170b6c
[HEARTBEAT] Lightweight heartbeat sent for node f66b4762-c214-41eb-b0be-9d91b3170b6c
[HEARTBEAT] Lightweight heartbeat sent for node f66b4762-c214-41eb-b0be-9d91b3170b6c
[MONITORING] MSG_STATECAPTURE sent (msg #55)
[HEARTBEAT] Lightweight heartbeat sent for node f66b4762-c214-41eb-b0be-9d91b3170b6c
[HEARTBEAT] Lightweight heartbeat sent for node f66b4762-c214-41eb-b0be-9d91b3170b6c
[HEARTBEAT] Lightweight heartbeat sent for node f66b4762-c214-41eb-b0be-9d91b3170b6c
[HEARTBEAT] Lightweight heartbeat sent for node f66b4762-c214-41eb-b0be-9d91b3170b6c
[HEARTBEAT] Lightweight heartbeat sent for node f66b4762-c214-41eb-b0be-9d91b3170b6c
[MONITORING] MSG_STATECAPTURE sent (msg #56)
[HEARTBEAT] Lightweight heartbeat sent for node f66b4762-c214-41eb-b0be-9d91b3170b6c
[HEARTBEAT] Lightweight heartbeat sent for node f66b4762-c214-41eb-b0be-9d91b3170b6c
[HEARTBEAT] Lightweight heartbeat sent for node f66b4762-c214-41eb-b0be-9d91b3170b6c
[HEARTBEAT] Lightweight heartbeat sent for node f66b4762-c214-41eb-b0be-9d91b3170b6c
[HEARTBEAT] Lightweight heartbeat sent for node f66b4762-c214-41eb-b0be-9d91b3170b6c
[MONITORING] MSG_STATECAPTURE sent (msg #57)
[HEARTBEAT] Lightweight heartbeat sent for node f66b4762-c214-41eb-b0be-9d91b3170b6c
[HEARTBEAT] Lightweight heartbeat sent for node f66b4762-c214-41eb-b0be-9d91b3170b6c
[HEARTBEAT] Lightweight heartbeat sent for node f66b4762-c214-41eb-b0be-9d91b3170b6c
[HEARTBEAT] Lightweight heartbeat sent for node f66b4762-c214-41eb-b0be-9d91b3170b6c
[HEARTBEAT] Lightweight heartbeat sent for node f66b4762-c214-41eb-b0be-9d91b3170b6c
[MONITORING] MSG_STATECAPTURE sent (msg #58)
[HEARTBEAT] Lightweight heartbeat sent for node f66b4762-c214-41eb-b0be-9d91b3170b6c
[HEARTBEAT] Lightweight heartbeat sent for node f66b4762-c214-41eb-b0be-9d91b3170b6c
[HEARTBEAT] Lightweight heartbeat sent for node f66b4762-c214-41eb-b0be-9d91b3170b6c
[HEARTBEAT] Lightweight heartbeat sent for node f66b4762-c214-41eb-b0be-9d91b3170b6c
[HEARTBEAT] Lightweight heartbeat sent for node f66b4762-c214-41eb-b0be-9d91b3170b6c
[MONITORING] MSG_STATECAPTURE sent (msg #59)
[HEARTBEAT] Lightweight heartbeat sent for node f66b4762-c214-41eb-b0be-9d91b3170b6c
[HEARTBEAT] Lightweight heartbeat sent for node f66b4762-c214-41eb-b0be-9d91b3170b6c
[HEARTBEAT] Lightweight heartbeat sent for node f66b4762-c214-41eb-b0be-9d91b3170b6c
[HEARTBEAT] Lightweight heartbeat sent for node f66b4762-c214-41eb-b0be-9d91b3170b6c
[HEARTBEAT] Lightweight heartbeat sent for node f66b4762-c214-41eb-b0be-9d91b3170b6c
[MONITORING] MSG_STATECAPTURE sent (msg #60)
[HEARTBEAT] Lightweight heartbeat sent for node f66b4762-c214-41eb-b0be-9d91b3170b6c
[HEARTBEAT] Lightweight heartbeat sent for node f66b4762-c214-41eb-b0be-9d91b3170b6c
[HEARTBEAT] Lightweight heartbeat sent for node f66b4762-c214-41eb-b0be-9d91b3170b6c
[HEARTBEAT] Lightweight heartbeat sent for node f66b4762-c214-41eb-b0be-9d91b3170b6c
[HEARTBEAT] Lightweight heartbeat sent for node f66b4762-c214-41eb-b0be-9d91b3170b6c
[MONITORING] MSG_STATECAPTURE sent (msg #61)
[HEARTBEAT] Lightweight heartbeat sent for node f66b4762-c214-41eb-b0be-9d91b3170b6c
[HEARTBEAT] Lightweight heartbeat sent for node f66b4762-c214-41eb-b0be-9d91b3170b6c
[HEARTBEAT] Lightweight heartbeat sent for node f66b4762-c214-41eb-b0be-9d91b3170b6c
[HEARTBEAT] Lightweight heartbeat sent for node f66b4762-c214-41eb-b0be-9d91b3170b6c
[HEARTBEAT] Lightweight heartbeat sent for node f66b4762-c214-41eb-b0be-9d91b3170b6c
[MONITORING] MSG_STATECAPTURE sent (msg #62)
[HEARTBEAT] Lightweight heartbeat sent for node f66b4762-c214-41eb-b0be-9d91b3170b6c
[HEARTBEAT] Lightweight heartbeat sent for node f66b4762-c214-41eb-b0be-9d91b3170b6c
[HEARTBEAT] Lightweight heartbeat sent for node f66b4762-c214-41eb-b0be-9d91b3170b6c
[HEARTBEAT] Lightweight heartbeat sent for node f66b4762-c214-41eb-b0be-9d91b3170b6c
[HEARTBEAT] Lightweight heartbeat sent for node f66b4762-c214-41eb-b0be-9d91b3170b6c
[MONITORING] MSG_STATECAPTURE sent (msg #63)
[HEARTBEAT] Lightweight heartbeat sent for node f66b4762-c214-41eb-b0be-9d91b3170b6c
[HEARTBEAT] Lightweight heartbeat sent for node f66b4762-c214-41eb-b0be-9d91b3170b6c
[HEARTBEAT] Lightweight heartbeat sent for node f66b4762-c214-41eb-b0be-9d91b3170b6c
[HEARTBEAT] Lightweight heartbeat sent for node f66b4762-c214-41eb-b0be-9d91b3170b6c
[HEARTBEAT] Lightweight heartbeat sent for node f66b4762-c214-41eb-b0be-9d91b3170b6c
[MONITORING] MSG_STATECAPTURE sent (msg #64)
[HEARTBEAT] Lightweight heartbeat sent for node f66b4762-c214-41eb-b0be-9d91b3170b6c
[HEARTBEAT] Lightweight heartbeat sent for node f66b4762-c214-41eb-b0be-9d91b3170b6c
[HEARTBEAT] Lightweight heartbeat sent for node f66b4762-c214-41eb-b0be-9d91b3170b6c
[HEARTBEAT] Lightweight heartbeat sent for node f66b4762-c214-41eb-b0be-9d91b3170b6c
[HEARTBEAT] Lightweight heartbeat sent for node f66b4762-c214-41eb-b0be-9d91b3170b6c
[MONITORING] MSG_STATECAPTURE sent (msg #65)
[HEARTBEAT] Lightweight heartbeat sent for node f66b4762-c214-41eb-b0be-9d91b3170b6c
[HEARTBEAT] Lightweight heartbeat sent for node f66b4762-c214-41eb-b0be-9d91b3170b6c
[HEARTBEAT] Lightweight heartbeat sent for node f66b4762-c214-41eb-b0be-9d91b3170b6c
[HEARTBEAT] Lightweight heartbeat sent for node f66b4762-c214-41eb-b0be-9d91b3170b6c
[HEARTBEAT] Lightweight heartbeat sent for node f66b4762-c214-41eb-b0be-9d91b3170b6c
[MONITORING] MSG_STATECAPTURE sent (msg #66)
[HEARTBEAT] Lightweight heartbeat sent for node f66b4762-c214-41eb-b0be-9d91b3170b6c
[HEARTBEAT] Lightweight heartbeat sent for node f66b4762-c214-41eb-b0be-9d91b3170b6c
[HEARTBEAT] Lightweight heartbeat sent for node f66b4762-c214-41eb-b0be-9d91b3170b6c
[HEARTBEAT] Lightweight heartbeat sent for node f66b4762-c214-41eb-b0be-9d91b3170b6c
[HEARTBEAT] Lightweight heartbeat sent for node f66b4762-c214-41eb-b0be-9d91b3170b6c
[MONITORING] MSG_STATECAPTURE sent (msg #67)
[HEARTBEAT] Lightweight heartbeat sent for node f66b4762-c214-41eb-b0be-9d91b3170b6c
[HEARTBEAT] Lightweight heartbeat sent for node f66b4762-c214-41eb-b0be-9d91b3170b6c
[HEARTBEAT] Lightweight heartbeat sent for node f66b4762-c214-41eb-b0be-9d91b3170b6c
[HEARTBEAT] Lightweight heartbeat sent for node f66b4762-c214-41eb-b0be-9d91b3170b6c
[HEARTBEAT] Lightweight heartbeat sent for node f66b4762-c214-41eb-b0be-9d91b3170b6c
[MONITORING] MSG_STATECAPTURE sent (msg #68)
[HEARTBEAT] Lightweight heartbeat sent for node f66b4762-c214-41eb-b0be-9d91b3170b6c
[HEARTBEAT] Lightweight heartbeat sent for node f66b4762-c214-41eb-b0be-9d91b3170b6c
[HEARTBEAT] Lightweight heartbeat sent for node f66b4762-c214-41eb-b0be-9d91b3170b6c
[HEARTBEAT] Lightweight heartbeat sent for node f66b4762-c214-41eb-b0be-9d91b3170b6c
[HEARTBEAT] Lightweight heartbeat sent for node f66b4762-c214-41eb-b0be-9d91b3170b6c
[MONITORING] MSG_STATECAPTURE sent (msg #69)
[HEARTBEAT] Lightweight heartbeat sent for node f66b4762-c214-41eb-b0be-9d91b3170b6c
[HEARTBEAT] Lightweight heartbeat sent for node f66b4762-c214-41eb-b0be-9d91b3170b6c
[HEARTBEAT] Lightweight heartbeat sent for node f66b4762-c214-41eb-b0be-9d91b3170b6c
[HEARTBEAT] Lightweight heartbeat sent for node f66b4762-c214-41eb-b0be-9d91b3170b6c
[HEARTBEAT] Lightweight heartbeat sent for node f66b4762-c214-41eb-b0be-9d91b3170b6c
[MONITORING] MSG_STATECAPTURE sent (msg #70)
[HEARTBEAT] Lightweight heartbeat sent for node f66b4762-c214-41eb-b0be-9d91b3170b6c
[HEARTBEAT] Lightweight heartbeat sent for node f66b4762-c214-41eb-b0be-9d91b3170b6c
[HEARTBEAT] Lightweight heartbeat sent for node f66b4762-c214-41eb-b0be-9d91b3170b6c
[HEARTBEAT] Lightweight heartbeat sent for node f66b4762-c214-41eb-b0be-9d91b3170b6c
[HEARTBEAT] Lightweight heartbeat sent for node f66b4762-c214-41eb-b0be-9d91b3170b6c
[MONITORING] MSG_STATECAPTURE sent (msg #71)
[HEARTBEAT] Lightweight heartbeat sent for node f66b4762-c214-41eb-b0be-9d91b3170b6c
[HEARTBEAT] Lightweight heartbeat sent for node f66b4762-c214-41eb-b0be-9d91b3170b6c
[HEARTBEAT] Lightweight heartbeat sent for node f66b4762-c214-41eb-b0be-9d91b3170b6c
[HEARTBEAT] Lightweight heartbeat sent for node f66b4762-c214-41eb-b0be-9d91b3170b6c
[HEARTBEAT] Lightweight heartbeat sent for node f66b4762-c214-41eb-b0be-9d91b3170b6c
[MONITORING] MSG_STATECAPTURE sent (msg #72)
[HEARTBEAT] Lightweight heartbeat sent for node f66b4762-c214-41eb-b0be-9d91b3170b6c
[HEARTBEAT] Lightweight heartbeat sent for node f66b4762-c214-41eb-b0be-9d91b3170b6c
[HEARTBEAT] Lightweight heartbeat sent for node f66b4762-c214-41eb-b0be-9d91b3170b6c
[HEARTBEAT] Lightweight heartbeat sent for node f66b4762-c214-41eb-b0be-9d91b3170b6c
[HEARTBEAT] Lightweight heartbeat sent for node f66b4762-c214-41eb-b0be-9d91b3170b6c
[MONITORING] MSG_STATECAPTURE sent (msg #73)
[HEARTBEAT] Lightweight heartbeat sent for node f66b4762-c214-41eb-b0be-9d91b3170b6c
[HEARTBEAT] Lightweight heartbeat sent for node f66b4762-c214-41eb-b0be-9d91b3170b6c
[HEARTBEAT] Lightweight heartbeat sent for node f66b4762-c214-41eb-b0be-9d91b3170b6c
[HEARTBEAT] Lightweight heartbeat sent for node f66b4762-c214-41eb-b0be-9d91b3170b6c
[HEARTBEAT] Lightweight heartbeat sent for node f66b4762-c214-41eb-b0be-9d91b3170b6c
[MONITORING] MSG_STATECAPTURE sent (msg #74)
[HEARTBEAT] Lightweight heartbeat sent for node f66b4762-c214-41eb-b0be-9d91b3170b6c
[HEARTBEAT] Lightweight heartbeat sent for node f66b4762-c214-41eb-b0be-9d91b3170b6c
[HEARTBEAT] Lightweight heartbeat sent for node f66b4762-c214-41eb-b0be-9d91b3170b6c
[HEARTBEAT] Lightweight heartbeat sent for node f66b4762-c214-41eb-b0be-9d91b3170b6c
[HEARTBEAT] Lightweight heartbeat sent for node f66b4762-c214-41eb-b0be-9d91b3170b6c
[MONITORING] MSG_STATECAPTURE sent (msg #75)
[HEARTBEAT] Lightweight heartbeat sent for node f66b4762-c214-41eb-b0be-9d91b3170b6c
[HEARTBEAT] Lightweight heartbeat sent for node f66b4762-c214-41eb-b0be-9d91b3170b6c
[HEARTBEAT] Lightweight heartbeat sent for node f66b4762-c214-41eb-b0be-9d91b3170b6c
[HEARTBEAT] Lightweight heartbeat sent for node f66b4762-c214-41eb-b0be-9d91b3170b6c
[NET] PROG
Received Program 
[Master] Generated ./progs/controller_ip.c with controller IP: 192.168.30.7
[Master] Saved program to ./progs/5d4f440a-d079-446e-b3df-10a0e74a90ed.c
[Master] Parsing: Parser/build/mytool ./progs/5d4f440a-d079-446e-b3df-10a0e74a90ed.c -- -I. > ./progs/5d4f440a-d079-446e-b3df-10a0e74a90ed.c.parse_err 2>&1
[Master] Parsed output: ./progs/5d4f440a-d079-446e-b3df-10a0e74a90ed.c_parsed.c
[Master] Compiling program: gcc ./progs/5d4f440a-d079-446e-b3df-10a0e74a90ed.c_parsed.c ./progs/controller_ip.c Execution_Master/utils/master_exec.c Execution_Master/utils/orchestrator.c Execution_Master/utils/parallax_team.c Execution_Master/utils/barrier.c Execution_Master/utils/net_utils.c Agent_Init/network/network_agent.c Agent_Init/network/ms_queue.c Agent_Init/network/socket.c Agent_Init/network/linked_list.c -IExecution_Master/utils/ -IAgent_Init/network/ -Iparallax/ -I. -pthread -o ./progs/bin_5d4f440a-d079-446e-b3df-10a0e74a90ed.c > ./progs/5d4f440a-d079-446e-b3df-10a0e74a90ed.c.compile_err 2>&1
[HEARTBEAT] Lightweight heartbeat sent for node f66b4762-c214-41eb-b0be-9d91b3170b6c
[MONITORING] MSG_STATECAPTURE sent (msg #76)
[Master] Program compiled successfully.
[Master] Executing program, output -> ./progs/5d4f440a-d079-446e-b3df-10a0e74a90ed.c.log
[NET] ee5ukdB
[NET] 0E8oDyt
[NET] 1YZTE33
[HEARTBEAT] Lightweight heartbeat sent for node f66b4762-c214-41eb-b0be-9d91b3170b6c
[HEARTBEAT] Lightweight heartbeat sent for node f66b4762-c214-41eb-b0be-9d91b3170b6c
[NET] KiuhfbY
[NET] iGimIcF
[NET] Qd4HH2T
[HEARTBEAT] Lightweight heartbeat sent for node f66b4762-c214-41eb-b0be-9d91b3170b6c
[HEARTBEAT] Lightweight heartbeat sent for node f66b4762-c214-41eb-b0be-9d91b3170b6c
[HEARTBEAT] Lightweight heartbeat sent for node f66b4762-c214-41eb-b0be-9d91b3170b6c
[MONITORING] MSG_STATECAPTURE sent (msg #77)
[HEARTBEAT] Lightweight heartbeat sent for node f66b4762-c214-41eb-b0be-9d91b3170b6c
[HEARTBEAT] Lightweight heartbeat sent for node f66b4762-c214-41eb-b0be-9d91b3170b6c
[HEARTBEAT] Lightweight heartbeat sent for node f66b4762-c214-41eb-b0be-9d91b3170b6c
[HEARTBEAT] Lightweight heartbeat sent for node f66b4762-c214-41eb-b0be-9d91b3170b6c
[HEARTBEAT] Lightweight heartbeat sent for node f66b4762-c214-41eb-b0be-9d91b3170b6c
[MONITORING] MSG_STATECAPTURE sent (msg #78)
[HEARTBEAT] Lightweight heartbeat sent for node f66b4762-c214-41eb-b0be-9d91b3170b6c
[HEARTBEAT] Lightweight heartbeat sent for node f66b4762-c214-41eb-b0be-9d91b3170b6c
[HEARTBEAT] Lightweight heartbeat sent for node f66b4762-c214-41eb-b0be-9d91b3170b6c
[HEARTBEAT] Lightweight heartbeat sent for node f66b4762-c214-41eb-b0be-9d91b3170b6c
[HEARTBEAT] Lightweight heartbeat sent for node f66b4762-c214-41eb-b0be-9d91b3170b6c
[MONITORING] MSG_STATECAPTURE sent (msg #79)
[HEARTBEAT] Lightweight heartbeat sent for node f66b4762-c214-41eb-b0be-9d91b3170b6c
[HEARTBEAT] Lightweight heartbeat sent for node f66b4762-c214-41eb-b0be-9d91b3170b6c
[HEARTBEAT] Lightweight heartbeat sent for node f66b4762-c214-41eb-b0be-9d91b3170b6c
[HEARTBEAT] Lightweight heartbeat sent for node f66b4762-c214-41eb-b0be-9d91b3170b6c
[HEARTBEAT] Lightweight heartbeat sent for node f66b4762-c214-41eb-b0be-9d91b3170b6c
[MONITORING] MSG_STATECAPTURE sent (msg #80)
[HEARTBEAT] Lightweight heartbeat sent for node f66b4762-c214-41eb-b0be-9d91b3170b6c
[HEARTBEAT] Lightweight heartbeat sent for node f66b4762-c214-41eb-b0be-9d91b3170b6c
[HEARTBEAT] Lightweight heartbeat sent for node f66b4762-c214-41eb-b0be-9d91b3170b6c
[HEARTBEAT] Lightweight heartbeat sent for node f66b4762-c214-41eb-b0be-9d91b3170b6c
[HEARTBEAT] Lightweight heartbeat sent for node f66b4762-c214-41eb-b0be-9d91b3170b6c
[MONITORING] MSG_STATECAPTURE sent (msg #81)
[HEARTBEAT] Lightweight heartbeat sent for node f66b4762-c214-41eb-b0be-9d91b3170b6c
[HEARTBEAT] Lightweight heartbeat sent for node f66b4762-c214-41eb-b0be-9d91b3170b6c
[HEARTBEAT] Lightweight heartbeat sent for node f66b4762-c214-41eb-b0be-9d91b3170b6c
[HEARTBEAT] Lightweight heartbeat sent for node f66b4762-c214-41eb-b0be-9d91b3170b6c
[HEARTBEAT] Lightweight heartbeat sent for node f66b4762-c214-41eb-b0be-9d91b3170b6c
[MONITORING] MSG_STATECAPTURE sent (msg #82)
[HEARTBEAT] Lightweight heartbeat sent for node f66b4762-c214-41eb-b0be-9d91b3170b6c
[HEARTBEAT] Lightweight heartbeat sent for node f66b4762-c214-41eb-b0be-9d91b3170b6c
[HEARTBEAT] Lightweight heartbeat sent for node f66b4762-c214-41eb-b0be-9d91b3170b6c
[HEARTBEAT] Lightweight heartbeat sent for node f66b4762-c214-41eb-b0be-9d91b3170b6c
[HEARTBEAT] Lightweight heartbeat sent for node f66b4762-c214-41eb-b0be-9d91b3170b6c
[MONITORING] MSG_STATECAPTURE sent (msg #83)
[Master] Program finished. Log at: ./progs/5d4f440a-d079-446e-b3df-10a0e74a90ed.c.log
[Master] Execution log sent to controller (status=OK)
[NET] vbQTqY2
[NET] Lw3ZVbY
[NET] hK6j36O
[HEARTBEAT] Lightweight heartbeat sent for node f66b4762-c214-41eb-b0be-9d91b3170b6c
[HEARTBEAT] Lightweight heartbeat sent for node f66b4762-c214-41eb-b0be-9d91b3170b6c
[NET] b3KziSK
[NET] mrDItkp
[HEARTBEAT] Lightweight heartbeat sent for node f66b4762-c214-41eb-b0be-9d91b3170b6c
[HEARTBEAT] Lightweight heartbeat sent for node f66b4762-c214-41eb-b0be-9d91b3170b6c
[HEARTBEAT] Lightweight heartbeat sent for node f66b4762-c214-41eb-b0be-9d91b3170b6c
[MONITORING] MSG_STATECAPTURE sent (msg #84)
[HEARTBEAT] Lightweight heartbeat sent for node f66b4762-c214-41eb-b0be-9d91b3170b6c
[HEARTBEAT] Lightweight heartbeat sent for node f66b4762-c214-41eb-b0be-9d91b3170b6c
[HEARTBEAT] Lightweight heartbeat sent for node f66b4762-c214-41eb-b0be-9d91b3170b6c
[HEARTBEAT] Lightweight heartbeat sent for node f66b4762-c214-41eb-b0be-9d91b3170b6c
[HEARTBEAT] Lightweight heartbeat sent for node f66b4762-c214-41eb-b0be-9d91b3170b6c
[MONITORING] MSG_STATECAPTURE sent (msg #85)
[HEARTBEAT] Lightweight heartbeat sent for node f66b4762-c214-41eb-b0be-9d91b3170b6c
[HEARTBEAT] Lightweight heartbeat sent for node f66b4762-c214-41eb-b0be-9d91b3170b6c
[HEARTBEAT] Lightweight heartbeat sent for node f66b4762-c214-41eb-b0be-9d91b3170b6c
[HEARTBEAT] Lightweight heartbeat sent for node f66b4762-c214-41eb-b0be-9d91b3170b6c
[HEARTBEAT] Lightweight heartbeat sent for node f66b4762-c214-41eb-b0be-9d91b3170b6c
[MONITORING] MSG_STATECAPTURE sent (msg #86)
[HEARTBEAT] Lightweight heartbeat sent for node f66b4762-c214-41eb-b0be-9d91b3170b6c
[HEARTBEAT] Lightweight heartbeat sent for node f66b4762-c214-41eb-b0be-9d91b3170b6c
[HEARTBEAT] Lightweight heartbeat sent for node f66b4762-c214-41eb-b0be-9d91b3170b6c
[HEARTBEAT] Lightweight heartbeat sent for node f66b4762-c214-41eb-b0be-9d91b3170b6c
[HEARTBEAT] Lightweight heartbeat sent for node f66b4762-c214-41eb-b0be-9d91b3170b6c
[MONITORING] MSG_STATECAPTURE sent (msg #87)
[HEARTBEAT] Lightweight heartbeat sent for node f66b4762-c214-41eb-b0be-9d91b3170b6c
[HEARTBEAT] Lightweight heartbeat sent for node f66b4762-c214-41eb-b0be-9d91b3170b6c
[HEARTBEAT] Lightweight heartbeat sent for node f66b4762-c214-41eb-b0be-9d91b3170b6c
[HEARTBEAT] Lightweight heartbeat sent for node f66b4762-c214-41eb-b0be-9d91b3170b6c
[HEARTBEAT] Lightweight heartbeat sent for node f66b4762-c214-41eb-b0be-9d91b3170b6c
[MONITORING] MSG_STATECAPTURE sent (msg #88)
[HEARTBEAT] Lightweight heartbeat sent for node f66b4762-c214-41eb-b0be-9d91b3170b6c
[HEARTBEAT] Lightweight heartbeat sent for node f66b4762-c214-41eb-b0be-9d91b3170b6c
[HEARTBEAT] Lightweight heartbeat sent for node f66b4762-c214-41eb-b0be-9d91b3170b6c
[HEARTBEAT] Lightweight heartbeat sent for node f66b4762-c214-41eb-b0be-9d91b3170b6c
[HEARTBEAT] Lightweight heartbeat sent for node f66b4762-c214-41eb-b0be-9d91b3170b6c
[MONITORING] MSG_STATECAPTURE sent (msg #89)
[HEARTBEAT] Lightweight heartbeat sent for node f66b4762-c214-41eb-b0be-9d91b3170b6c
[HEARTBEAT] Lightweight heartbeat sent for node f66b4762-c214-41eb-b0be-9d91b3170b6c
[HEARTBEAT] Lightweight heartbeat sent for node f66b4762-c214-41eb-b0be-9d91b3170b6c
[HEARTBEAT] Lightweight heartbeat sent for node f66b4762-c214-41eb-b0be-9d91b3170b6c
[HEARTBEAT] Lightweight heartbeat sent for node f66b4762-c214-41eb-b0be-9d91b3170b6c
[MONITORING] MSG_STATECAPTURE sent (msg #90)
[HEARTBEAT] Lightweight heartbeat sent for node f66b4762-c214-41eb-b0be-9d91b3170b6c
[HEARTBEAT] Lightweight heartbeat sent for node f66b4762-c214-41eb-b0be-9d91b3170b6c
[HEARTBEAT] Lightweight heartbeat sent for node f66b4762-c214-41eb-b0be-9d91b3170b6c
[HEARTBEAT] Lightweight heartbeat sent for node f66b4762-c214-41eb-b0be-9d91b3170b6c
[HEARTBEAT] Lightweight heartbeat sent for node f66b4762-c214-41eb-b0be-9d91b3170b6c
[MONITORING] MSG_STATECAPTURE sent (msg #91)
[HEARTBEAT] Lightweight heartbeat sent for node f66b4762-c214-41eb-b0be-9d91b3170b6c
[HEARTBEAT] Lightweight heartbeat sent for node f66b4762-c214-41eb-b0be-9d91b3170b6c
[HEARTBEAT] Lightweight heartbeat sent for node f66b4762-c214-41eb-b0be-9d91b3170b6c
[HEARTBEAT] Lightweight heartbeat sent for node f66b4762-c214-41eb-b0be-9d91b3170b6c
[HEARTBEAT] Lightweight heartbeat sent for node f66b4762-c214-41eb-b0be-9d91b3170b6c
[MONITORING] MSG_STATECAPTURE sent (msg #92)
[HEARTBEAT] Lightweight heartbeat sent for node f66b4762-c214-41eb-b0be-9d91b3170b6c
[HEARTBEAT] Lightweight heartbeat sent for node f66b4762-c214-41eb-b0be-9d91b3170b6c
[HEARTBEAT] Lightweight heartbeat sent for node f66b4762-c214-41eb-b0be-9d91b3170b6c
[HEARTBEAT] Lightweight heartbeat sent for node f66b4762-c214-41eb-b0be-9d91b3170b6c
[HEARTBEAT] Lightweight heartbeat sent for node f66b4762-c214-41eb-b0be-9d91b3170b6c
[MONITORING] MSG_STATECAPTURE sent (msg #93)
[HEARTBEAT] Lightweight heartbeat sent for node f66b4762-c214-41eb-b0be-9d91b3170b6c
[HEARTBEAT] Lightweight heartbeat sent for node f66b4762-c214-41eb-b0be-9d91b3170b6c
[HEARTBEAT] Lightweight heartbeat sent for node f66b4762-c214-41eb-b0be-9d91b3170b6c
[HEARTBEAT] Lightweight heartbeat sent for node f66b4762-c214-41eb-b0be-9d91b3170b6c
[HEARTBEAT] Lightweight heartbeat sent for node f66b4762-c214-41eb-b0be-9d91b3170b6c
[MONITORING] MSG_STATECAPTURE sent (msg #94)
[HEARTBEAT] Lightweight heartbeat sent for node f66b4762-c214-41eb-b0be-9d91b3170b6c
[HEARTBEAT] Lightweight heartbeat sent for node f66b4762-c214-41eb-b0be-9d91b3170b6c
[HEARTBEAT] Lightweight heartbeat sent for node f66b4762-c214-41eb-b0be-9d91b3170b6c
[HEARTBEAT] Lightweight heartbeat sent for node f66b4762-c214-41eb-b0be-9d91b3170b6c
[HEARTBEAT] Lightweight heartbeat sent for node f66b4762-c214-41eb-b0be-9d91b3170b6c
[MONITORING] MSG_STATECAPTURE sent (msg #95)
[HEARTBEAT] Lightweight heartbeat sent for node f66b4762-c214-41eb-b0be-9d91b3170b6c
[HEARTBEAT] Lightweight heartbeat sent for node f66b4762-c214-41eb-b0be-9d91b3170b6c
[HEARTBEAT] Lightweight heartbeat sent for node f66b4762-c214-41eb-b0be-9d91b3170b6c
[HEARTBEAT] Lightweight heartbeat sent for node f66b4762-c214-41eb-b0be-9d91b3170b6c
[HEARTBEAT] Lightweight heartbeat sent for node f66b4762-c214-41eb-b0be-9d91b3170b6c
[MONITORING] MSG_STATECAPTURE sent (msg #96)
[HEARTBEAT] Lightweight heartbeat sent for node f66b4762-c214-41eb-b0be-9d91b3170b6c
[HEARTBEAT] Lightweight heartbeat sent for node f66b4762-c214-41eb-b0be-9d91b3170b6c
[HEARTBEAT] Lightweight heartbeat sent for node f66b4762-c214-41eb-b0be-9d91b3170b6c
[HEARTBEAT] Lightweight heartbeat sent for node f66b4762-c214-41eb-b0be-9d91b3170b6c
[HEARTBEAT] Lightweight heartbeat sent for node f66b4762-c214-41eb-b0be-9d91b3170b6c
[MONITORING] MSG_STATECAPTURE sent (msg #97)
[HEARTBEAT] Lightweight heartbeat sent for node f66b4762-c214-41eb-b0be-9d91b3170b6c
[HEARTBEAT] Lightweight heartbeat sent for node f66b4762-c214-41eb-b0be-9d91b3170b6c
[HEARTBEAT] Lightweight heartbeat sent for node f66b4762-c214-41eb-b0be-9d91b3170b6c
[HEARTBEAT] Lightweight heartbeat sent for node f66b4762-c214-41eb-b0be-9d91b3170b6c
[HEARTBEAT] Lightweight heartbeat sent for node f66b4762-c214-41eb-b0be-9d91b3170b6c
[MONITORING] MSG_STATECAPTURE sent (msg #98)
[HEARTBEAT] Lightweight heartbeat sent for node f66b4762-c214-41eb-b0be-9d91b3170b6c
[HEARTBEAT] Lightweight heartbeat sent for node f66b4762-c214-41eb-b0be-9d91b3170b6c
[HEARTBEAT] Lightweight heartbeat sent for node f66b4762-c214-41eb-b0be-9d91b3170b6c
[HEARTBEAT] Lightweight heartbeat sent for node f66b4762-c214-41eb-b0be-9d91b3170b6c
[HEARTBEAT] Lightweight heartbeat sent for node f66b4762-c214-41eb-b0be-9d91b3170b6c
[MONITORING] MSG_STATECAPTURE sent (msg #99)
[HEARTBEAT] Lightweight heartbeat sent for node f66b4762-c214-41eb-b0be-9d91b3170b6c
[HEARTBEAT] Lightweight heartbeat sent for node f66b4762-c214-41eb-b0be-9d91b3170b6c
[HEARTBEAT] Lightweight heartbeat sent for node f66b4762-c214-41eb-b0be-9d91b3170b6c
[HEARTBEAT] Lightweight heartbeat sent for node f66b4762-c214-41eb-b0be-9d91b3170b6c
[HEARTBEAT] Lightweight heartbeat sent for node f66b4762-c214-41eb-b0be-9d91b3170b6c
[MONITORING] MSG_STATECAPTURE sent (msg #100)
[HEARTBEAT] Lightweight heartbeat sent for node f66b4762-c214-41eb-b0be-9d91b3170b6c
[HEARTBEAT] Lightweight heartbeat sent for node f66b4762-c214-41eb-b0be-9d91b3170b6c
[HEARTBEAT] Lightweight heartbeat sent for node f66b4762-c214-41eb-b0be-9d91b3170b6c
[HEARTBEAT] Lightweight heartbeat sent for node f66b4762-c214-41eb-b0be-9d91b3170b6c
[HEARTBEAT] Lightweight heartbeat sent for node f66b4762-c214-41eb-b0be-9d91b3170b6c
[MONITORING] MSG_STATECAPTURE sent (msg #101)
[HEARTBEAT] Lightweight heartbeat sent for node f66b4762-c214-41eb-b0be-9d91b3170b6c
[HEARTBEAT] Lightweight heartbeat sent for node f66b4762-c214-41eb-b0be-9d91b3170b6c
[HEARTBEAT] Lightweight heartbeat sent for node f66b4762-c214-41eb-b0be-9d91b3170b6c
[HEARTBEAT] Lightweight heartbeat sent for node f66b4762-c214-41eb-b0be-9d91b3170b6c
[HEARTBEAT] Lightweight heartbeat sent for node f66b4762-c214-41eb-b0be-9d91b3170b6c
[MONITORING] MSG_STATECAPTURE sent (msg #102)
[HEARTBEAT] Lightweight heartbeat sent for node f66b4762-c214-41eb-b0be-9d91b3170b6c
[HEARTBEAT] Lightweight heartbeat sent for node f66b4762-c214-41eb-b0be-9d91b3170b6c
[HEARTBEAT] Lightweight heartbeat sent for node f66b4762-c214-41eb-b0be-9d91b3170b6c
[HEARTBEAT] Lightweight heartbeat sent for node f66b4762-c214-41eb-b0be-9d91b3170b6c
[HEARTBEAT] Lightweight heartbeat sent for node f66b4762-c214-41eb-b0be-9d91b3170b6c
[MONITORING] MSG_STATECAPTURE sent (msg #103)
[HEARTBEAT] Lightweight heartbeat sent for node f66b4762-c214-41eb-b0be-9d91b3170b6c
[HEARTBEAT] Lightweight heartbeat sent for node f66b4762-c214-41eb-b0be-9d91b3170b6c
[HEARTBEAT] Lightweight heartbeat sent for node f66b4762-c214-41eb-b0be-9d91b3170b6c
[HEARTBEAT] Lightweight heartbeat sent for node f66b4762-c214-41eb-b0be-9d91b3170b6c
[HEARTBEAT] Lightweight heartbeat sent for node f66b4762-c214-41eb-b0be-9d91b3170b6c
[MONITORING] MSG_STATECAPTURE sent (msg #104)
[HEARTBEAT] Lightweight heartbeat sent for node f66b4762-c214-41eb-b0be-9d91b3170b6c
[HEARTBEAT] Lightweight heartbeat sent for node f66b4762-c214-41eb-b0be-9d91b3170b6c
[HEARTBEAT] Lightweight heartbeat sent for node f66b4762-c214-41eb-b0be-9d91b3170b6c
[HEARTBEAT] Lightweight heartbeat sent for node f66b4762-c214-41eb-b0be-9d91b3170b6c
[HEARTBEAT] Lightweight heartbeat sent for node f66b4762-c214-41eb-b0be-9d91b3170b6c
[MONITORING] MSG_STATECAPTURE sent (msg #105)
[HEARTBEAT] Lightweight heartbeat sent for node f66b4762-c214-41eb-b0be-9d91b3170b6c
[HEARTBEAT] Lightweight heartbeat sent for node f66b4762-c214-41eb-b0be-9d91b3170b6c
[HEARTBEAT] Lightweight heartbeat sent for node f66b4762-c214-41eb-b0be-9d91b3170b6c
[HEARTBEAT] Lightweight heartbeat sent for node f66b4762-c214-41eb-b0be-9d91b3170b6c
[HEARTBEAT] Lightweight heartbeat sent for node f66b4762-c214-41eb-b0be-9d91b3170b6c
[MONITORING] MSG_STATECAPTURE sent (msg #106)
[HEARTBEAT] Lightweight heartbeat sent for node f66b4762-c214-41eb-b0be-9d91b3170b6c
[HEARTBEAT] Lightweight heartbeat sent for node f66b4762-c214-41eb-b0be-9d91b3170b6c
[HEARTBEAT] Lightweight heartbeat sent for node f66b4762-c214-41eb-b0be-9d91b3170b6c
[HEARTBEAT] Lightweight heartbeat sent for node f66b4762-c214-41eb-b0be-9d91b3170b6c
[HEARTBEAT] Lightweight heartbeat sent for node f66b4762-c214-41eb-b0be-9d91b3170b6c
[MONITORING] MSG_STATECAPTURE sent (msg #107)
[HEARTBEAT] Lightweight heartbeat sent for node f66b4762-c214-41eb-b0be-9d91b3170b6c
[HEARTBEAT] Lightweight heartbeat sent for node f66b4762-c214-41eb-b0be-9d91b3170b6c
[HEARTBEAT] Lightweight heartbeat sent for node f66b4762-c214-41eb-b0be-9d91b3170b6c
[HEARTBEAT] Lightweight heartbeat sent for node f66b4762-c214-41eb-b0be-9d91b3170b6c
[HEARTBEAT] Lightweight heartbeat sent for node f66b4762-c214-41eb-b0be-9d91b3170b6c
[MONITORING] MSG_STATECAPTURE sent (msg #108)
[HEARTBEAT] Lightweight heartbeat sent for node f66b4762-c214-41eb-b0be-9d91b3170b6c
[HEARTBEAT] Lightweight heartbeat sent for node f66b4762-c214-41eb-b0be-9d91b3170b6c
[HEARTBEAT] Lightweight heartbeat sent for node f66b4762-c214-41eb-b0be-9d91b3170b6c
[HEARTBEAT] Lightweight heartbeat sent for node f66b4762-c214-41eb-b0be-9d91b3170b6c
[HEARTBEAT] Lightweight heartbeat sent for node f66b4762-c214-41eb-b0be-9d91b3170b6c
[MONITORING] MSG_STATECAPTURE sent (msg #109)
[HEARTBEAT] Lightweight heartbeat sent for node f66b4762-c214-41eb-b0be-9d91b3170b6c
[HEARTBEAT] Lightweight heartbeat sent for node f66b4762-c214-41eb-b0be-9d91b3170b6c
[HEARTBEAT] Lightweight heartbeat sent for node f66b4762-c214-41eb-b0be-9d91b3170b6c
[HEARTBEAT] Lightweight heartbeat sent for node f66b4762-c214-41eb-b0be-9d91b3170b6c
[HEARTBEAT] Lightweight heartbeat sent for node f66b4762-c214-41eb-b0be-9d91b3170b6c
[MONITORING] MSG_STATECAPTURE sent (msg #110)
[HEARTBEAT] Lightweight heartbeat sent for node f66b4762-c214-41eb-b0be-9d91b3170b6c
[HEARTBEAT] Lightweight heartbeat sent for node f66b4762-c214-41eb-b0be-9d91b3170b6c
[HEARTBEAT] Lightweight heartbeat sent for node f66b4762-c214-41eb-b0be-9d91b3170b6c
[HEARTBEAT] Lightweight heartbeat sent for node f66b4762-c214-41eb-b0be-9d91b3170b6c
[HEARTBEAT] Lightweight heartbeat sent for node f66b4762-c214-41eb-b0be-9d91b3170b6c
[MONITORING] MSG_STATECAPTURE sent (msg #111)
[HEARTBEAT] Lightweight heartbeat sent for node f66b4762-c214-41eb-b0be-9d91b3170b6c
[HEARTBEAT] Lightweight heartbeat sent for node f66b4762-c214-41eb-b0be-9d91b3170b6c
[HEARTBEAT] Lightweight heartbeat sent for node f66b4762-c214-41eb-b0be-9d91b3170b6c
[HEARTBEAT] Lightweight heartbeat sent for node f66b4762-c214-41eb-b0be-9d91b3170b6c
[HEARTBEAT] Lightweight heartbeat sent for node f66b4762-c214-41eb-b0be-9d91b3170b6c
[MONITORING] MSG_STATECAPTURE sent (msg #112)
[HEARTBEAT] Lightweight heartbeat sent for node f66b4762-c214-41eb-b0be-9d91b3170b6c
[HEARTBEAT] Lightweight heartbeat sent for node f66b4762-c214-41eb-b0be-9d91b3170b6c
[HEARTBEAT] Lightweight heartbeat sent for node f66b4762-c214-41eb-b0be-9d91b3170b6c
[HEARTBEAT] Lightweight heartbeat sent for node f66b4762-c214-41eb-b0be-9d91b3170b6c
[HEARTBEAT] Lightweight heartbeat sent for node f66b4762-c214-41eb-b0be-9d91b3170b6c
[MONITORING] MSG_STATECAPTURE sent (msg #113)
[HEARTBEAT] Lightweight heartbeat sent for node f66b4762-c214-41eb-b0be-9d91b3170b6c
[HEARTBEAT] Lightweight heartbeat sent for node f66b4762-c214-41eb-b0be-9d91b3170b6c
[HEARTBEAT] Lightweight heartbeat sent for node f66b4762-c214-41eb-b0be-9d91b3170b6c
[HEARTBEAT] Lightweight heartbeat sent for node f66b4762-c214-41eb-b0be-9d91b3170b6c
[NET] PROG
Received Program 
[Master] Generated ./progs/controller_ip.c with controller IP: 192.168.30.7
[Master] Saved program to ./progs/7c2372e5-d4c5-4349-954a-40ad7262cea3.c
[Master] Parsing: Parser/build/mytool ./progs/7c2372e5-d4c5-4349-954a-40ad7262cea3.c -- -I. > ./progs/7c2372e5-d4c5-4349-954a-40ad7262cea3.c.parse_err 2>&1
[Master] Parsed output: ./progs/7c2372e5-d4c5-4349-954a-40ad7262cea3.c_parsed.c
[Master] Compiling program: gcc ./progs/7c2372e5-d4c5-4349-954a-40ad7262cea3.c_parsed.c ./progs/controller_ip.c Execution_Master/utils/master_exec.c Execution_Master/utils/orchestrator.c Execution_Master/utils/parallax_team.c Execution_Master/utils/barrier.c Execution_Master/utils/net_utils.c Agent_Init/network/network_agent.c Agent_Init/network/ms_queue.c Agent_Init/network/socket.c Agent_Init/network/linked_list.c -IExecution_Master/utils/ -IAgent_Init/network/ -Iparallax/ -I. -pthread -o ./progs/bin_7c2372e5-d4c5-4349-954a-40ad7262cea3.c > ./progs/7c2372e5-d4c5-4349-954a-40ad7262cea3.c.compile_err 2>&1
[Master] Program compiled successfully.
[Master] Executing program, output -> ./progs/7c2372e5-d4c5-4349-954a-40ad7262cea3.c.log
[NET] SWadtq9
[NET] MIv8UCO
[NET] 6y7sCgs
[HEARTBEAT] Lightweight heartbeat sent for node f66b4762-c214-41eb-b0be-9d91b3170b6c
[MONITORING] MSG_STATECAPTURE sent (msg #114)
[HEARTBEAT] Lightweight heartbeat sent for node f66b4762-c214-41eb-b0be-9d91b3170b6c
[NET] oNfCFGY
[NET] EWOmIOo
[NET] 04lAAEy
[HEARTBEAT] Lightweight heartbeat sent for node f66b4762-c214-41eb-b0be-9d91b3170b6c
[HEARTBEAT] Lightweight heartbeat sent for node f66b4762-c214-41eb-b0be-9d91b3170b6c
[HEARTBEAT] Lightweight heartbeat sent for node f66b4762-c214-41eb-b0be-9d91b3170b6c
[HEARTBEAT] Lightweight heartbeat sent for node f66b4762-c214-41eb-b0be-9d91b3170b6c
[MONITORING] MSG_STATECAPTURE sent (msg #115)
[HEARTBEAT] Lightweight heartbeat sent for node f66b4762-c214-41eb-b0be-9d91b3170b6c
[HEARTBEAT] Lightweight heartbeat sent for node f66b4762-c214-41eb-b0be-9d91b3170b6c
[HEARTBEAT] Lightweight heartbeat sent for node f66b4762-c214-41eb-b0be-9d91b3170b6c
[HEARTBEAT] Lightweight heartbeat sent for node f66b4762-c214-41eb-b0be-9d91b3170b6c
[HEARTBEAT] Lightweight heartbeat sent for node f66b4762-c214-41eb-b0be-9d91b3170b6c
[MONITORING] MSG_STATECAPTURE sent (msg #116)
[HEARTBEAT] Lightweight heartbeat sent for node f66b4762-c214-41eb-b0be-9d91b3170b6c
[HEARTBEAT] Lightweight heartbeat sent for node f66b4762-c214-41eb-b0be-9d91b3170b6c
[HEARTBEAT] Lightweight heartbeat sent for node f66b4762-c214-41eb-b0be-9d91b3170b6c
[HEARTBEAT] Lightweight heartbeat sent for node f66b4762-c214-41eb-b0be-9d91b3170b6c
[HEARTBEAT] Lightweight heartbeat sent for node f66b4762-c214-41eb-b0be-9d91b3170b6c
[MONITORING] MSG_STATECAPTURE sent (msg #117)
[HEARTBEAT] Lightweight heartbeat sent for node f66b4762-c214-41eb-b0be-9d91b3170b6c
[HEARTBEAT] Lightweight heartbeat sent for node f66b4762-c214-41eb-b0be-9d91b3170b6c
[HEARTBEAT] Lightweight heartbeat sent for node f66b4762-c214-41eb-b0be-9d91b3170b6c
[HEARTBEAT] Lightweight heartbeat sent for node f66b4762-c214-41eb-b0be-9d91b3170b6c
[HEARTBEAT] Lightweight heartbeat sent for node f66b4762-c214-41eb-b0be-9d91b3170b6c
[MONITORING] MSG_STATECAPTURE sent (msg #118)
[HEARTBEAT] Lightweight heartbeat sent for node f66b4762-c214-41eb-b0be-9d91b3170b6c
[HEARTBEAT] Lightweight heartbeat sent for node f66b4762-c214-41eb-b0be-9d91b3170b6c
[HEARTBEAT] Lightweight heartbeat sent for node f66b4762-c214-41eb-b0be-9d91b3170b6c
[HEARTBEAT] Lightweight heartbeat sent for node f66b4762-c214-41eb-b0be-9d91b3170b6c
[HEARTBEAT] Lightweight heartbeat sent for node f66b4762-c214-41eb-b0be-9d91b3170b6c
[MONITORING] MSG_STATECAPTURE sent (msg #119)
[HEARTBEAT] Lightweight heartbeat sent for node f66b4762-c214-41eb-b0be-9d91b3170b6c
[HEARTBEAT] Lightweight heartbeat sent for node f66b4762-c214-41eb-b0be-9d91b3170b6c
[HEARTBEAT] Lightweight heartbeat sent for node f66b4762-c214-41eb-b0be-9d91b3170b6c
[HEARTBEAT] Lightweight heartbeat sent for node f66b4762-c214-41eb-b0be-9d91b3170b6c
[HEARTBEAT] Lightweight heartbeat sent for node f66b4762-c214-41eb-b0be-9d91b3170b6c
[MONITORING] MSG_STATECAPTURE sent (msg #120)
[HEARTBEAT] Lightweight heartbeat sent for node f66b4762-c214-41eb-b0be-9d91b3170b6c
[HEARTBEAT] Lightweight heartbeat sent for node f66b4762-c214-41eb-b0be-9d91b3170b6c
[Master] Program finished. Log at: ./progs/7c2372e5-d4c5-4349-954a-40ad7262cea3.c.log
[Master] Execution log sent to controller (status=OK)
[HEARTBEAT] Lightweight heartbeat sent for node f66b4762-c214-41eb-b0be-9d91b3170b6c
[HEARTBEAT] Lightweight heartbeat sent for node f66b4762-c214-41eb-b0be-9d91b3170b6c
[HEARTBEAT] Lightweight heartbeat sent for node f66b4762-c214-41eb-b0be-9d91b3170b6c
[MONITORING] MSG_STATECAPTURE sent (msg #121)
[HEARTBEAT] Lightweight heartbeat sent for node f66b4762-c214-41eb-b0be-9d91b3170b6c
[HEARTBEAT] Lightweight heartbeat sent for node f66b4762-c214-41eb-b0be-9d91b3170b6c
[HEARTBEAT] Lightweight heartbeat sent for node f66b4762-c214-41eb-b0be-9d91b3170b6c
[HEARTBEAT] Lightweight heartbeat sent for node f66b4762-c214-41eb-b0be-9d91b3170b6c
[HEARTBEAT] Lightweight heartbeat sent for node f66b4762-c214-41eb-b0be-9d91b3170b6c
[MONITORING] MSG_STATECAPTURE sent (msg #122)
[HEARTBEAT] Lightweight heartbeat sent for node f66b4762-c214-41eb-b0be-9d91b3170b6c
[HEARTBEAT] Lightweight heartbeat sent for node f66b4762-c214-41eb-b0be-9d91b3170b6c
[HEARTBEAT] Lightweight heartbeat sent for node f66b4762-c214-41eb-b0be-9d91b3170b6c
[HEARTBEAT] Lightweight heartbeat sent for node f66b4762-c214-41eb-b0be-9d91b3170b6c
[HEARTBEAT] Lightweight heartbeat sent for node f66b4762-c214-41eb-b0be-9d91b3170b6c
[MONITORING] MSG_STATECAPTURE sent (msg #123)
[HEARTBEAT] Lightweight heartbeat sent for node f66b4762-c214-41eb-b0be-9d91b3170b6c
[HEARTBEAT] Lightweight heartbeat sent for node f66b4762-c214-41eb-b0be-9d91b3170b6c
[HEARTBEAT] Lightweight heartbeat sent for node f66b4762-c214-41eb-b0be-9d91b3170b6c
[HEARTBEAT] Lightweight heartbeat sent for node f66b4762-c214-41eb-b0be-9d91b3170b6c
[HEARTBEAT] Lightweight heartbeat sent for node f66b4762-c214-41eb-b0be-9d91b3170b6c
[MONITORING] MSG_STATECAPTURE sent (msg #124)
[HEARTBEAT] Lightweight heartbeat sent for node f66b4762-c214-41eb-b0be-9d91b3170b6c
[HEARTBEAT] Lightweight heartbeat sent for node f66b4762-c214-41eb-b0be-9d91b3170b6c
[HEARTBEAT] Lightweight heartbeat sent for node f66b4762-c214-41eb-b0be-9d91b3170b6c
[HEARTBEAT] Lightweight heartbeat sent for node f66b4762-c214-41eb-b0be-9d91b3170b6c
[HEARTBEAT] Lightweight heartbeat sent for node f66b4762-c214-41eb-b0be-9d91b3170b6c
[MONITORING] MSG_STATECAPTURE sent (msg #125)
[HEARTBEAT] Lightweight heartbeat sent for node f66b4762-c214-41eb-b0be-9d91b3170b6c
[HEARTBEAT] Lightweight heartbeat sent for node f66b4762-c214-41eb-b0be-9d91b3170b6c
[HEARTBEAT] Lightweight heartbeat sent for node f66b4762-c214-41eb-b0be-9d91b3170b6c
[NET] PROG
Received Program 
[Master] Generated ./progs/controller_ip.c with controller IP: 192.168.30.7
[Master] Saved program to ./progs/e373f3bc-595f-47a3-9915-66f2a7cff285.c
[Master] Parsing: Parser/build/mytool ./progs/e373f3bc-595f-47a3-9915-66f2a7cff285.c -- -I. > ./progs/e373f3bc-595f-47a3-9915-66f2a7cff285.c.parse_err 2>&1
[Master] Parsed output: ./progs/e373f3bc-595f-47a3-9915-66f2a7cff285.c_parsed.c
[Master] Compiling program: gcc ./progs/e373f3bc-595f-47a3-9915-66f2a7cff285.c_parsed.c ./progs/controller_ip.c Execution_Master/utils/master_exec.c Execution_Master/utils/orchestrator.c Execution_Master/utils/parallax_team.c Execution_Master/utils/barrier.c Execution_Master/utils/net_utils.c Agent_Init/network/network_agent.c Agent_Init/network/ms_queue.c Agent_Init/network/socket.c Agent_Init/network/linked_list.c -IExecution_Master/utils/ -IAgent_Init/network/ -Iparallax/ -I. -pthread -o ./progs/bin_e373f3bc-595f-47a3-9915-66f2a7cff285.c > ./progs/e373f3bc-595f-47a3-9915-66f2a7cff285.c.compile_err 2>&1
[Master] Program compiled successfully.
[Master] Executing program, output -> ./progs/e373f3bc-595f-47a3-9915-66f2a7cff285.c.log
[NET] Ze1J7pp
[NET] IvfSr48
[NET] oGZ342o
[HEARTBEAT] Lightweight heartbeat sent for node f66b4762-c214-41eb-b0be-9d91b3170b6c
[HEARTBEAT] Lightweight heartbeat sent for node f66b4762-c214-41eb-b0be-9d91b3170b6c
[MONITORING] MSG_STATECAPTURE sent (msg #126)
[NET] S0hjUZB
[NET] jnV6rKG
[NET] oZTUiWA
[HEARTBEAT] Lightweight heartbeat sent for node f66b4762-c214-41eb-b0be-9d91b3170b6c
[HEARTBEAT] Lightweight heartbeat sent for node f66b4762-c214-41eb-b0be-9d91b3170b6c
[HEARTBEAT] Lightweight heartbeat sent for node f66b4762-c214-41eb-b0be-9d91b3170b6c
[HEARTBEAT] Lightweight heartbeat sent for node f66b4762-c214-41eb-b0be-9d91b3170b6c
[HEARTBEAT] Lightweight heartbeat sent for node f66b4762-c214-41eb-b0be-9d91b3170b6c
[MONITORING] MSG_STATECAPTURE sent (msg #127)
[HEARTBEAT] Lightweight heartbeat sent for node f66b4762-c214-41eb-b0be-9d91b3170b6c
[HEARTBEAT] Lightweight heartbeat sent for node f66b4762-c214-41eb-b0be-9d91b3170b6c
[HEARTBEAT] Lightweight heartbeat sent for node f66b4762-c214-41eb-b0be-9d91b3170b6c
[HEARTBEAT] Lightweight heartbeat sent for node f66b4762-c214-41eb-b0be-9d91b3170b6c
[HEARTBEAT] Lightweight heartbeat sent for node f66b4762-c214-41eb-b0be-9d91b3170b6c
[MONITORING] MSG_STATECAPTURE sent (msg #128)
[HEARTBEAT] Lightweight heartbeat sent for node f66b4762-c214-41eb-b0be-9d91b3170b6c
[HEARTBEAT] Lightweight heartbeat sent for node f66b4762-c214-41eb-b0be-9d91b3170b6c
[HEARTBEAT] Lightweight heartbeat sent for node f66b4762-c214-41eb-b0be-9d91b3170b6c
[HEARTBEAT] Lightweight heartbeat sent for node f66b4762-c214-41eb-b0be-9d91b3170b6c
[HEARTBEAT] Lightweight heartbeat sent for node f66b4762-c214-41eb-b0be-9d91b3170b6c
[MONITORING] MSG_STATECAPTURE sent (msg #129)
[HEARTBEAT] Lightweight heartbeat sent for node f66b4762-c214-41eb-b0be-9d91b3170b6c
[HEARTBEAT] Lightweight heartbeat sent for node f66b4762-c214-41eb-b0be-9d91b3170b6c
[HEARTBEAT] Lightweight heartbeat sent for node f66b4762-c214-41eb-b0be-9d91b3170b6c
[HEARTBEAT] Lightweight heartbeat sent for node f66b4762-c214-41eb-b0be-9d91b3170b6c
[HEARTBEAT] Lightweight heartbeat sent for node f66b4762-c214-41eb-b0be-9d91b3170b6c
[MONITORING] MSG_STATECAPTURE sent (msg #130)
[HEARTBEAT] Lightweight heartbeat sent for node f66b4762-c214-41eb-b0be-9d91b3170b6c
[HEARTBEAT] Lightweight heartbeat sent for node f66b4762-c214-41eb-b0be-9d91b3170b6c
[HEARTBEAT] Lightweight heartbeat sent for node f66b4762-c214-41eb-b0be-9d91b3170b6c
[HEARTBEAT] Lightweight heartbeat sent for node f66b4762-c214-41eb-b0be-9d91b3170b6c
[HEARTBEAT] Lightweight heartbeat sent for node f66b4762-c214-41eb-b0be-9d91b3170b6c
[MONITORING] MSG_STATECAPTURE sent (msg #131)
[HEARTBEAT] Lightweight heartbeat sent for node f66b4762-c214-41eb-b0be-9d91b3170b6c
[HEARTBEAT] Lightweight heartbeat sent for node f66b4762-c214-41eb-b0be-9d91b3170b6c
[HEARTBEAT] Lightweight heartbeat sent for node f66b4762-c214-41eb-b0be-9d91b3170b6c
[HEARTBEAT] Lightweight heartbeat sent for node f66b4762-c214-41eb-b0be-9d91b3170b6c
[HEARTBEAT] Lightweight heartbeat sent for node f66b4762-c214-41eb-b0be-9d91b3170b6c
[MONITORING] MSG_STATECAPTURE sent (msg #132)
[HEARTBEAT] Lightweight heartbeat sent for node f66b4762-c214-41eb-b0be-9d91b3170b6c
[HEARTBEAT] Lightweight heartbeat sent for node f66b4762-c214-41eb-b0be-9d91b3170b6c
[HEARTBEAT] Lightweight heartbeat sent for node f66b4762-c214-41eb-b0be-9d91b3170b6c
[HEARTBEAT] Lightweight heartbeat sent for node f66b4762-c214-41eb-b0be-9d91b3170b6c
[HEARTBEAT] Lightweight heartbeat sent for node f66b4762-c214-41eb-b0be-9d91b3170b6c
[MONITORING] MSG_STATECAPTURE sent (msg #133)
[HEARTBEAT] Lightweight heartbeat sent for node f66b4762-c214-41eb-b0be-9d91b3170b6c
[HEARTBEAT] Lightweight heartbeat sent for node f66b4762-c214-41eb-b0be-9d91b3170b6c
[HEARTBEAT] Lightweight heartbeat sent for node f66b4762-c214-41eb-b0be-9d91b3170b6c
[HEARTBEAT] Lightweight heartbeat sent for node f66b4762-c214-41eb-b0be-9d91b3170b6c
[HEARTBEAT] Lightweight heartbeat sent for node f66b4762-c214-41eb-b0be-9d91b3170b6c
[MONITORING] MSG_STATECAPTURE sent (msg #134)
[HEARTBEAT] Lightweight heartbeat sent for node f66b4762-c214-41eb-b0be-9d91b3170b6c
[HEARTBEAT] Lightweight heartbeat sent for node f66b4762-c214-41eb-b0be-9d91b3170b6c
[HEARTBEAT] Lightweight heartbeat sent for node f66b4762-c214-41eb-b0be-9d91b3170b6c
[HEARTBEAT] Lightweight heartbeat sent for node f66b4762-c214-41eb-b0be-9d91b3170b6c
[HEARTBEAT] Lightweight heartbeat sent for node f66b4762-c214-41eb-b0be-9d91b3170b6c
[MONITORING] MSG_STATECAPTURE sent (msg #135)
[HEARTBEAT] Lightweight heartbeat sent for node f66b4762-c214-41eb-b0be-9d91b3170b6c
[HEARTBEAT] Lightweight heartbeat sent for node f66b4762-c214-41eb-b0be-9d91b3170b6c
[HEARTBEAT] Lightweight heartbeat sent for node f66b4762-c214-41eb-b0be-9d91b3170b6c
[HEARTBEAT] Lightweight heartbeat sent for node f66b4762-c214-41eb-b0be-9d91b3170b6c
[HEARTBEAT] Lightweight heartbeat sent for node f66b4762-c214-41eb-b0be-9d91b3170b6c
[MONITORING] MSG_STATECAPTURE sent (msg #136)
[HEARTBEAT] Lightweight heartbeat sent for node f66b4762-c214-41eb-b0be-9d91b3170b6c
[HEARTBEAT] Lightweight heartbeat sent for node f66b4762-c214-41eb-b0be-9d91b3170b6c
[HEARTBEAT] Lightweight heartbeat sent for node f66b4762-c214-41eb-b0be-9d91b3170b6c
[HEARTBEAT] Lightweight heartbeat sent for node f66b4762-c214-41eb-b0be-9d91b3170b6c
[HEARTBEAT] Lightweight heartbeat sent for node f66b4762-c214-41eb-b0be-9d91b3170b6c
[MONITORING] MSG_STATECAPTURE sent (msg #137)
[HEARTBEAT] Lightweight heartbeat sent for node f66b4762-c214-41eb-b0be-9d91b3170b6c
[HEARTBEAT] Lightweight heartbeat sent for node f66b4762-c214-41eb-b0be-9d91b3170b6c
[HEARTBEAT] Lightweight heartbeat sent for node f66b4762-c214-41eb-b0be-9d91b3170b6c
[HEARTBEAT] Lightweight heartbeat sent for node f66b4762-c214-41eb-b0be-9d91b3170b6c
[HEARTBEAT] Lightweight heartbeat sent for node f66b4762-c214-41eb-b0be-9d91b3170b6c
[MONITORING] MSG_STATECAPTURE sent (msg #138)
[HEARTBEAT] Lightweight heartbeat sent for node f66b4762-c214-41eb-b0be-9d91b3170b6c
[HEARTBEAT] Lightweight heartbeat sent for node f66b4762-c214-41eb-b0be-9d91b3170b6c
[HEARTBEAT] Lightweight heartbeat sent for node f66b4762-c214-41eb-b0be-9d91b3170b6c
[HEARTBEAT] Lightweight heartbeat sent for node f66b4762-c214-41eb-b0be-9d91b3170b6c
[HEARTBEAT] Lightweight heartbeat sent for node f66b4762-c214-41eb-b0be-9d91b3170b6c
[MONITORING] MSG_STATECAPTURE sent (msg #139)
[HEARTBEAT] Lightweight heartbeat sent for node f66b4762-c214-41eb-b0be-9d91b3170b6c
[HEARTBEAT] Lightweight heartbeat sent for node f66b4762-c214-41eb-b0be-9d91b3170b6c
[HEARTBEAT] Lightweight heartbeat sent for node f66b4762-c214-41eb-b0be-9d91b3170b6c
[HEARTBEAT] Lightweight heartbeat sent for node f66b4762-c214-41eb-b0be-9d91b3170b6c
[HEARTBEAT] Lightweight heartbeat sent for node f66b4762-c214-41eb-b0be-9d91b3170b6c
[MONITORING] MSG_STATECAPTURE sent (msg #140)
[HEARTBEAT] Lightweight heartbeat sent for node f66b4762-c214-41eb-b0be-9d91b3170b6c
[HEARTBEAT] Lightweight heartbeat sent for node f66b4762-c214-41eb-b0be-9d91b3170b6c
[HEARTBEAT] Lightweight heartbeat sent for node f66b4762-c214-41eb-b0be-9d91b3170b6c
[HEARTBEAT] Lightweight heartbeat sent for node f66b4762-c214-41eb-b0be-9d91b3170b6c
[HEARTBEAT] Lightweight heartbeat sent for node f66b4762-c214-41eb-b0be-9d91b3170b6c
[MONITORING] MSG_STATECAPTURE sent (msg #141)
[HEARTBEAT] Lightweight heartbeat sent for node f66b4762-c214-41eb-b0be-9d91b3170b6c
[HEARTBEAT] Lightweight heartbeat sent for node f66b4762-c214-41eb-b0be-9d91b3170b6c
[HEARTBEAT] Lightweight heartbeat sent for node f66b4762-c214-41eb-b0be-9d91b3170b6c
[HEARTBEAT] Lightweight heartbeat sent for node f66b4762-c214-41eb-b0be-9d91b3170b6c
[HEARTBEAT] Lightweight heartbeat sent for node f66b4762-c214-41eb-b0be-9d91b3170b6c
[MONITORING] MSG_STATECAPTURE sent (msg #142)
[HEARTBEAT] Lightweight heartbeat sent for node f66b4762-c214-41eb-b0be-9d91b3170b6c
[HEARTBEAT] Lightweight heartbeat sent for node f66b4762-c214-41eb-b0be-9d91b3170b6c
[HEARTBEAT] Lightweight heartbeat sent for node f66b4762-c214-41eb-b0be-9d91b3170b6c
[HEARTBEAT] Lightweight heartbeat sent for node f66b4762-c214-41eb-b0be-9d91b3170b6c
[HEARTBEAT] Lightweight heartbeat sent for node f66b4762-c214-41eb-b0be-9d91b3170b6c
[MONITORING] MSG_STATECAPTURE sent (msg #143)
[HEARTBEAT] Lightweight heartbeat sent for node f66b4762-c214-41eb-b0be-9d91b3170b6c
[HEARTBEAT] Lightweight heartbeat sent for node f66b4762-c214-41eb-b0be-9d91b3170b6c
[HEARTBEAT] Lightweight heartbeat sent for node f66b4762-c214-41eb-b0be-9d91b3170b6c
[HEARTBEAT] Lightweight heartbeat sent for node f66b4762-c214-41eb-b0be-9d91b3170b6c
[HEARTBEAT] Lightweight heartbeat sent for node f66b4762-c214-41eb-b0be-9d91b3170b6c
[MONITORING] MSG_STATECAPTURE sent (msg #144)
[HEARTBEAT] Lightweight heartbeat sent for node f66b4762-c214-41eb-b0be-9d91b3170b6c
[HEARTBEAT] Lightweight heartbeat sent for node f66b4762-c214-41eb-b0be-9d91b3170b6c
[HEARTBEAT] Lightweight heartbeat sent for node f66b4762-c214-41eb-b0be-9d91b3170b6c
[HEARTBEAT] Lightweight heartbeat sent for node f66b4762-c214-41eb-b0be-9d91b3170b6c
[HEARTBEAT] Lightweight heartbeat sent for node f66b4762-c214-41eb-b0be-9d91b3170b6c
[MONITORING] MSG_STATECAPTURE sent (msg #145)
[HEARTBEAT] Lightweight heartbeat sent for node f66b4762-c214-41eb-b0be-9d91b3170b6c
[HEARTBEAT] Lightweight heartbeat sent for node f66b4762-c214-41eb-b0be-9d91b3170b6c
[Master] Program finished. Log at: ./progs/e373f3bc-595f-47a3-9915-66f2a7cff285.c.log
[Master] Execution log sent to controller (status=OK)
[NET] nRePjGW
[NET] y4TaJq4
[NET] 7U5aANa
[HEARTBEAT] Lightweight heartbeat sent for node f66b4762-c214-41eb-b0be-9d91b3170b6c
[HEARTBEAT] Lightweight heartbeat sent for node f66b4762-c214-41eb-b0be-9d91b3170b6c
[NET] L6Fl4M5
[NET] hYWtFY8
[HEARTBEAT] Lightweight heartbeat sent for node f66b4762-c214-41eb-b0be-9d91b3170b6c
[MONITORING] MSG_STATECAPTURE sent (msg #146)
[HEARTBEAT] Lightweight heartbeat sent for node f66b4762-c214-41eb-b0be-9d91b3170b6c
[HEARTBEAT] Lightweight heartbeat sent for node f66b4762-c214-41eb-b0be-9d91b3170b6c
[HEARTBEAT] Lightweight heartbeat sent for node f66b4762-c214-41eb-b0be-9d91b3170b6c
[HEARTBEAT] Lightweight heartbeat sent for node f66b4762-c214-41eb-b0be-9d91b3170b6c
[HEARTBEAT] Lightweight heartbeat sent for node f66b4762-c214-41eb-b0be-9d91b3170b6c
[MONITORING] MSG_STATECAPTURE sent (msg #147)
[HEARTBEAT] Lightweight heartbeat sent for node f66b4762-c214-41eb-b0be-9d91b3170b6c
[HEARTBEAT] Lightweight heartbeat sent for node f66b4762-c214-41eb-b0be-9d91b3170b6c
[HEARTBEAT] Lightweight heartbeat sent for node f66b4762-c214-41eb-b0be-9d91b3170b6c
[HEARTBEAT] Lightweight heartbeat sent for node f66b4762-c214-41eb-b0be-9d91b3170b6c
[HEARTBEAT] Lightweight heartbeat sent for node f66b4762-c214-41eb-b0be-9d91b3170b6c
[MONITORING] MSG_STATECAPTURE sent (msg #148)
[HEARTBEAT] Lightweight heartbeat sent for node f66b4762-c214-41eb-b0be-9d91b3170b6c
[HEARTBEAT] Lightweight heartbeat sent for node f66b4762-c214-41eb-b0be-9d91b3170b6c
[HEARTBEAT] Lightweight heartbeat sent for node f66b4762-c214-41eb-b0be-9d91b3170b6c
[HEARTBEAT] Lightweight heartbeat sent for node f66b4762-c214-41eb-b0be-9d91b3170b6c
[HEARTBEAT] Lightweight heartbeat sent for node f66b4762-c214-41eb-b0be-9d91b3170b6c
[MONITORING] MSG_STATECAPTURE sent (msg #149)
[HEARTBEAT] Lightweight heartbeat sent for node f66b4762-c214-41eb-b0be-9d91b3170b6c
[HEARTBEAT] Lightweight heartbeat sent for node f66b4762-c214-41eb-b0be-9d91b3170b6c
[HEARTBEAT] Lightweight heartbeat sent for node f66b4762-c214-41eb-b0be-9d91b3170b6c
[HEARTBEAT] Lightweight heartbeat sent for node f66b4762-c214-41eb-b0be-9d91b3170b6c
[HEARTBEAT] Lightweight heartbeat sent for node f66b4762-c214-41eb-b0be-9d91b3170b6c
[MONITORING] MSG_STATECAPTURE sent (msg #150)
[HEARTBEAT] Lightweight heartbeat sent for node f66b4762-c214-41eb-b0be-9d91b3170b6c
[HEARTBEAT] Lightweight heartbeat sent for node f66b4762-c214-41eb-b0be-9d91b3170b6c
[HEARTBEAT] Lightweight heartbeat sent for node f66b4762-c214-41eb-b0be-9d91b3170b6c
[HEARTBEAT] Lightweight heartbeat sent for node f66b4762-c214-41eb-b0be-9d91b3170b6c
[HEARTBEAT] Lightweight heartbeat sent for node f66b4762-c214-41eb-b0be-9d91b3170b6c
[MONITORING] MSG_STATECAPTURE sent (msg #151)
[HEARTBEAT] Lightweight heartbeat sent for node f66b4762-c214-41eb-b0be-9d91b3170b6c
[HEARTBEAT] Lightweight heartbeat sent for node f66b4762-c214-41eb-b0be-9d91b3170b6c
[HEARTBEAT] Lightweight heartbeat sent for node f66b4762-c214-41eb-b0be-9d91b3170b6c
[HEARTBEAT] Lightweight heartbeat sent for node f66b4762-c214-41eb-b0be-9d91b3170b6c
[HEARTBEAT] Lightweight heartbeat sent for node f66b4762-c214-41eb-b0be-9d91b3170b6c
[MONITORING] MSG_STATECAPTURE sent (msg #152)
[HEARTBEAT] Lightweight heartbeat sent for node f66b4762-c214-41eb-b0be-9d91b3170b6c
[HEARTBEAT] Lightweight heartbeat sent for node f66b4762-c214-41eb-b0be-9d91b3170b6c
[HEARTBEAT] Lightweight heartbeat sent for node f66b4762-c214-41eb-b0be-9d91b3170b6c
[HEARTBEAT] Lightweight heartbeat sent for node f66b4762-c214-41eb-b0be-9d91b3170b6c
[HEARTBEAT] Lightweight heartbeat sent for node f66b4762-c214-41eb-b0be-9d91b3170b6c
[MONITORING] MSG_STATECAPTURE sent (msg #153)
[HEARTBEAT] Lightweight heartbeat sent for node f66b4762-c214-41eb-b0be-9d91b3170b6c
[HEARTBEAT] Lightweight heartbeat sent for node f66b4762-c214-41eb-b0be-9d91b3170b6c
[HEARTBEAT] Lightweight heartbeat sent for node f66b4762-c214-41eb-b0be-9d91b3170b6c
[HEARTBEAT] Lightweight heartbeat sent for node f66b4762-c214-41eb-b0be-9d91b3170b6c
[HEARTBEAT] Lightweight heartbeat sent for node f66b4762-c214-41eb-b0be-9d91b3170b6c
[MONITORING] MSG_STATECAPTURE sent (msg #154)
[HEARTBEAT] Lightweight heartbeat sent for node f66b4762-c214-41eb-b0be-9d91b3170b6c
[HEARTBEAT] Lightweight heartbeat sent for node f66b4762-c214-41eb-b0be-9d91b3170b6c
[HEARTBEAT] Lightweight heartbeat sent for node f66b4762-c214-41eb-b0be-9d91b3170b6c
[HEARTBEAT] Lightweight heartbeat sent for node f66b4762-c214-41eb-b0be-9d91b3170b6c
[HEARTBEAT] Lightweight heartbeat sent for node f66b4762-c214-41eb-b0be-9d91b3170b6c
[MONITORING] MSG_STATECAPTURE sent (msg #155)
[HEARTBEAT] Lightweight heartbeat sent for node f66b4762-c214-41eb-b0be-9d91b3170b6c
[HEARTBEAT] Lightweight heartbeat sent for node f66b4762-c214-41eb-b0be-9d91b3170b6c
[HEARTBEAT] Lightweight heartbeat sent for node f66b4762-c214-41eb-b0be-9d91b3170b6c
[HEARTBEAT] Lightweight heartbeat sent for node f66b4762-c214-41eb-b0be-9d91b3170b6c
[HEARTBEAT] Lightweight heartbeat sent for node f66b4762-c214-41eb-b0be-9d91b3170b6c
[MONITORING] MSG_STATECAPTURE sent (msg #156)
[HEARTBEAT] Lightweight heartbeat sent for node f66b4762-c214-41eb-b0be-9d91b3170b6c
[HEARTBEAT] Lightweight heartbeat sent for node f66b4762-c214-41eb-b0be-9d91b3170b6c
[HEARTBEAT] Lightweight heartbeat sent for node f66b4762-c214-41eb-b0be-9d91b3170b6c
[HEARTBEAT] Lightweight heartbeat sent for node f66b4762-c214-41eb-b0be-9d91b3170b6c
[HEARTBEAT] Lightweight heartbeat sent for node f66b4762-c214-41eb-b0be-9d91b3170b6c
[MONITORING] MSG_STATECAPTURE sent (msg #157)
[HEARTBEAT] Lightweight heartbeat sent for node f66b4762-c214-41eb-b0be-9d91b3170b6c
[HEARTBEAT] Lightweight heartbeat sent for node f66b4762-c214-41eb-b0be-9d91b3170b6c
[HEARTBEAT] Lightweight heartbeat sent for node f66b4762-c214-41eb-b0be-9d91b3170b6c
[HEARTBEAT] Lightweight heartbeat sent for node f66b4762-c214-41eb-b0be-9d91b3170b6c
[HEARTBEAT] Lightweight heartbeat sent for node f66b4762-c214-41eb-b0be-9d91b3170b6c
[MONITORING] MSG_STATECAPTURE sent (msg #158)
[HEARTBEAT] Lightweight heartbeat sent for node f66b4762-c214-41eb-b0be-9d91b3170b6c
[HEARTBEAT] Lightweight heartbeat sent for node f66b4762-c214-41eb-b0be-9d91b3170b6c
[HEARTBEAT] Lightweight heartbeat sent for node f66b4762-c214-41eb-b0be-9d91b3170b6c
[HEARTBEAT] Lightweight heartbeat sent for node f66b4762-c214-41eb-b0be-9d91b3170b6c
[HEARTBEAT] Lightweight heartbeat sent for node f66b4762-c214-41eb-b0be-9d91b3170b6c
[MONITORING] MSG_STATECAPTURE sent (msg #159)
[HEARTBEAT] Lightweight heartbeat sent for node f66b4762-c214-41eb-b0be-9d91b3170b6c
[HEARTBEAT] Lightweight heartbeat sent for node f66b4762-c214-41eb-b0be-9d91b3170b6c
[HEARTBEAT] Lightweight heartbeat sent for node f66b4762-c214-41eb-b0be-9d91b3170b6c
[HEARTBEAT] Lightweight heartbeat sent for node f66b4762-c214-41eb-b0be-9d91b3170b6c
[HEARTBEAT] Lightweight heartbeat sent for node f66b4762-c214-41eb-b0be-9d91b3170b6c
[MONITORING] MSG_STATECAPTURE sent (msg #160)
[HEARTBEAT] Lightweight heartbeat sent for node f66b4762-c214-41eb-b0be-9d91b3170b6c
[HEARTBEAT] Lightweight heartbeat sent for node f66b4762-c214-41eb-b0be-9d91b3170b6c
[HEARTBEAT] Lightweight heartbeat sent for node f66b4762-c214-41eb-b0be-9d91b3170b6c
[HEARTBEAT] Lightweight heartbeat sent for node f66b4762-c214-41eb-b0be-9d91b3170b6c
[HEARTBEAT] Lightweight heartbeat sent for node f66b4762-c214-41eb-b0be-9d91b3170b6c
[MONITORING] MSG_STATECAPTURE sent (msg #161)
[HEARTBEAT] Lightweight heartbeat sent for node f66b4762-c214-41eb-b0be-9d91b3170b6c
[HEARTBEAT] Lightweight heartbeat sent for node f66b4762-c214-41eb-b0be-9d91b3170b6c
[HEARTBEAT] Lightweight heartbeat sent for node f66b4762-c214-41eb-b0be-9d91b3170b6c
[HEARTBEAT] Lightweight heartbeat sent for node f66b4762-c214-41eb-b0be-9d91b3170b6c
[HEARTBEAT] Lightweight heartbeat sent for node f66b4762-c214-41eb-b0be-9d91b3170b6c
[MONITORING] MSG_STATECAPTURE sent (msg #162)
[HEARTBEAT] Lightweight heartbeat sent for node f66b4762-c214-41eb-b0be-9d91b3170b6c
[HEARTBEAT] Lightweight heartbeat sent for node f66b4762-c214-41eb-b0be-9d91b3170b6c
[HEARTBEAT] Lightweight heartbeat sent for node f66b4762-c214-41eb-b0be-9d91b3170b6c
[HEARTBEAT] Lightweight heartbeat sent for node f66b4762-c214-41eb-b0be-9d91b3170b6c
[HEARTBEAT] Lightweight heartbeat sent for node f66b4762-c214-41eb-b0be-9d91b3170b6c
[MONITORING] MSG_STATECAPTURE sent (msg #163)
[HEARTBEAT] Lightweight heartbeat sent for node f66b4762-c214-41eb-b0be-9d91b3170b6c
[HEARTBEAT] Lightweight heartbeat sent for node f66b4762-c214-41eb-b0be-9d91b3170b6c
[HEARTBEAT] Lightweight heartbeat sent for node f66b4762-c214-41eb-b0be-9d91b3170b6c
[HEARTBEAT] Lightweight heartbeat sent for node f66b4762-c214-41eb-b0be-9d91b3170b6c
[HEARTBEAT] Lightweight heartbeat sent for node f66b4762-c214-41eb-b0be-9d91b3170b6c
[MONITORING] MSG_STATECAPTURE sent (msg #164)
[HEARTBEAT] Lightweight heartbeat sent for node f66b4762-c214-41eb-b0be-9d91b3170b6c
[HEARTBEAT] Lightweight heartbeat sent for node f66b4762-c214-41eb-b0be-9d91b3170b6c
[HEARTBEAT] Lightweight heartbeat sent for node f66b4762-c214-41eb-b0be-9d91b3170b6c
[HEARTBEAT] Lightweight heartbeat sent for node f66b4762-c214-41eb-b0be-9d91b3170b6c
[HEARTBEAT] Lightweight heartbeat sent for node f66b4762-c214-41eb-b0be-9d91b3170b6c
[MONITORING] MSG_STATECAPTURE sent (msg #165)
[HEARTBEAT] Lightweight heartbeat sent for node f66b4762-c214-41eb-b0be-9d91b3170b6c
[HEARTBEAT] Lightweight heartbeat sent for node f66b4762-c214-41eb-b0be-9d91b3170b6c
[HEARTBEAT] Lightweight heartbeat sent for node f66b4762-c214-41eb-b0be-9d91b3170b6c
[HEARTBEAT] Lightweight heartbeat sent for node f66b4762-c214-41eb-b0be-9d91b3170b6c
[HEARTBEAT] Lightweight heartbeat sent for node f66b4762-c214-41eb-b0be-9d91b3170b6c
[MONITORING] MSG_STATECAPTURE sent (msg #166)
[HEARTBEAT] Lightweight heartbeat sent for node f66b4762-c214-41eb-b0be-9d91b3170b6c
[HEARTBEAT] Lightweight heartbeat sent for node f66b4762-c214-41eb-b0be-9d91b3170b6c
[HEARTBEAT] Lightweight heartbeat sent for node f66b4762-c214-41eb-b0be-9d91b3170b6c
[HEARTBEAT] Lightweight heartbeat sent for node f66b4762-c214-41eb-b0be-9d91b3170b6c
[HEARTBEAT] Lightweight heartbeat sent for node f66b4762-c214-41eb-b0be-9d91b3170b6c
[MONITORING] MSG_STATECAPTURE sent (msg #167)
[HEARTBEAT] Lightweight heartbeat sent for node f66b4762-c214-41eb-b0be-9d91b3170b6c
[HEARTBEAT] Lightweight heartbeat sent for node f66b4762-c214-41eb-b0be-9d91b3170b6c
[HEARTBEAT] Lightweight heartbeat sent for node f66b4762-c214-41eb-b0be-9d91b3170b6c
[HEARTBEAT] Lightweight heartbeat sent for node f66b4762-c214-41eb-b0be-9d91b3170b6c
[HEARTBEAT] Lightweight heartbeat sent for node f66b4762-c214-41eb-b0be-9d91b3170b6c
[MONITORING] MSG_STATECAPTURE sent (msg #168)
[HEARTBEAT] Lightweight heartbeat sent for node f66b4762-c214-41eb-b0be-9d91b3170b6c
[HEARTBEAT] Lightweight heartbeat sent for node f66b4762-c214-41eb-b0be-9d91b3170b6c
[HEARTBEAT] Lightweight heartbeat sent for node f66b4762-c214-41eb-b0be-9d91b3170b6c
[HEARTBEAT] Lightweight heartbeat sent for node f66b4762-c214-41eb-b0be-9d91b3170b6c
[HEARTBEAT] Lightweight heartbeat sent for node f66b4762-c214-41eb-b0be-9d91b3170b6c
[MONITORING] MSG_STATECAPTURE sent (msg #169)
[HEARTBEAT] Lightweight heartbeat sent for node f66b4762-c214-41eb-b0be-9d91b3170b6c
[HEARTBEAT] Lightweight heartbeat sent for node f66b4762-c214-41eb-b0be-9d91b3170b6c
[HEARTBEAT] Lightweight heartbeat sent for node f66b4762-c214-41eb-b0be-9d91b3170b6c
[HEARTBEAT] Lightweight heartbeat sent for node f66b4762-c214-41eb-b0be-9d91b3170b6c
[HEARTBEAT] Lightweight heartbeat sent for node f66b4762-c214-41eb-b0be-9d91b3170b6c
[MONITORING] MSG_STATECAPTURE sent (msg #170)
[HEARTBEAT] Lightweight heartbeat sent for node f66b4762-c214-41eb-b0be-9d91b3170b6c
[HEARTBEAT] Lightweight heartbeat sent for node f66b4762-c214-41eb-b0be-9d91b3170b6c
[HEARTBEAT] Lightweight heartbeat sent for node f66b4762-c214-41eb-b0be-9d91b3170b6c
[HEARTBEAT] Lightweight heartbeat sent for node f66b4762-c214-41eb-b0be-9d91b3170b6c
[HEARTBEAT] Lightweight heartbeat sent for node f66b4762-c214-41eb-b0be-9d91b3170b6c
[MONITORING] MSG_STATECAPTURE sent (msg #171)
[HEARTBEAT] Lightweight heartbeat sent for node f66b4762-c214-41eb-b0be-9d91b3170b6c
[HEARTBEAT] Lightweight heartbeat sent for node f66b4762-c214-41eb-b0be-9d91b3170b6c
[HEARTBEAT] Lightweight heartbeat sent for node f66b4762-c214-41eb-b0be-9d91b3170b6c
[HEARTBEAT] Lightweight heartbeat sent for node f66b4762-c214-41eb-b0be-9d91b3170b6c
[HEARTBEAT] Lightweight heartbeat sent for node f66b4762-c214-41eb-b0be-9d91b3170b6c
[MONITORING] MSG_STATECAPTURE sent (msg #172)
[HEARTBEAT] Lightweight heartbeat sent for node f66b4762-c214-41eb-b0be-9d91b3170b6c
[HEARTBEAT] Lightweight heartbeat sent for node f66b4762-c214-41eb-b0be-9d91b3170b6c
[HEARTBEAT] Lightweight heartbeat sent for node f66b4762-c214-41eb-b0be-9d91b3170b6c
[HEARTBEAT] Lightweight heartbeat sent for node f66b4762-c214-41eb-b0be-9d91b3170b6c
[NET] PROG
Received Program 
[Master] Generated ./progs/controller_ip.c with controller IP: 192.168.30.7
[Master] Saved program to ./progs/dc84d162-cc94-402b-863a-8fe008d27053.c
[Master] Parsing: Parser/build/mytool ./progs/dc84d162-cc94-402b-863a-8fe008d27053.c -- -I. > ./progs/dc84d162-cc94-402b-863a-8fe008d27053.c.parse_err 2>&1
[Master] Parsed output: ./progs/dc84d162-cc94-402b-863a-8fe008d27053.c_parsed.c
[Master] Compiling program: gcc ./progs/dc84d162-cc94-402b-863a-8fe008d27053.c_parsed.c ./progs/controller_ip.c Execution_Master/utils/master_exec.c Execution_Master/utils/orchestrator.c Execution_Master/utils/parallax_team.c Execution_Master/utils/barrier.c Execution_Master/utils/net_utils.c Agent_Init/network/network_agent.c Agent_Init/network/ms_queue.c Agent_Init/network/socket.c Agent_Init/network/linked_list.c -IExecution_Master/utils/ -IAgent_Init/network/ -Iparallax/ -I. -pthread -o ./progs/bin_dc84d162-cc94-402b-863a-8fe008d27053.c > ./progs/dc84d162-cc94-402b-863a-8fe008d27053.c.compile_err 2>&1
[Master] Program compiled successfully.
[Master] Executing program, output -> ./progs/dc84d162-cc94-402b-863a-8fe008d27053.c.log
[NET] 9fDipIP
[NET] bynyENf
[NET] 2N2FB99
[HEARTBEAT] Lightweight heartbeat sent for node f66b4762-c214-41eb-b0be-9d91b3170b6c
[MONITORING] MSG_STATECAPTURE sent (msg #173)
[HEARTBEAT] Lightweight heartbeat sent for node f66b4762-c214-41eb-b0be-9d91b3170b6c
[NET] YT46LMV
[NET] pjYompu
[NET] BV7AjkW
[HEARTBEAT] Lightweight heartbeat sent for node f66b4762-c214-41eb-b0be-9d91b3170b6c
[HEARTBEAT] Lightweight heartbeat sent for node f66b4762-c214-41eb-b0be-9d91b3170b6c
[HEARTBEAT] Lightweight heartbeat sent for node f66b4762-c214-41eb-b0be-9d91b3170b6c
[HEARTBEAT] Lightweight heartbeat sent for node f66b4762-c214-41eb-b0be-9d91b3170b6c
[MONITORING] MSG_STATECAPTURE sent (msg #174)
[HEARTBEAT] Lightweight heartbeat sent for node f66b4762-c214-41eb-b0be-9d91b3170b6c
[HEARTBEAT] Lightweight heartbeat sent for node f66b4762-c214-41eb-b0be-9d91b3170b6c
[HEARTBEAT] Lightweight heartbeat sent for node f66b4762-c214-41eb-b0be-9d91b3170b6c
[HEARTBEAT] Lightweight heartbeat sent for node f66b4762-c214-41eb-b0be-9d91b3170b6c
[HEARTBEAT] Lightweight heartbeat sent for node f66b4762-c214-41eb-b0be-9d91b3170b6c
[MONITORING] MSG_STATECAPTURE sent (msg #175)
[HEARTBEAT] Lightweight heartbeat sent for node f66b4762-c214-41eb-b0be-9d91b3170b6c
[HEARTBEAT] Lightweight heartbeat sent for node f66b4762-c214-41eb-b0be-9d91b3170b6c
[HEARTBEAT] Lightweight heartbeat sent for node f66b4762-c214-41eb-b0be-9d91b3170b6c
[HEARTBEAT] Lightweight heartbeat sent for node f66b4762-c214-41eb-b0be-9d91b3170b6c
[HEARTBEAT] Lightweight heartbeat sent for node f66b4762-c214-41eb-b0be-9d91b3170b6c
[MONITORING] MSG_STATECAPTURE sent (msg #176)
[HEARTBEAT] Lightweight heartbeat sent for node f66b4762-c214-41eb-b0be-9d91b3170b6c
[HEARTBEAT] Lightweight heartbeat sent for node f66b4762-c214-41eb-b0be-9d91b3170b6c
[HEARTBEAT] Lightweight heartbeat sent for node f66b4762-c214-41eb-b0be-9d91b3170b6c
[HEARTBEAT] Lightweight heartbeat sent for node f66b4762-c214-41eb-b0be-9d91b3170b6c
[HEARTBEAT] Lightweight heartbeat sent for node f66b4762-c214-41eb-b0be-9d91b3170b6c
[MONITORING] MSG_STATECAPTURE sent (msg #177)
[HEARTBEAT] Lightweight heartbeat sent for node f66b4762-c214-41eb-b0be-9d91b3170b6c
[HEARTBEAT] Lightweight heartbeat sent for node f66b4762-c214-41eb-b0be-9d91b3170b6c
[HEARTBEAT] Lightweight heartbeat sent for node f66b4762-c214-41eb-b0be-9d91b3170b6c
[HEARTBEAT] Lightweight heartbeat sent for node f66b4762-c214-41eb-b0be-9d91b3170b6c
[HEARTBEAT] Lightweight heartbeat sent for node f66b4762-c214-41eb-b0be-9d91b3170b6c
[MONITORING] MSG_STATECAPTURE sent (msg #178)
[HEARTBEAT] Lightweight heartbeat sent for node f66b4762-c214-41eb-b0be-9d91b3170b6c
[HEARTBEAT] Lightweight heartbeat sent for node f66b4762-c214-41eb-b0be-9d91b3170b6c
[HEARTBEAT] Lightweight heartbeat sent for node f66b4762-c214-41eb-b0be-9d91b3170b6c
[HEARTBEAT] Lightweight heartbeat sent for node f66b4762-c214-41eb-b0be-9d91b3170b6c
[HEARTBEAT] Lightweight heartbeat sent for node f66b4762-c214-41eb-b0be-9d91b3170b6c
[MONITORING] MSG_STATECAPTURE sent (msg #179)
[HEARTBEAT] Lightweight heartbeat sent for node f66b4762-c214-41eb-b0be-9d91b3170b6c
[HEARTBEAT] Lightweight heartbeat sent for node f66b4762-c214-41eb-b0be-9d91b3170b6c
[HEARTBEAT] Lightweight heartbeat sent for node f66b4762-c214-41eb-b0be-9d91b3170b6c
[HEARTBEAT] Lightweight heartbeat sent for node f66b4762-c214-41eb-b0be-9d91b3170b6c
[HEARTBEAT] Lightweight heartbeat sent for node f66b4762-c214-41eb-b0be-9d91b3170b6c
[MONITORING] MSG_STATECAPTURE sent (msg #180)
[HEARTBEAT] Lightweight heartbeat sent for node f66b4762-c214-41eb-b0be-9d91b3170b6c
[HEARTBEAT] Lightweight heartbeat sent for node f66b4762-c214-41eb-b0be-9d91b3170b6c
[HEARTBEAT] Lightweight heartbeat sent for node f66b4762-c214-41eb-b0be-9d91b3170b6c
[HEARTBEAT] Lightweight heartbeat sent for node f66b4762-c214-41eb-b0be-9d91b3170b6c
[HEARTBEAT] Lightweight heartbeat sent for node f66b4762-c214-41eb-b0be-9d91b3170b6c
[MONITORING] MSG_STATECAPTURE sent (msg #181)
[HEARTBEAT] Lightweight heartbeat sent for node f66b4762-c214-41eb-b0be-9d91b3170b6c
[HEARTBEAT] Lightweight heartbeat sent for node f66b4762-c214-41eb-b0be-9d91b3170b6c
[HEARTBEAT] Lightweight heartbeat sent for node f66b4762-c214-41eb-b0be-9d91b3170b6c
[HEARTBEAT] Lightweight heartbeat sent for node f66b4762-c214-41eb-b0be-9d91b3170b6c
[HEARTBEAT] Lightweight heartbeat sent for node f66b4762-c214-41eb-b0be-9d91b3170b6c
[MONITORING] MSG_STATECAPTURE sent (msg #182)
[HEARTBEAT] Lightweight heartbeat sent for node f66b4762-c214-41eb-b0be-9d91b3170b6c
[HEARTBEAT] Lightweight heartbeat sent for node f66b4762-c214-41eb-b0be-9d91b3170b6c
[HEARTBEAT] Lightweight heartbeat sent for node f66b4762-c214-41eb-b0be-9d91b3170b6c
[HEARTBEAT] Lightweight heartbeat sent for node f66b4762-c214-41eb-b0be-9d91b3170b6c
[HEARTBEAT] Lightweight heartbeat sent for node f66b4762-c214-41eb-b0be-9d91b3170b6c
[MONITORING] MSG_STATECAPTURE sent (msg #183)
[HEARTBEAT] Lightweight heartbeat sent for node f66b4762-c214-41eb-b0be-9d91b3170b6c
[HEARTBEAT] Lightweight heartbeat sent for node f66b4762-c214-41eb-b0be-9d91b3170b6c
[HEARTBEAT] Lightweight heartbeat sent for node f66b4762-c214-41eb-b0be-9d91b3170b6c
[HEARTBEAT] Lightweight heartbeat sent for node f66b4762-c214-41eb-b0be-9d91b3170b6c
[HEARTBEAT] Lightweight heartbeat sent for node f66b4762-c214-41eb-b0be-9d91b3170b6c
[MONITORING] MSG_STATECAPTURE sent (msg #184)
[HEARTBEAT] Lightweight heartbeat sent for node f66b4762-c214-41eb-b0be-9d91b3170b6c
[HEARTBEAT] Lightweight heartbeat sent for node f66b4762-c214-41eb-b0be-9d91b3170b6c
[HEARTBEAT] Lightweight heartbeat sent for node f66b4762-c214-41eb-b0be-9d91b3170b6c
[HEARTBEAT] Lightweight heartbeat sent for node f66b4762-c214-41eb-b0be-9d91b3170b6c
[HEARTBEAT] Lightweight heartbeat sent for node f66b4762-c214-41eb-b0be-9d91b3170b6c
[MONITORING] MSG_STATECAPTURE sent (msg #185)
[HEARTBEAT] Lightweight heartbeat sent for node f66b4762-c214-41eb-b0be-9d91b3170b6c
[HEARTBEAT] Lightweight heartbeat sent for node f66b4762-c214-41eb-b0be-9d91b3170b6c
[HEARTBEAT] Lightweight heartbeat sent for node f66b4762-c214-41eb-b0be-9d91b3170b6c
[HEARTBEAT] Lightweight heartbeat sent for node f66b4762-c214-41eb-b0be-9d91b3170b6c
[HEARTBEAT] Lightweight heartbeat sent for node f66b4762-c214-41eb-b0be-9d91b3170b6c
[MONITORING] MSG_STATECAPTURE sent (msg #186)
[HEARTBEAT] Lightweight heartbeat sent for node f66b4762-c214-41eb-b0be-9d91b3170b6c
[HEARTBEAT] Lightweight heartbeat sent for node f66b4762-c214-41eb-b0be-9d91b3170b6c
[HEARTBEAT] Lightweight heartbeat sent for node f66b4762-c214-41eb-b0be-9d91b3170b6c
[HEARTBEAT] Lightweight heartbeat sent for node f66b4762-c214-41eb-b0be-9d91b3170b6c
[HEARTBEAT] Lightweight heartbeat sent for node f66b4762-c214-41eb-b0be-9d91b3170b6c
[MONITORING] MSG_STATECAPTURE sent (msg #187)
[HEARTBEAT] Lightweight heartbeat sent for node f66b4762-c214-41eb-b0be-9d91b3170b6c
[HEARTBEAT] Lightweight heartbeat sent for node f66b4762-c214-41eb-b0be-9d91b3170b6c
[HEARTBEAT] Lightweight heartbeat sent for node f66b4762-c214-41eb-b0be-9d91b3170b6c
[HEARTBEAT] Lightweight heartbeat sent for node f66b4762-c214-41eb-b0be-9d91b3170b6c
[HEARTBEAT] Lightweight heartbeat sent for node f66b4762-c214-41eb-b0be-9d91b3170b6c
[MONITORING] MSG_STATECAPTURE sent (msg #188)
[HEARTBEAT] Lightweight heartbeat sent for node f66b4762-c214-41eb-b0be-9d91b3170b6c
[HEARTBEAT] Lightweight heartbeat sent for node f66b4762-c214-41eb-b0be-9d91b3170b6c
[HEARTBEAT] Lightweight heartbeat sent for node f66b4762-c214-41eb-b0be-9d91b3170b6c
[HEARTBEAT] Lightweight heartbeat sent for node f66b4762-c214-41eb-b0be-9d91b3170b6c
[HEARTBEAT] Lightweight heartbeat sent for node f66b4762-c214-41eb-b0be-9d91b3170b6c
[HEARTBEAT] Lightweight heartbeat sent for node f66b4762-c214-41eb-b0be-9d91b3170b6c
[MONITORING] MSG_STATECAPTURE sent (msg #189)
[HEARTBEAT] Lightweight heartbeat sent for node f66b4762-c214-41eb-b0be-9d91b3170b6c
[HEARTBEAT] Lightweight heartbeat sent for node f66b4762-c214-41eb-b0be-9d91b3170b6c
[HEARTBEAT] Lightweight heartbeat sent for node f66b4762-c214-41eb-b0be-9d91b3170b6c
[HEARTBEAT] Lightweight heartbeat sent for node f66b4762-c214-41eb-b0be-9d91b3170b6c
[HEARTBEAT] Lightweight heartbeat sent for node f66b4762-c214-41eb-b0be-9d91b3170b6c
[MONITORING] MSG_STATECAPTURE sent (msg #190)
[HEARTBEAT] Lightweight heartbeat sent for node f66b4762-c214-41eb-b0be-9d91b3170b6c
[HEARTBEAT] Lightweight heartbeat sent for node f66b4762-c214-41eb-b0be-9d91b3170b6c
[HEARTBEAT] Lightweight heartbeat sent for node f66b4762-c214-41eb-b0be-9d91b3170b6c
[HEARTBEAT] Lightweight heartbeat sent for node f66b4762-c214-41eb-b0be-9d91b3170b6c
[HEARTBEAT] Lightweight heartbeat sent for node f66b4762-c214-41eb-b0be-9d91b3170b6c
[MONITORING] MSG_STATECAPTURE sent (msg #191)
[HEARTBEAT] Lightweight heartbeat sent for node f66b4762-c214-41eb-b0be-9d91b3170b6c
[HEARTBEAT] Lightweight heartbeat sent for node f66b4762-c214-41eb-b0be-9d91b3170b6c
[HEARTBEAT] Lightweight heartbeat sent for node f66b4762-c214-41eb-b0be-9d91b3170b6c
[HEARTBEAT] Lightweight heartbeat sent for node f66b4762-c214-41eb-b0be-9d91b3170b6c
[HEARTBEAT] Lightweight heartbeat sent for node f66b4762-c214-41eb-b0be-9d91b3170b6c
[MONITORING] MSG_STATECAPTURE sent (msg #192)
[HEARTBEAT] Lightweight heartbeat sent for node f66b4762-c214-41eb-b0be-9d91b3170b6c
[HEARTBEAT] Lightweight heartbeat sent for node f66b4762-c214-41eb-b0be-9d91b3170b6c
[HEARTBEAT] Lightweight heartbeat sent for node f66b4762-c214-41eb-b0be-9d91b3170b6c
[HEARTBEAT] Lightweight heartbeat sent for node f66b4762-c214-41eb-b0be-9d91b3170b6c
[HEARTBEAT] Lightweight heartbeat sent for node f66b4762-c214-41eb-b0be-9d91b3170b6c
[MONITORING] MSG_STATECAPTURE sent (msg #193)
[HEARTBEAT] Lightweight heartbeat sent for node f66b4762-c214-41eb-b0be-9d91b3170b6c
[HEARTBEAT] Lightweight heartbeat sent for node f66b4762-c214-41eb-b0be-9d91b3170b6c
[HEARTBEAT] Lightweight heartbeat sent for node f66b4762-c214-41eb-b0be-9d91b3170b6c
[HEARTBEAT] Lightweight heartbeat sent for node f66b4762-c214-41eb-b0be-9d91b3170b6c
[HEARTBEAT] Lightweight heartbeat sent for node f66b4762-c214-41eb-b0be-9d91b3170b6c
[MONITORING] MSG_STATECAPTURE sent (msg #194)
[HEARTBEAT] Lightweight heartbeat sent for node f66b4762-c214-41eb-b0be-9d91b3170b6c
[HEARTBEAT] Lightweight heartbeat sent for node f66b4762-c214-41eb-b0be-9d91b3170b6c
[HEARTBEAT] Lightweight heartbeat sent for node f66b4762-c214-41eb-b0be-9d91b3170b6c
[HEARTBEAT] Lightweight heartbeat sent for node f66b4762-c214-41eb-b0be-9d91b3170b6c
[HEARTBEAT] Lightweight heartbeat sent for node f66b4762-c214-41eb-b0be-9d91b3170b6c
[MONITORING] MSG_STATECAPTURE sent (msg #195)
[HEARTBEAT] Lightweight heartbeat sent for node f66b4762-c214-41eb-b0be-9d91b3170b6c
[HEARTBEAT] Lightweight heartbeat sent for node f66b4762-c214-41eb-b0be-9d91b3170b6c
[HEARTBEAT] Lightweight heartbeat sent for node f66b4762-c214-41eb-b0be-9d91b3170b6c
[HEARTBEAT] Lightweight heartbeat sent for node f66b4762-c214-41eb-b0be-9d91b3170b6c
[HEARTBEAT] Lightweight heartbeat sent for node f66b4762-c214-41eb-b0be-9d91b3170b6c
[MONITORING] MSG_STATECAPTURE sent (msg #196)
[HEARTBEAT] Lightweight heartbeat sent for node f66b4762-c214-41eb-b0be-9d91b3170b6c
[HEARTBEAT] Lightweight heartbeat sent for node f66b4762-c214-41eb-b0be-9d91b3170b6c
[HEARTBEAT] Lightweight heartbeat sent for node f66b4762-c214-41eb-b0be-9d91b3170b6c
[HEARTBEAT] Lightweight heartbeat sent for node f66b4762-c214-41eb-b0be-9d91b3170b6c
[HEARTBEAT] Lightweight heartbeat sent for node f66b4762-c214-41eb-b0be-9d91b3170b6c
[MONITORING] MSG_STATECAPTURE sent (msg #197)
[HEARTBEAT] Lightweight heartbeat sent for node f66b4762-c214-41eb-b0be-9d91b3170b6c
[HEARTBEAT] Lightweight heartbeat sent for node f66b4762-c214-41eb-b0be-9d91b3170b6c
[HEARTBEAT] Lightweight heartbeat sent for node f66b4762-c214-41eb-b0be-9d91b3170b6c
[HEARTBEAT] Lightweight heartbeat sent for node f66b4762-c214-41eb-b0be-9d91b3170b6c
[HEARTBEAT] Lightweight heartbeat sent for node f66b4762-c214-41eb-b0be-9d91b3170b6c
[MONITORING] MSG_STATECAPTURE sent (msg #198)
[HEARTBEAT] Lightweight heartbeat sent for node f66b4762-c214-41eb-b0be-9d91b3170b6c
[HEARTBEAT] Lightweight heartbeat sent for node f66b4762-c214-41eb-b0be-9d91b3170b6c
[HEARTBEAT] Lightweight heartbeat sent for node f66b4762-c214-41eb-b0be-9d91b3170b6c
[HEARTBEAT] Lightweight heartbeat sent for node f66b4762-c214-41eb-b0be-9d91b3170b6c
[HEARTBEAT] Lightweight heartbeat sent for node f66b4762-c214-41eb-b0be-9d91b3170b6c
[MONITORING] MSG_STATECAPTURE sent (msg #199)
[HEARTBEAT] Lightweight heartbeat sent for node f66b4762-c214-41eb-b0be-9d91b3170b6c
[HEARTBEAT] Lightweight heartbeat sent for node f66b4762-c214-41eb-b0be-9d91b3170b6c
[HEARTBEAT] Lightweight heartbeat sent for node f66b4762-c214-41eb-b0be-9d91b3170b6c
[HEARTBEAT] Lightweight heartbeat sent for node f66b4762-c214-41eb-b0be-9d91b3170b6c
[HEARTBEAT] Lightweight heartbeat sent for node f66b4762-c214-41eb-b0be-9d91b3170b6c
[MONITORING] MSG_STATECAPTURE sent (msg #200)
[HEARTBEAT] Lightweight heartbeat sent for node f66b4762-c214-41eb-b0be-9d91b3170b6c
[HEARTBEAT] Lightweight heartbeat sent for node f66b4762-c214-41eb-b0be-9d91b3170b6c
[HEARTBEAT] Lightweight heartbeat sent for node f66b4762-c214-41eb-b0be-9d91b3170b6c
[HEARTBEAT] Lightweight heartbeat sent for node f66b4762-c214-41eb-b0be-9d91b3170b6c
[HEARTBEAT] Lightweight heartbeat sent for node f66b4762-c214-41eb-b0be-9d91b3170b6c
[MONITORING] MSG_STATECAPTURE sent (msg #201)
[HEARTBEAT] Lightweight heartbeat sent for node f66b4762-c214-41eb-b0be-9d91b3170b6c
[HEARTBEAT] Lightweight heartbeat sent for node f66b4762-c214-41eb-b0be-9d91b3170b6c
[HEARTBEAT] Lightweight heartbeat sent for node f66b4762-c214-41eb-b0be-9d91b3170b6c
[HEARTBEAT] Lightweight heartbeat sent for node f66b4762-c214-41eb-b0be-9d91b3170b6c
[HEARTBEAT] Lightweight heartbeat sent for node f66b4762-c214-41eb-b0be-9d91b3170b6c
[MONITORING] MSG_STATECAPTURE sent (msg #202)
[HEARTBEAT] Lightweight heartbeat sent for node f66b4762-c214-41eb-b0be-9d91b3170b6c
[HEARTBEAT] Lightweight heartbeat sent for node f66b4762-c214-41eb-b0be-9d91b3170b6c
[HEARTBEAT] Lightweight heartbeat sent for node f66b4762-c214-41eb-b0be-9d91b3170b6c
[HEARTBEAT] Lightweight heartbeat sent for node f66b4762-c214-41eb-b0be-9d91b3170b6c
[HEARTBEAT] Lightweight heartbeat sent for node f66b4762-c214-41eb-b0be-9d91b3170b6c
[MONITORING] MSG_STATECAPTURE sent (msg #203)
[HEARTBEAT] Lightweight heartbeat sent for node f66b4762-c214-41eb-b0be-9d91b3170b6c
[HEARTBEAT] Lightweight heartbeat sent for node f66b4762-c214-41eb-b0be-9d91b3170b6c
[HEARTBEAT] Lightweight heartbeat sent for node f66b4762-c214-41eb-b0be-9d91b3170b6c
[HEARTBEAT] Lightweight heartbeat sent for node f66b4762-c214-41eb-b0be-9d91b3170b6c
[HEARTBEAT] Lightweight heartbeat sent for node f66b4762-c214-41eb-b0be-9d91b3170b6c
[MONITORING] MSG_STATECAPTURE sent (msg #204)
[HEARTBEAT] Lightweight heartbeat sent for node f66b4762-c214-41eb-b0be-9d91b3170b6c
[HEARTBEAT] Lightweight heartbeat sent for node f66b4762-c214-41eb-b0be-9d91b3170b6c
[HEARTBEAT] Lightweight heartbeat sent for node f66b4762-c214-41eb-b0be-9d91b3170b6c
[HEARTBEAT] Lightweight heartbeat sent for node f66b4762-c214-41eb-b0be-9d91b3170b6c
[HEARTBEAT] Lightweight heartbeat sent for node f66b4762-c214-41eb-b0be-9d91b3170b6c
[MONITORING] MSG_STATECAPTURE sent (msg #205)
[HEARTBEAT] Lightweight heartbeat sent for node f66b4762-c214-41eb-b0be-9d91b3170b6c
[HEARTBEAT] Lightweight heartbeat sent for node f66b4762-c214-41eb-b0be-9d91b3170b6c
[HEARTBEAT] Lightweight heartbeat sent for node f66b4762-c214-41eb-b0be-9d91b3170b6c
[HEARTBEAT] Lightweight heartbeat sent for node f66b4762-c214-41eb-b0be-9d91b3170b6c
[HEARTBEAT] Lightweight heartbeat sent for node f66b4762-c214-41eb-b0be-9d91b3170b6c
[MONITORING] MSG_STATECAPTURE sent (msg #206)
[HEARTBEAT] Lightweight heartbeat sent for node f66b4762-c214-41eb-b0be-9d91b3170b6c
[HEARTBEAT] Lightweight heartbeat sent for node f66b4762-c214-41eb-b0be-9d91b3170b6c
[HEARTBEAT] Lightweight heartbeat sent for node f66b4762-c214-41eb-b0be-9d91b3170b6c
[HEARTBEAT] Lightweight heartbeat sent for node f66b4762-c214-41eb-b0be-9d91b3170b6c
[HEARTBEAT] Lightweight heartbeat sent for node f66b4762-c214-41eb-b0be-9d91b3170b6c
[MONITORING] MSG_STATECAPTURE sent (msg #207)
[HEARTBEAT] Lightweight heartbeat sent for node f66b4762-c214-41eb-b0be-9d91b3170b6c
[HEARTBEAT] Lightweight heartbeat sent for node f66b4762-c214-41eb-b0be-9d91b3170b6c
[HEARTBEAT] Lightweight heartbeat sent for node f66b4762-c214-41eb-b0be-9d91b3170b6c
[HEARTBEAT] Lightweight heartbeat sent for node f66b4762-c214-41eb-b0be-9d91b3170b6c
[HEARTBEAT] Lightweight heartbeat sent for node f66b4762-c214-41eb-b0be-9d91b3170b6c
[MONITORING] MSG_STATECAPTURE sent (msg #208)
[HEARTBEAT] Lightweight heartbeat sent for node f66b4762-c214-41eb-b0be-9d91b3170b6c
[HEARTBEAT] Lightweight heartbeat sent for node f66b4762-c214-41eb-b0be-9d91b3170b6c
[HEARTBEAT] Lightweight heartbeat sent for node f66b4762-c214-41eb-b0be-9d91b3170b6c
[HEARTBEAT] Lightweight heartbeat sent for node f66b4762-c214-41eb-b0be-9d91b3170b6c
[HEARTBEAT] Lightweight heartbeat sent for node f66b4762-c214-41eb-b0be-9d91b3170b6c
[MONITORING] MSG_STATECAPTURE sent (msg #209)
[HEARTBEAT] Lightweight heartbeat sent for node f66b4762-c214-41eb-b0be-9d91b3170b6c
[HEARTBEAT] Lightweight heartbeat sent for node f66b4762-c214-41eb-b0be-9d91b3170b6c
[HEARTBEAT] Lightweight heartbeat sent for node f66b4762-c214-41eb-b0be-9d91b3170b6c
[HEARTBEAT] Lightweight heartbeat sent for node f66b4762-c214-41eb-b0be-9d91b3170b6c
[HEARTBEAT] Lightweight heartbeat sent for node f66b4762-c214-41eb-b0be-9d91b3170b6c
[MONITORING] MSG_STATECAPTURE sent (msg #210)
[HEARTBEAT] Lightweight heartbeat sent for node f66b4762-c214-41eb-b0be-9d91b3170b6c
[HEARTBEAT] Lightweight heartbeat sent for node f66b4762-c214-41eb-b0be-9d91b3170b6c
[HEARTBEAT] Lightweight heartbeat sent for node f66b4762-c214-41eb-b0be-9d91b3170b6c
[HEARTBEAT] Lightweight heartbeat sent for node f66b4762-c214-41eb-b0be-9d91b3170b6c
[HEARTBEAT] Lightweight heartbeat sent for node f66b4762-c214-41eb-b0be-9d91b3170b6c
[MONITORING] MSG_STATECAPTURE sent (msg #211)
[HEARTBEAT] Lightweight heartbeat sent for node f66b4762-c214-41eb-b0be-9d91b3170b6c
[HEARTBEAT] Lightweight heartbeat sent for node f66b4762-c214-41eb-b0be-9d91b3170b6c
[HEARTBEAT] Lightweight heartbeat sent for node f66b4762-c214-41eb-b0be-9d91b3170b6c
[HEARTBEAT] Lightweight heartbeat sent for node f66b4762-c214-41eb-b0be-9d91b3170b6c
[HEARTBEAT] Lightweight heartbeat sent for node f66b4762-c214-41eb-b0be-9d91b3170b6c
[MONITORING] MSG_STATECAPTURE sent (msg #212)
[HEARTBEAT] Lightweight heartbeat sent for node f66b4762-c214-41eb-b0be-9d91b3170b6c
[HEARTBEAT] Lightweight heartbeat sent for node f66b4762-c214-41eb-b0be-9d91b3170b6c
[HEARTBEAT] Lightweight heartbeat sent for node f66b4762-c214-41eb-b0be-9d91b3170b6c
[HEARTBEAT] Lightweight heartbeat sent for node f66b4762-c214-41eb-b0be-9d91b3170b6c
[HEARTBEAT] Lightweight heartbeat sent for node f66b4762-c214-41eb-b0be-9d91b3170b6c
[MONITORING] MSG_STATECAPTURE sent (msg #213)
[HEARTBEAT] Lightweight heartbeat sent for node f66b4762-c214-41eb-b0be-9d91b3170b6c
[HEARTBEAT] Lightweight heartbeat sent for node f66b4762-c214-41eb-b0be-9d91b3170b6c
[HEARTBEAT] Lightweight heartbeat sent for node f66b4762-c214-41eb-b0be-9d91b3170b6c
[HEARTBEAT] Lightweight heartbeat sent for node f66b4762-c214-41eb-b0be-9d91b3170b6c
[HEARTBEAT] Lightweight heartbeat sent for node f66b4762-c214-41eb-b0be-9d91b3170b6c
[MONITORING] MSG_STATECAPTURE sent (msg #214)
[HEARTBEAT] Lightweight heartbeat sent for node f66b4762-c214-41eb-b0be-9d91b3170b6c
[HEARTBEAT] Lightweight heartbeat sent for node f66b4762-c214-41eb-b0be-9d91b3170b6c
[HEARTBEAT] Lightweight heartbeat sent for node f66b4762-c214-41eb-b0be-9d91b3170b6c
[HEARTBEAT] Lightweight heartbeat sent for node f66b4762-c214-41eb-b0be-9d91b3170b6c
[HEARTBEAT] Lightweight heartbeat sent for node f66b4762-c214-41eb-b0be-9d91b3170b6c
[MONITORING] MSG_STATECAPTURE sent (msg #215)
[HEARTBEAT] Lightweight heartbeat sent for node f66b4762-c214-41eb-b0be-9d91b3170b6c
[HEARTBEAT] Lightweight heartbeat sent for node f66b4762-c214-41eb-b0be-9d91b3170b6c
[HEARTBEAT] Lightweight heartbeat sent for node f66b4762-c214-41eb-b0be-9d91b3170b6c
[HEARTBEAT] Lightweight heartbeat sent for node f66b4762-c214-41eb-b0be-9d91b3170b6c
[HEARTBEAT] Lightweight heartbeat sent for node f66b4762-c214-41eb-b0be-9d91b3170b6c
[MONITORING] MSG_STATECAPTURE sent (msg #216)
[HEARTBEAT] Lightweight heartbeat sent for node f66b4762-c214-41eb-b0be-9d91b3170b6c
[HEARTBEAT] Lightweight heartbeat sent for node f66b4762-c214-41eb-b0be-9d91b3170b6c
[HEARTBEAT] Lightweight heartbeat sent for node f66b4762-c214-41eb-b0be-9d91b3170b6c
[HEARTBEAT] Lightweight heartbeat sent for node f66b4762-c214-41eb-b0be-9d91b3170b6c
[HEARTBEAT] Lightweight heartbeat sent for node f66b4762-c214-41eb-b0be-9d91b3170b6c
[MONITORING] MSG_STATECAPTURE sent (msg #217)
[HEARTBEAT] Lightweight heartbeat sent for node f66b4762-c214-41eb-b0be-9d91b3170b6c
[HEARTBEAT] Lightweight heartbeat sent for node f66b4762-c214-41eb-b0be-9d91b3170b6c
[HEARTBEAT] Lightweight heartbeat sent for node f66b4762-c214-41eb-b0be-9d91b3170b6c
[HEARTBEAT] Lightweight heartbeat sent for node f66b4762-c214-41eb-b0be-9d91b3170b6c
[HEARTBEAT] Lightweight heartbeat sent for node f66b4762-c214-41eb-b0be-9d91b3170b6c
[MONITORING] MSG_STATECAPTURE sent (msg #218)
[HEARTBEAT] Lightweight heartbeat sent for node f66b4762-c214-41eb-b0be-9d91b3170b6c
[HEARTBEAT] Lightweight heartbeat sent for node f66b4762-c214-41eb-b0be-9d91b3170b6c
[HEARTBEAT] Lightweight heartbeat sent for node f66b4762-c214-41eb-b0be-9d91b3170b6c
[HEARTBEAT] Lightweight heartbeat sent for node f66b4762-c214-41eb-b0be-9d91b3170b6c
[HEARTBEAT] Lightweight heartbeat sent for node f66b4762-c214-41eb-b0be-9d91b3170b6c
[MONITORING] MSG_STATECAPTURE sent (msg #219)
[HEARTBEAT] Lightweight heartbeat sent for node f66b4762-c214-41eb-b0be-9d91b3170b6c
[HEARTBEAT] Lightweight heartbeat sent for node f66b4762-c214-41eb-b0be-9d91b3170b6c
[HEARTBEAT] Lightweight heartbeat sent for node f66b4762-c214-41eb-b0be-9d91b3170b6c
[HEARTBEAT] Lightweight heartbeat sent for node f66b4762-c214-41eb-b0be-9d91b3170b6c
[HEARTBEAT] Lightweight heartbeat sent for node f66b4762-c214-41eb-b0be-9d91b3170b6c
[MONITORING] MSG_STATECAPTURE sent (msg #220)
[HEARTBEAT] Lightweight heartbeat sent for node f66b4762-c214-41eb-b0be-9d91b3170b6c
[HEARTBEAT] Lightweight heartbeat sent for node f66b4762-c214-41eb-b0be-9d91b3170b6c
[HEARTBEAT] Lightweight heartbeat sent for node f66b4762-c214-41eb-b0be-9d91b3170b6c
[HEARTBEAT] Lightweight heartbeat sent for node f66b4762-c214-41eb-b0be-9d91b3170b6c
[HEARTBEAT] Lightweight heartbeat sent for node f66b4762-c214-41eb-b0be-9d91b3170b6c
[MONITORING] MSG_STATECAPTURE sent (msg #221)
[HEARTBEAT] Lightweight heartbeat sent for node f66b4762-c214-41eb-b0be-9d91b3170b6c
[HEARTBEAT] Lightweight heartbeat sent for node f66b4762-c214-41eb-b0be-9d91b3170b6c
[HEARTBEAT] Lightweight heartbeat sent for node f66b4762-c214-41eb-b0be-9d91b3170b6c
[HEARTBEAT] Lightweight heartbeat sent for node f66b4762-c214-41eb-b0be-9d91b3170b6c
[HEARTBEAT] Lightweight heartbeat sent for node f66b4762-c214-41eb-b0be-9d91b3170b6c
[MONITORING] MSG_STATECAPTURE sent (msg #222)
[HEARTBEAT] Lightweight heartbeat sent for node f66b4762-c214-41eb-b0be-9d91b3170b6c
[HEARTBEAT] Lightweight heartbeat sent for node f66b4762-c214-41eb-b0be-9d91b3170b6c
[HEARTBEAT] Lightweight heartbeat sent for node f66b4762-c214-41eb-b0be-9d91b3170b6c
[HEARTBEAT] Lightweight heartbeat sent for node f66b4762-c214-41eb-b0be-9d91b3170b6c
[HEARTBEAT] Lightweight heartbeat sent for node f66b4762-c214-41eb-b0be-9d91b3170b6c
[MONITORING] MSG_STATECAPTURE sent (msg #223)
[HEARTBEAT] Lightweight heartbeat sent for node f66b4762-c214-41eb-b0be-9d91b3170b6c
[HEARTBEAT] Lightweight heartbeat sent for node f66b4762-c214-41eb-b0be-9d91b3170b6c
[HEARTBEAT] Lightweight heartbeat sent for node f66b4762-c214-41eb-b0be-9d91b3170b6c
[HEARTBEAT] Lightweight heartbeat sent for node f66b4762-c214-41eb-b0be-9d91b3170b6c
[HEARTBEAT] Lightweight heartbeat sent for node f66b4762-c214-41eb-b0be-9d91b3170b6c
[MONITORING] MSG_STATECAPTURE sent (msg #224)
[HEARTBEAT] Lightweight heartbeat sent for node f66b4762-c214-41eb-b0be-9d91b3170b6c
[HEARTBEAT] Lightweight heartbeat sent for node f66b4762-c214-41eb-b0be-9d91b3170b6c
[HEARTBEAT] Lightweight heartbeat sent for node f66b4762-c214-41eb-b0be-9d91b3170b6c
[HEARTBEAT] Lightweight heartbeat sent for node f66b4762-c214-41eb-b0be-9d91b3170b6c
[HEARTBEAT] Lightweight heartbeat sent for node f66b4762-c214-41eb-b0be-9d91b3170b6c
[MONITORING] MSG_STATECAPTURE sent (msg #225)
[HEARTBEAT] Lightweight heartbeat sent for node f66b4762-c214-41eb-b0be-9d91b3170b6c
[HEARTBEAT] Lightweight heartbeat sent for node f66b4762-c214-41eb-b0be-9d91b3170b6c
[HEARTBEAT] Lightweight heartbeat sent for node f66b4762-c214-41eb-b0be-9d91b3170b6c
[HEARTBEAT] Lightweight heartbeat sent for node f66b4762-c214-41eb-b0be-9d91b3170b6c
[HEARTBEAT] Lightweight heartbeat sent for node f66b4762-c214-41eb-b0be-9d91b3170b6c
[MONITORING] MSG_STATECAPTURE sent (msg #226)
[HEARTBEAT] Lightweight heartbeat sent for node f66b4762-c214-41eb-b0be-9d91b3170b6c
[HEARTBEAT] Lightweight heartbeat sent for node f66b4762-c214-41eb-b0be-9d91b3170b6c
[HEARTBEAT] Lightweight heartbeat sent for node f66b4762-c214-41eb-b0be-9d91b3170b6c
[HEARTBEAT] Lightweight heartbeat sent for node f66b4762-c214-41eb-b0be-9d91b3170b6c
[HEARTBEAT] Lightweight heartbeat sent for node f66b4762-c214-41eb-b0be-9d91b3170b6c
[MONITORING] MSG_STATECAPTURE sent (msg #227)
[HEARTBEAT] Lightweight heartbeat sent for node f66b4762-c214-41eb-b0be-9d91b3170b6c
[HEARTBEAT] Lightweight heartbeat sent for node f66b4762-c214-41eb-b0be-9d91b3170b6c
[HEARTBEAT] Lightweight heartbeat sent for node f66b4762-c214-41eb-b0be-9d91b3170b6c
[HEARTBEAT] Lightweight heartbeat sent for node f66b4762-c214-41eb-b0be-9d91b3170b6c
[HEARTBEAT] Lightweight heartbeat sent for node f66b4762-c214-41eb-b0be-9d91b3170b6c
[MONITORING] MSG_STATECAPTURE sent (msg #228)
[HEARTBEAT] Lightweight heartbeat sent for node f66b4762-c214-41eb-b0be-9d91b3170b6c
[HEARTBEAT] Lightweight heartbeat sent for node f66b4762-c214-41eb-b0be-9d91b3170b6c
[HEARTBEAT] Lightweight heartbeat sent for node f66b4762-c214-41eb-b0be-9d91b3170b6c
[HEARTBEAT] Lightweight heartbeat sent for node f66b4762-c214-41eb-b0be-9d91b3170b6c
[HEARTBEAT] Lightweight heartbeat sent for node f66b4762-c214-41eb-b0be-9d91b3170b6c
[MONITORING] MSG_STATECAPTURE sent (msg #229)
[HEARTBEAT] Lightweight heartbeat sent for node f66b4762-c214-41eb-b0be-9d91b3170b6c
[HEARTBEAT] Lightweight heartbeat sent for node f66b4762-c214-41eb-b0be-9d91b3170b6c
[HEARTBEAT] Lightweight heartbeat sent for node f66b4762-c214-41eb-b0be-9d91b3170b6c
[HEARTBEAT] Lightweight heartbeat sent for node f66b4762-c214-41eb-b0be-9d91b3170b6c
[HEARTBEAT] Lightweight heartbeat sent for node f66b4762-c214-41eb-b0be-9d91b3170b6c
[MONITORING] MSG_STATECAPTURE sent (msg #230)
[HEARTBEAT] Lightweight heartbeat sent for node f66b4762-c214-41eb-b0be-9d91b3170b6c
[HEARTBEAT] Lightweight heartbeat sent for node f66b4762-c214-41eb-b0be-9d91b3170b6c
[HEARTBEAT] Lightweight heartbeat sent for node f66b4762-c214-41eb-b0be-9d91b3170b6c
[HEARTBEAT] Lightweight heartbeat sent for node f66b4762-c214-41eb-b0be-9d91b3170b6c
[HEARTBEAT] Lightweight heartbeat sent for node f66b4762-c214-41eb-b0be-9d91b3170b6c
[MONITORING] MSG_STATECAPTURE sent (msg #231)
[HEARTBEAT] Lightweight heartbeat sent for node f66b4762-c214-41eb-b0be-9d91b3170b6c
[HEARTBEAT] Lightweight heartbeat sent for node f66b4762-c214-41eb-b0be-9d91b3170b6c
[HEARTBEAT] Lightweight heartbeat sent for node f66b4762-c214-41eb-b0be-9d91b3170b6c
[HEARTBEAT] Lightweight heartbeat sent for node f66b4762-c214-41eb-b0be-9d91b3170b6c
[HEARTBEAT] Lightweight heartbeat sent for node f66b4762-c214-41eb-b0be-9d91b3170b6c
[MONITORING] MSG_STATECAPTURE sent (msg #232)
[HEARTBEAT] Lightweight heartbeat sent for node f66b4762-c214-41eb-b0be-9d91b3170b6c
[HEARTBEAT] Lightweight heartbeat sent for node f66b4762-c214-41eb-b0be-9d91b3170b6c
[HEARTBEAT] Lightweight heartbeat sent for node f66b4762-c214-41eb-b0be-9d91b3170b6c
[HEARTBEAT] Lightweight heartbeat sent for node f66b4762-c214-41eb-b0be-9d91b3170b6c
[HEARTBEAT] Lightweight heartbeat sent for node f66b4762-c214-41eb-b0be-9d91b3170b6c
[MONITORING] MSG_STATECAPTURE sent (msg #233)
[HEARTBEAT] Lightweight heartbeat sent for node f66b4762-c214-41eb-b0be-9d91b3170b6c
[HEARTBEAT] Lightweight heartbeat sent for node f66b4762-c214-41eb-b0be-9d91b3170b6c
[HEARTBEAT] Lightweight heartbeat sent for node f66b4762-c214-41eb-b0be-9d91b3170b6c
[HEARTBEAT] Lightweight heartbeat sent for node f66b4762-c214-41eb-b0be-9d91b3170b6c
[HEARTBEAT] Lightweight heartbeat sent for node f66b4762-c214-41eb-b0be-9d91b3170b6c
[MONITORING] MSG_STATECAPTURE sent (msg #234)
[HEARTBEAT] Lightweight heartbeat sent for node f66b4762-c214-41eb-b0be-9d91b3170b6c
[HEARTBEAT] Lightweight heartbeat sent for node f66b4762-c214-41eb-b0be-9d91b3170b6c
[HEARTBEAT] Lightweight heartbeat sent for node f66b4762-c214-41eb-b0be-9d91b3170b6c
[HEARTBEAT] Lightweight heartbeat sent for node f66b4762-c214-41eb-b0be-9d91b3170b6c
[HEARTBEAT] Lightweight heartbeat sent for node f66b4762-c214-41eb-b0be-9d91b3170b6c
[MONITORING] MSG_STATECAPTURE sent (msg #235)
[HEARTBEAT] Lightweight heartbeat sent for node f66b4762-c214-41eb-b0be-9d91b3170b6c
[HEARTBEAT] Lightweight heartbeat sent for node f66b4762-c214-41eb-b0be-9d91b3170b6c
[HEARTBEAT] Lightweight heartbeat sent for node f66b4762-c214-41eb-b0be-9d91b3170b6c
[HEARTBEAT] Lightweight heartbeat sent for node f66b4762-c214-41eb-b0be-9d91b3170b6c
[HEARTBEAT] Lightweight heartbeat sent for node f66b4762-c214-41eb-b0be-9d91b3170b6c
[MONITORING] MSG_STATECAPTURE sent (msg #236)
[HEARTBEAT] Lightweight heartbeat sent for node f66b4762-c214-41eb-b0be-9d91b3170b6c
[HEARTBEAT] Lightweight heartbeat sent for node f66b4762-c214-41eb-b0be-9d91b3170b6c
[HEARTBEAT] Lightweight heartbeat sent for node f66b4762-c214-41eb-b0be-9d91b3170b6c
[HEARTBEAT] Lightweight heartbeat sent for node f66b4762-c214-41eb-b0be-9d91b3170b6c
[HEARTBEAT] Lightweight heartbeat sent for node f66b4762-c214-41eb-b0be-9d91b3170b6c
[MONITORING] MSG_STATECAPTURE sent (msg #237)
[HEARTBEAT] Lightweight heartbeat sent for node f66b4762-c214-41eb-b0be-9d91b3170b6c
[HEARTBEAT] Lightweight heartbeat sent for node f66b4762-c214-41eb-b0be-9d91b3170b6c
[HEARTBEAT] Lightweight heartbeat sent for node f66b4762-c214-41eb-b0be-9d91b3170b6c
[HEARTBEAT] Lightweight heartbeat sent for node f66b4762-c214-41eb-b0be-9d91b3170b6c
[HEARTBEAT] Lightweight heartbeat sent for node f66b4762-c214-41eb-b0be-9d91b3170b6c
[MONITORING] MSG_STATECAPTURE sent (msg #238)
[HEARTBEAT] Lightweight heartbeat sent for node f66b4762-c214-41eb-b0be-9d91b3170b6c
[HEARTBEAT] Lightweight heartbeat sent for node f66b4762-c214-41eb-b0be-9d91b3170b6c
[HEARTBEAT] Lightweight heartbeat sent for node f66b4762-c214-41eb-b0be-9d91b3170b6c
[HEARTBEAT] Lightweight heartbeat sent for node f66b4762-c214-41eb-b0be-9d91b3170b6c
[HEARTBEAT] Lightweight heartbeat sent for node f66b4762-c214-41eb-b0be-9d91b3170b6c
[MONITORING] MSG_STATECAPTURE sent (msg #239)
[HEARTBEAT] Lightweight heartbeat sent for node f66b4762-c214-41eb-b0be-9d91b3170b6c
[HEARTBEAT] Lightweight heartbeat sent for node f66b4762-c214-41eb-b0be-9d91b3170b6c
[HEARTBEAT] Lightweight heartbeat sent for node f66b4762-c214-41eb-b0be-9d91b3170b6c
[HEARTBEAT] Lightweight heartbeat sent for node f66b4762-c214-41eb-b0be-9d91b3170b6c
[HEARTBEAT] Lightweight heartbeat sent for node f66b4762-c214-41eb-b0be-9d91b3170b6c
[MONITORING] MSG_STATECAPTURE sent (msg #240)
[HEARTBEAT] Lightweight heartbeat sent for node f66b4762-c214-41eb-b0be-9d91b3170b6c
[HEARTBEAT] Lightweight heartbeat sent for node f66b4762-c214-41eb-b0be-9d91b3170b6c
[HEARTBEAT] Lightweight heartbeat sent for node f66b4762-c214-41eb-b0be-9d91b3170b6c
[HEARTBEAT] Lightweight heartbeat sent for node f66b4762-c214-41eb-b0be-9d91b3170b6c
[HEARTBEAT] Lightweight heartbeat sent for node f66b4762-c214-41eb-b0be-9d91b3170b6c
[MONITORING] MSG_STATECAPTURE sent (msg #241)
[HEARTBEAT] Lightweight heartbeat sent for node f66b4762-c214-41eb-b0be-9d91b3170b6c
[HEARTBEAT] Lightweight heartbeat sent for node f66b4762-c214-41eb-b0be-9d91b3170b6c
[HEARTBEAT] Lightweight heartbeat sent for node f66b4762-c214-41eb-b0be-9d91b3170b6c
[HEARTBEAT] Lightweight heartbeat sent for node f66b4762-c214-41eb-b0be-9d91b3170b6c
[HEARTBEAT] Lightweight heartbeat sent for node f66b4762-c214-41eb-b0be-9d91b3170b6c
[MONITORING] MSG_STATECAPTURE sent (msg #242)
[HEARTBEAT] Lightweight heartbeat sent for node f66b4762-c214-41eb-b0be-9d91b3170b6c
[HEARTBEAT] Lightweight heartbeat sent for node f66b4762-c214-41eb-b0be-9d91b3170b6c
[HEARTBEAT] Lightweight heartbeat sent for node f66b4762-c214-41eb-b0be-9d91b3170b6c
[HEARTBEAT] Lightweight heartbeat sent for node f66b4762-c214-41eb-b0be-9d91b3170b6c
[HEARTBEAT] Lightweight heartbeat sent for node f66b4762-c214-41eb-b0be-9d91b3170b6c
[MONITORING] MSG_STATECAPTURE sent (msg #243)
[HEARTBEAT] Lightweight heartbeat sent for node f66b4762-c214-41eb-b0be-9d91b3170b6c
[HEARTBEAT] Lightweight heartbeat sent for node f66b4762-c214-41eb-b0be-9d91b3170b6c
[HEARTBEAT] Lightweight heartbeat sent for node f66b4762-c214-41eb-b0be-9d91b3170b6c
[HEARTBEAT] Lightweight heartbeat sent for node f66b4762-c214-41eb-b0be-9d91b3170b6c
[HEARTBEAT] Lightweight heartbeat sent for node f66b4762-c214-41eb-b0be-9d91b3170b6c
[MONITORING] MSG_STATECAPTURE sent (msg #244)
[HEARTBEAT] Lightweight heartbeat sent for node f66b4762-c214-41eb-b0be-9d91b3170b6c
[HEARTBEAT] Lightweight heartbeat sent for node f66b4762-c214-41eb-b0be-9d91b3170b6c
[HEARTBEAT] Lightweight heartbeat sent for node f66b4762-c214-41eb-b0be-9d91b3170b6c
[HEARTBEAT] Lightweight heartbeat sent for node f66b4762-c214-41eb-b0be-9d91b3170b6c
[HEARTBEAT] Lightweight heartbeat sent for node f66b4762-c214-41eb-b0be-9d91b3170b6c
[MONITORING] MSG_STATECAPTURE sent (msg #245)
[HEARTBEAT] Lightweight heartbeat sent for node f66b4762-c214-41eb-b0be-9d91b3170b6c
[HEARTBEAT] Lightweight heartbeat sent for node f66b4762-c214-41eb-b0be-9d91b3170b6c
[HEARTBEAT] Lightweight heartbeat sent for node f66b4762-c214-41eb-b0be-9d91b3170b6c
[HEARTBEAT] Lightweight heartbeat sent for node f66b4762-c214-41eb-b0be-9d91b3170b6c
[HEARTBEAT] Lightweight heartbeat sent for node f66b4762-c214-41eb-b0be-9d91b3170b6c
[MONITORING] MSG_STATECAPTURE sent (msg #246)
[HEARTBEAT] Lightweight heartbeat sent for node f66b4762-c214-41eb-b0be-9d91b3170b6c
[HEARTBEAT] Lightweight heartbeat sent for node f66b4762-c214-41eb-b0be-9d91b3170b6c
[HEARTBEAT] Lightweight heartbeat sent for node f66b4762-c214-41eb-b0be-9d91b3170b6c
[HEARTBEAT] Lightweight heartbeat sent for node f66b4762-c214-41eb-b0be-9d91b3170b6c
[HEARTBEAT] Lightweight heartbeat sent for node f66b4762-c214-41eb-b0be-9d91b3170b6c
[MONITORING] MSG_STATECAPTURE sent (msg #247)
[HEARTBEAT] Lightweight heartbeat sent for node f66b4762-c214-41eb-b0be-9d91b3170b6c
[HEARTBEAT] Lightweight heartbeat sent for node f66b4762-c214-41eb-b0be-9d91b3170b6c
[HEARTBEAT] Lightweight heartbeat sent for node f66b4762-c214-41eb-b0be-9d91b3170b6c
[HEARTBEAT] Lightweight heartbeat sent for node f66b4762-c214-41eb-b0be-9d91b3170b6c
[HEARTBEAT] Lightweight heartbeat sent for node f66b4762-c214-41eb-b0be-9d91b3170b6c
[MONITORING] MSG_STATECAPTURE sent (msg #248)
[HEARTBEAT] Lightweight heartbeat sent for node f66b4762-c214-41eb-b0be-9d91b3170b6c
[HEARTBEAT] Lightweight heartbeat sent for node f66b4762-c214-41eb-b0be-9d91b3170b6c
[HEARTBEAT] Lightweight heartbeat sent for node f66b4762-c214-41eb-b0be-9d91b3170b6c
[HEARTBEAT] Lightweight heartbeat sent for node f66b4762-c214-41eb-b0be-9d91b3170b6c
[HEARTBEAT] Lightweight heartbeat sent for node f66b4762-c214-41eb-b0be-9d91b3170b6c
[MONITORING] MSG_STATECAPTURE sent (msg #249)
[HEARTBEAT] Lightweight heartbeat sent for node f66b4762-c214-41eb-b0be-9d91b3170b6c
[HEARTBEAT] Lightweight heartbeat sent for node f66b4762-c214-41eb-b0be-9d91b3170b6c
[HEARTBEAT] Lightweight heartbeat sent for node f66b4762-c214-41eb-b0be-9d91b3170b6c
[HEARTBEAT] Lightweight heartbeat sent for node f66b4762-c214-41eb-b0be-9d91b3170b6c
[HEARTBEAT] Lightweight heartbeat sent for node f66b4762-c214-41eb-b0be-9d91b3170b6c
[MONITORING] MSG_STATECAPTURE sent (msg #250)
[HEARTBEAT] Lightweight heartbeat sent for node f66b4762-c214-41eb-b0be-9d91b3170b6c
[HEARTBEAT] Lightweight heartbeat sent for node f66b4762-c214-41eb-b0be-9d91b3170b6c
[HEARTBEAT] Lightweight heartbeat sent for node f66b4762-c214-41eb-b0be-9d91b3170b6c
[HEARTBEAT] Lightweight heartbeat sent for node f66b4762-c214-41eb-b0be-9d91b3170b6c
[HEARTBEAT] Lightweight heartbeat sent for node f66b4762-c214-41eb-b0be-9d91b3170b6c
[MONITORING] MSG_STATECAPTURE sent (msg #251)
[HEARTBEAT] Lightweight heartbeat sent for node f66b4762-c214-41eb-b0be-9d91b3170b6c
[HEARTBEAT] Lightweight heartbeat sent for node f66b4762-c214-41eb-b0be-9d91b3170b6c
[HEARTBEAT] Lightweight heartbeat sent for node f66b4762-c214-41eb-b0be-9d91b3170b6c
[HEARTBEAT] Lightweight heartbeat sent for node f66b4762-c214-41eb-b0be-9d91b3170b6c
[HEARTBEAT] Lightweight heartbeat sent for node f66b4762-c214-41eb-b0be-9d91b3170b6c
[MONITORING] MSG_STATECAPTURE sent (msg #252)
[HEARTBEAT] Lightweight heartbeat sent for node f66b4762-c214-41eb-b0be-9d91b3170b6c
[HEARTBEAT] Lightweight heartbeat sent for node f66b4762-c214-41eb-b0be-9d91b3170b6c
[HEARTBEAT] Lightweight heartbeat sent for node f66b4762-c214-41eb-b0be-9d91b3170b6c
[HEARTBEAT] Lightweight heartbeat sent for node f66b4762-c214-41eb-b0be-9d91b3170b6c
[HEARTBEAT] Lightweight heartbeat sent for node f66b4762-c214-41eb-b0be-9d91b3170b6c
[MONITORING] MSG_STATECAPTURE sent (msg #253)
[HEARTBEAT] Lightweight heartbeat sent for node f66b4762-c214-41eb-b0be-9d91b3170b6c
[HEARTBEAT] Lightweight heartbeat sent for node f66b4762-c214-41eb-b0be-9d91b3170b6c
[HEARTBEAT] Lightweight heartbeat sent for node f66b4762-c214-41eb-b0be-9d91b3170b6c
[HEARTBEAT] Lightweight heartbeat sent for node f66b4762-c214-41eb-b0be-9d91b3170b6c
[HEARTBEAT] Lightweight heartbeat sent for node f66b4762-c214-41eb-b0be-9d91b3170b6c
[MONITORING] MSG_STATECAPTURE sent (msg #254)
[HEARTBEAT] Lightweight heartbeat sent for node f66b4762-c214-41eb-b0be-9d91b3170b6c
[HEARTBEAT] Lightweight heartbeat sent for node f66b4762-c214-41eb-b0be-9d91b3170b6c
[HEARTBEAT] Lightweight heartbeat sent for node f66b4762-c214-41eb-b0be-9d91b3170b6c
[HEARTBEAT] Lightweight heartbeat sent for node f66b4762-c214-41eb-b0be-9d91b3170b6c
[HEARTBEAT] Lightweight heartbeat sent for node f66b4762-c214-41eb-b0be-9d91b3170b6c
[MONITORING] MSG_STATECAPTURE sent (msg #255)
[HEARTBEAT] Lightweight heartbeat sent for node f66b4762-c214-41eb-b0be-9d91b3170b6c
[THREAD] Master Thread stopped
[HEARTBEAT] Lightweight heartbeat sent for node f66b4762-c214-41eb-b0be-9d91b3170b6c
[HEARTBEAT] Lightweight heartbeat sent for node f66b4762-c214-41eb-b0be-9d91b3170b6c
[HEARTBEAT] Lightweight heartbeat sent for node f66b4762-c214-41eb-b0be-9d91b3170b6c
[HEARTBEAT] Lightweight heartbeat sent for node f66b4762-c214-41eb-b0be-9d91b3170b6c
[THREAD] Monitoring thread stopped
[HEARTBEAT] Thread stopped
[THREAD] Heartbeat thread stopped
Removed queue: outgoing (id=32792)
Removed queue: HELLO (id=32793)
Removed queue: PROG (id=32794)
destroy_queues: msgctl IPC_RMID: Invalid argument
destroy_queues: msgctl IPC_RMID: Invalid argument
destroy_queues: msgctl IPC_RMID: Invalid argument
destroy_queues: msgctl IPC_RMID: Invalid argument
destroy_queues: msgctl IPC_RMID: Invalid argument
destroy_queues: msgctl IPC_RMID: Invalid argument
destroy_queues: msgctl IPC_RMID: Invalid argument
Removed queue: W60uO6D (id=32798)
destroy_queues: msgctl IPC_RMID: Invalid argument
destroy_queues: msgctl IPC_RMID: Invalid argument
destroy_queues: msgctl IPC_RMID: Invalid argument
destroy_queues: msgctl IPC_RMID: Invalid argument
destroy_queues: msgctl IPC_RMID: Invalid argument
destroy_queues: msgctl IPC_RMID: Invalid argument
destroy_queues: msgctl IPC_RMID: Invalid argument
destroy_queues: msgctl IPC_RMID: Invalid argument
destroy_queues: msgctl IPC_RMID: Invalid argument
Removed queue: 1YZTE33 (id=32810)
destroy_queues: msgctl IPC_RMID: Invalid argument
destroy_queues: msgctl IPC_RMID: Invalid argument
destroy_queues: msgctl IPC_RMID: Invalid argument
destroy_queues: msgctl IPC_RMID: Invalid argument
destroy_queues: msgctl IPC_RMID: Invalid argument
Removed queue: hK6j36O (id=32820)
destroy_queues: msgctl IPC_RMID: Invalid argument
destroy_queues: msgctl IPC_RMID: Invalid argument
destroy_queues: msgctl IPC_RMID: Invalid argument
destroy_queues: msgctl IPC_RMID: Invalid argument
Removed queue: 6y7sCgs (id=32826)
destroy_queues: msgctl IPC_RMID: Invalid argument
destroy_queues: msgctl IPC_RMID: Invalid argument
destroy_queues: msgctl IPC_RMID: Invalid argument
destroy_queues: msgctl IPC_RMID: Invalid argument
destroy_queues: msgctl IPC_RMID: Invalid argument
Removed queue: oGZ342o (id=65536)
destroy_queues: msgctl IPC_RMID: Invalid argument
destroy_queues: msgctl IPC_RMID: Invalid argument
destroy_queues: msgctl IPC_RMID: Invalid argument
destroy_queues: msgctl IPC_RMID: Invalid argument
destroy_queues: msgctl IPC_RMID: Invalid argument
Removed queue: 7U5aANa (id=65555)
destroy_queues: msgctl IPC_RMID: Invalid argument
destroy_queues: msgctl IPC_RMID: Invalid argument
destroy_queues: msgctl IPC_RMID: Invalid argument
destroy_queues: msgctl IPC_RMID: Invalid argument
Removed queue: 2N2FB99 (id=65575)
destroy_queues: msgctl IPC_RMID: Invalid argument
destroy_queues: msgctl IPC_RMID: Invalid argument
destroy_queues: msgctl IPC_RMID: Invalid argument
[THREAD] Network thread stopped
ller IP: 192.168.30.7
[THREAD] Heartbeat (lightweight status) thread started
[HEARTBEAT] Thread started
[HEARTBEAT] Lightweight heartbeat sent for node f66b4762-c214-41eb-b0be-9d91b3170b6c
[THREAD] Master Thread started
[CONFIG] Detected config change, reloading...
Waiting for programs on MQ: PROG
[HEARTBEAT] Lightweight heartbeat sent for node f66b4762-c214-41eb-b0be-9d91b3170b6c
[HEARTBEAT] Lightweight heartbeat sent for node f66b4762-c214-41eb-b0be-9d91b3170b6c
[HEARTBEAT] Lightweight heartbeat sent for node f66b4762-c214-41eb-b0be-9d91b3170b6c
[HEARTBEAT] Lightweight heartbeat sent for node f66b4762-c214-41eb-b0be-9d91b3170b6c
[MONITORING] MSG_STATECAPTURE sent (msg #2)
[HEARTBEAT] Lightweight heartbeat sent for node f66b4762-c214-41eb-b0be-9d91b3170b6c
[HEARTBEAT] Lightweight heartbeat sent for node f66b4762-c214-41eb-b0be-9d91b3170b6c
[HEARTBEAT] Lightweight heartbeat sent for node f66b4762-c214-41eb-b0be-9d91b3170b6c
[HEARTBEAT] Lightweight heartbeat sent for node f66b4762-c214-41eb-b0be-9d91b3170b6c
[HEARTBEAT] Lightweight heartbeat sent for node f66b4762-c214-41eb-b0be-9d91b3170b6c
[MONITORING] MSG_STATECAPTURE sent (msg #3)
[HEARTBEAT] Lightweight heartbeat sent for node f66b4762-c214-41eb-b0be-9d91b3170b6c
[HEARTBEAT] Lightweight heartbeat sent for node f66b4762-c214-41eb-b0be-9d91b3170b6c
[HEARTBEAT] Lightweight heartbeat sent for node f66b4762-c214-41eb-b0be-9d91b3170b6c
[HEARTBEAT] Lightweight heartbeat sent for node f66b4762-c214-41eb-b0be-9d91b3170b6c
[HEARTBEAT] Lightweight heartbeat sent for node f66b4762-c214-41eb-b0be-9d91b3170b6c
[MONITORING] MSG_STATECAPTURE sent (msg #4)
[HEARTBEAT] Lightweight heartbeat sent for node f66b4762-c214-41eb-b0be-9d91b3170b6c
[HEARTBEAT] Lightweight heartbeat sent for node f66b4762-c214-41eb-b0be-9d91b3170b6c
[HEARTBEAT] Lightweight heartbeat sent for node f66b4762-c214-41eb-b0be-9d91b3170b6c
[HEARTBEAT] Lightweight heartbeat sent for node f66b4762-c214-41eb-b0be-9d91b3170b6c
[HEARTBEAT] Lightweight heartbeat sent for node f66b4762-c214-41eb-b0be-9d91b3170b6c
[MONITORING] MSG_STATECAPTURE sent (msg #5)
[HEARTBEAT] Lightweight heartbeat sent for node f66b4762-c214-41eb-b0be-9d91b3170b6c
[NET] PROG
Received Program 
[Master] Generated ./progs/controller_ip.c with controller IP: 192.168.30.7
[Master] Saved program to ./progs/944c4b8e-51d3-400c-b831-4c4096bf10e2.c
[Master] Parsing: Parser/build/mytool ./progs/944c4b8e-51d3-400c-b831-4c4096bf10e2.c -- -I. > ./progs/944c4b8e-51d3-400c-b831-4c4096bf10e2.c.parse_err 2>&1
[Master] Parsed output: ./progs/944c4b8e-51d3-400c-b831-4c4096bf10e2.c_parsed.c
[Master] Compiling program: gcc ./progs/944c4b8e-51d3-400c-b831-4c4096bf10e2.c_parsed.c ./progs/controller_ip.c Execution_Master/utils/master_exec.c Execution_Master/utils/orchestrator.c Execution_Master/utils/parallax_team.c Execution_Master/utils/barrier.c Execution_Master/utils/net_utils.c Agent_Init/network/network_agent.c Agent_Init/network/ms_queue.c Agent_Init/network/socket.c Agent_Init/network/linked_list.c -IExecution_Master/utils/ -IAgent_Init/network/ -Iparallax/ -I. -pthread -o ./progs/bin_944c4b8e-51d3-400c-b831-4c4096bf10e2.c > ./progs/944c4b8e-51d3-400c-b831-4c4096bf10e2.c.compile_err 2>&1
[HEARTBEAT] Lightweight heartbeat sent for node f66b4762-c214-41eb-b0be-9d91b3170b6c
[Master] Program compiled successfully.
[Master] Executing program, output -> ./progs/944c4b8e-51d3-400c-b831-4c4096bf10e2.c.log
[NET] 4sAGwWU
[NET] 2dDD7uJ
[NET] kIX6FaP
[HEARTBEAT] Lightweight heartbeat sent for node f66b4762-c214-41eb-b0be-9d91b3170b6c
[NET] f1ca3Ts
[NET] h7w9pWG
[NET] JGoBHQ5
[HEARTBEAT] Lightweight heartbeat sent for node f66b4762-c214-41eb-b0be-9d91b3170b6c
[HEARTBEAT] Lightweight heartbeat sent for node f66b4762-c214-41eb-b0be-9d91b3170b6c
[MONITORING] MSG_STATECAPTURE sent (msg #6)
[HEARTBEAT] Lightweight heartbeat sent for node f66b4762-c214-41eb-b0be-9d91b3170b6c
[HEARTBEAT] Lightweight heartbeat sent for node f66b4762-c214-41eb-b0be-9d91b3170b6c
[HEARTBEAT] Lightweight heartbeat sent for node f66b4762-c214-41eb-b0be-9d91b3170b6c
[HEARTBEAT] Lightweight heartbeat sent for node f66b4762-c214-41eb-b0be-9d91b3170b6c
[HEARTBEAT] Lightweight heartbeat sent for node f66b4762-c214-41eb-b0be-9d91b3170b6c
[MONITORING] MSG_STATECAPTURE sent (msg #7)
[HEARTBEAT] Lightweight heartbeat sent for node f66b4762-c214-41eb-b0be-9d91b3170b6c
[HEARTBEAT] Lightweight heartbeat sent for node f66b4762-c214-41eb-b0be-9d91b3170b6c
[HEARTBEAT] Lightweight heartbeat sent for node f66b4762-c214-41eb-b0be-9d91b3170b6c
[HEARTBEAT] Lightweight heartbeat sent for node f66b4762-c214-41eb-b0be-9d91b3170b6c
[HEARTBEAT] Lightweight heartbeat sent for node f66b4762-c214-41eb-b0be-9d91b3170b6c
[MONITORING] MSG_STATECAPTURE sent (msg #8)
[HEARTBEAT] Lightweight heartbeat sent for node f66b4762-c214-41eb-b0be-9d91b3170b6c
[HEARTBEAT] Lightweight heartbeat sent for node f66b4762-c214-41eb-b0be-9d91b3170b6c
[HEARTBEAT] Lightweight heartbeat sent for node f66b4762-c214-41eb-b0be-9d91b3170b6c
[HEARTBEAT] Lightweight heartbeat sent for node f66b4762-c214-41eb-b0be-9d91b3170b6c
[HEARTBEAT] Lightweight heartbeat sent for node f66b4762-c214-41eb-b0be-9d91b3170b6c
[MONITORING] MSG_STATECAPTURE sent (msg #9)
[HEARTBEAT] Lightweight heartbeat sent for node f66b4762-c214-41eb-b0be-9d91b3170b6c
[HEARTBEAT] Lightweight heartbeat sent for node f66b4762-c214-41eb-b0be-9d91b3170b6c
[HEARTBEAT] Lightweight heartbeat sent for node f66b4762-c214-41eb-b0be-9d91b3170b6c
[HEARTBEAT] Lightweight heartbeat sent for node f66b4762-c214-41eb-b0be-9d91b3170b6c
[HEARTBEAT] Lightweight heartbeat sent for node f66b4762-c214-41eb-b0be-9d91b3170b6c
[MONITORING] MSG_STATECAPTURE sent (msg #10)
[HEARTBEAT] Lightweight heartbeat sent for node f66b4762-c214-41eb-b0be-9d91b3170b6c
[HEARTBEAT] Lightweight heartbeat sent for node f66b4762-c214-41eb-b0be-9d91b3170b6c
[HEARTBEAT] Lightweight heartbeat sent for node f66b4762-c214-41eb-b0be-9d91b3170b6c
[HEARTBEAT] Lightweight heartbeat sent for node f66b4762-c214-41eb-b0be-9d91b3170b6c
[HEARTBEAT] Lightweight heartbeat sent for node f66b4762-c214-41eb-b0be-9d91b3170b6c
[MONITORING] MSG_STATECAPTURE sent (msg #11)
[HEARTBEAT] Lightweight heartbeat sent for node f66b4762-c214-41eb-b0be-9d91b3170b6c
[HEARTBEAT] Lightweight heartbeat sent for node f66b4762-c214-41eb-b0be-9d91b3170b6c
[HEARTBEAT] Lightweight heartbeat sent for node f66b4762-c214-41eb-b0be-9d91b3170b6c
[HEARTBEAT] Lightweight heartbeat sent for node f66b4762-c214-41eb-b0be-9d91b3170b6c
[HEARTBEAT] Lightweight heartbeat sent for node f66b4762-c214-41eb-b0be-9d91b3170b6c
[MONITORING] MSG_STATECAPTURE sent (msg #12)
[HEARTBEAT] Lightweight heartbeat sent for node f66b4762-c214-41eb-b0be-9d91b3170b6c
[HEARTBEAT] Lightweight heartbeat sent for node f66b4762-c214-41eb-b0be-9d91b3170b6c
[HEARTBEAT] Lightweight heartbeat sent for node f66b4762-c214-41eb-b0be-9d91b3170b6c
[HEARTBEAT] Lightweight heartbeat sent for node f66b4762-c214-41eb-b0be-9d91b3170b6c
[HEARTBEAT] Lightweight heartbeat sent for node f66b4762-c214-41eb-b0be-9d91b3170b6c
[MONITORING] MSG_STATECAPTURE sent (msg #13)
[HEARTBEAT] Lightweight heartbeat sent for node f66b4762-c214-41eb-b0be-9d91b3170b6c
[HEARTBEAT] Lightweight heartbeat sent for node f66b4762-c214-41eb-b0be-9d91b3170b6c
[HEARTBEAT] Lightweight heartbeat sent for node f66b4762-c214-41eb-b0be-9d91b3170b6c
[HEARTBEAT] Lightweight heartbeat sent for node f66b4762-c214-41eb-b0be-9d91b3170b6c
[HEARTBEAT] Lightweight heartbeat sent for node f66b4762-c214-41eb-b0be-9d91b3170b6c
[MONITORING] MSG_STATECAPTURE sent (msg #14)
[HEARTBEAT] Lightweight heartbeat sent for node f66b4762-c214-41eb-b0be-9d91b3170b6c
[HEARTBEAT] Lightweight heartbeat sent for node f66b4762-c214-41eb-b0be-9d91b3170b6c
[HEARTBEAT] Lightweight heartbeat sent for node f66b4762-c214-41eb-b0be-9d91b3170b6c
[HEARTBEAT] Lightweight heartbeat sent for node f66b4762-c214-41eb-b0be-9d91b3170b6c
[HEARTBEAT] Lightweight heartbeat sent for node f66b4762-c214-41eb-b0be-9d91b3170b6c
[MONITORING] MSG_STATECAPTURE sent (msg #15)
[HEARTBEAT] Lightweight heartbeat sent for node f66b4762-c214-41eb-b0be-9d91b3170b6c
[HEARTBEAT] Lightweight heartbeat sent for node f66b4762-c214-41eb-b0be-9d91b3170b6c
[HEARTBEAT] Lightweight heartbeat sent for node f66b4762-c214-41eb-b0be-9d91b3170b6c
[HEARTBEAT] Lightweight heartbeat sent for node f66b4762-c214-41eb-b0be-9d91b3170b6c
[HEARTBEAT] Lightweight heartbeat sent for node f66b4762-c214-41eb-b0be-9d91b3170b6c
[MONITORING] MSG_STATECAPTURE sent (msg #16)
[HEARTBEAT] Lightweight heartbeat sent for node f66b4762-c214-41eb-b0be-9d91b3170b6c
[HEARTBEAT] Lightweight heartbeat sent for node f66b4762-c214-41eb-b0be-9d91b3170b6c
[HEARTBEAT] Lightweight heartbeat sent for node f66b4762-c214-41eb-b0be-9d91b3170b6c
[HEARTBEAT] Lightweight heartbeat sent for node f66b4762-c214-41eb-b0be-9d91b3170b6c
[HEARTBEAT] Lightweight heartbeat sent for node f66b4762-c214-41eb-b0be-9d91b3170b6c
[MONITORING] MSG_STATECAPTURE sent (msg #17)
[HEARTBEAT] Lightweight heartbeat sent for node f66b4762-c214-41eb-b0be-9d91b3170b6c
[HEARTBEAT] Lightweight heartbeat sent for node f66b4762-c214-41eb-b0be-9d91b3170b6c
[HEARTBEAT] Lightweight heartbeat sent for node f66b4762-c214-41eb-b0be-9d91b3170b6c
[HEARTBEAT] Lightweight heartbeat sent for node f66b4762-c214-41eb-b0be-9d91b3170b6c
[HEARTBEAT] Lightweight heartbeat sent for node f66b4762-c214-41eb-b0be-9d91b3170b6c
[MONITORING] MSG_STATECAPTURE sent (msg #18)
[HEARTBEAT] Lightweight heartbeat sent for node f66b4762-c214-41eb-b0be-9d91b3170b6c
[HEARTBEAT] Lightweight heartbeat sent for node f66b4762-c214-41eb-b0be-9d91b3170b6c
[HEARTBEAT] Lightweight heartbeat sent for node f66b4762-c214-41eb-b0be-9d91b3170b6c
[HEARTBEAT] Lightweight heartbeat sent for node f66b4762-c214-41eb-b0be-9d91b3170b6c
[HEARTBEAT] Lightweight heartbeat sent for node f66b4762-c214-41eb-b0be-9d91b3170b6c
[MONITORING] MSG_STATECAPTURE sent (msg #19)
[HEARTBEAT] Lightweight heartbeat sent for node f66b4762-c214-41eb-b0be-9d91b3170b6c
[HEARTBEAT] Lightweight heartbeat sent for node f66b4762-c214-41eb-b0be-9d91b3170b6c
[HEARTBEAT] Lightweight heartbeat sent for node f66b4762-c214-41eb-b0be-9d91b3170b6c
[HEARTBEAT] Lightweight heartbeat sent for node f66b4762-c214-41eb-b0be-9d91b3170b6c
[HEARTBEAT] Lightweight heartbeat sent for node f66b4762-c214-41eb-b0be-9d91b3170b6c
[MONITORING] MSG_STATECAPTURE sent (msg #20)
[HEARTBEAT] Lightweight heartbeat sent for node f66b4762-c214-41eb-b0be-9d91b3170b6c
[HEARTBEAT] Lightweight heartbeat sent for node f66b4762-c214-41eb-b0be-9d91b3170b6c
[HEARTBEAT] Lightweight heartbeat sent for node f66b4762-c214-41eb-b0be-9d91b3170b6c
[HEARTBEAT] Lightweight heartbeat sent for node f66b4762-c214-41eb-b0be-9d91b3170b6c
[HEARTBEAT] Lightweight heartbeat sent for node f66b4762-c214-41eb-b0be-9d91b3170b6c
[MONITORING] MSG_STATECAPTURE sent (msg #21)
[HEARTBEAT] Lightweight heartbeat sent for node f66b4762-c214-41eb-b0be-9d91b3170b6c
[HEARTBEAT] Lightweight heartbeat sent for node f66b4762-c214-41eb-b0be-9d91b3170b6c
[HEARTBEAT] Lightweight heartbeat sent for node f66b4762-c214-41eb-b0be-9d91b3170b6c
[HEARTBEAT] Lightweight heartbeat sent for node f66b4762-c214-41eb-b0be-9d91b3170b6c
[HEARTBEAT] Lightweight heartbeat sent for node f66b4762-c214-41eb-b0be-9d91b3170b6c
[MONITORING] MSG_STATECAPTURE sent (msg #22)
[HEARTBEAT] Lightweight heartbeat sent for node f66b4762-c214-41eb-b0be-9d91b3170b6c
[HEARTBEAT] Lightweight heartbeat sent for node f66b4762-c214-41eb-b0be-9d91b3170b6c
[HEARTBEAT] Lightweight heartbeat sent for node f66b4762-c214-41eb-b0be-9d91b3170b6c
[HEARTBEAT] Lightweight heartbeat sent for node f66b4762-c214-41eb-b0be-9d91b3170b6c
[HEARTBEAT] Lightweight heartbeat sent for node f66b4762-c214-41eb-b0be-9d91b3170b6c
[MONITORING] MSG_STATECAPTURE sent (msg #23)
[HEARTBEAT] Lightweight heartbeat sent for node f66b4762-c214-41eb-b0be-9d91b3170b6c
[HEARTBEAT] Lightweight heartbeat sent for node f66b4762-c214-41eb-b0be-9d91b3170b6c
[HEARTBEAT] Lightweight heartbeat sent for node f66b4762-c214-41eb-b0be-9d91b3170b6c
[HEARTBEAT] Lightweight heartbeat sent for node f66b4762-c214-41eb-b0be-9d91b3170b6c
[HEARTBEAT] Lightweight heartbeat sent for node f66b4762-c214-41eb-b0be-9d91b3170b6c
[MONITORING] MSG_STATECAPTURE sent (msg #24)
[HEARTBEAT] Lightweight heartbeat sent for node f66b4762-c214-41eb-b0be-9d91b3170b6c
[HEARTBEAT] Lightweight heartbeat sent for node f66b4762-c214-41eb-b0be-9d91b3170b6c
[HEARTBEAT] Lightweight heartbeat sent for node f66b4762-c214-41eb-b0be-9d91b3170b6c
[HEARTBEAT] Lightweight heartbeat sent for node f66b4762-c214-41eb-b0be-9d91b3170b6c
[HEARTBEAT] Lightweight heartbeat sent for node f66b4762-c214-41eb-b0be-9d91b3170b6c
[MONITORING] MSG_STATECAPTURE sent (msg #25)
[HEARTBEAT] Lightweight heartbeat sent for node f66b4762-c214-41eb-b0be-9d91b3170b6c
[HEARTBEAT] Lightweight heartbeat sent for node f66b4762-c214-41eb-b0be-9d91b3170b6c
[HEARTBEAT] Lightweight heartbeat sent for node f66b4762-c214-41eb-b0be-9d91b3170b6c
[HEARTBEAT] Lightweight heartbeat sent for node f66b4762-c214-41eb-b0be-9d91b3170b6c
[HEARTBEAT] Lightweight heartbeat sent for node f66b4762-c214-41eb-b0be-9d91b3170b6c
[MONITORING] MSG_STATECAPTURE sent (msg #26)
[HEARTBEAT] Lightweight heartbeat sent for node f66b4762-c214-41eb-b0be-9d91b3170b6c
[HEARTBEAT] Lightweight heartbeat sent for node f66b4762-c214-41eb-b0be-9d91b3170b6c
[Master] Program finished. Log at: ./progs/944c4b8e-51d3-400c-b831-4c4096bf10e2.c.log
[Master] Execution log sent to controller (status=OK)
[HEARTBEAT] Lightweight heartbeat sent for node f66b4762-c214-41eb-b0be-9d91b3170b6c
[HEARTBEAT] Lightweight heartbeat sent for node f66b4762-c214-41eb-b0be-9d91b3170b6c
[HEARTBEAT] Lightweight heartbeat sent for node f66b4762-c214-41eb-b0be-9d91b3170b6c
[MONITORING] MSG_STATECAPTURE sent (msg #27)
[HEARTBEAT] Lightweight heartbeat sent for node f66b4762-c214-41eb-b0be-9d91b3170b6c
[HEARTBEAT] Lightweight heartbeat sent for node f66b4762-c214-41eb-b0be-9d91b3170b6c
[HEARTBEAT] Lightweight heartbeat sent for node f66b4762-c214-41eb-b0be-9d91b3170b6c
[HEARTBEAT] Lightweight heartbeat sent for node f66b4762-c214-41eb-b0be-9d91b3170b6c
[HEARTBEAT] Lightweight heartbeat sent for node f66b4762-c214-41eb-b0be-9d91b3170b6c
[MONITORING] MSG_STATECAPTURE sent (msg #28)
[HEARTBEAT] Lightweight heartbeat sent for node f66b4762-c214-41eb-b0be-9d91b3170b6c
[HEARTBEAT] Lightweight heartbeat sent for node f66b4762-c214-41eb-b0be-9d91b3170b6c
[HEARTBEAT] Lightweight heartbeat sent for node f66b4762-c214-41eb-b0be-9d91b3170b6c
[HEARTBEAT] Lightweight heartbeat sent for node f66b4762-c214-41eb-b0be-9d91b3170b6c
[HEARTBEAT] Lightweight heartbeat sent for node f66b4762-c214-41eb-b0be-9d91b3170b6c
[MONITORING] MSG_STATECAPTURE sent (msg #29)
[HEARTBEAT] Lightweight heartbeat sent for node f66b4762-c214-41eb-b0be-9d91b3170b6c
[HEARTBEAT] Lightweight heartbeat sent for node f66b4762-c214-41eb-b0be-9d91b3170b6c
[HEARTBEAT] Lightweight heartbeat sent for node f66b4762-c214-41eb-b0be-9d91b3170b6c
[HEARTBEAT] Lightweight heartbeat sent for node f66b4762-c214-41eb-b0be-9d91b3170b6c
[HEARTBEAT] Lightweight heartbeat sent for node f66b4762-c214-41eb-b0be-9d91b3170b6c
[MONITORING] MSG_STATECAPTURE sent (msg #30)
[HEARTBEAT] Lightweight heartbeat sent for node f66b4762-c214-41eb-b0be-9d91b3170b6c
[HEARTBEAT] Lightweight heartbeat sent for node f66b4762-c214-41eb-b0be-9d91b3170b6c
[HEARTBEAT] Lightweight heartbeat sent for node f66b4762-c214-41eb-b0be-9d91b3170b6c
[HEARTBEAT] Lightweight heartbeat sent for node f66b4762-c214-41eb-b0be-9d91b3170b6c
[HEARTBEAT] Lightweight heartbeat sent for node f66b4762-c214-41eb-b0be-9d91b3170b6c
[MONITORING] MSG_STATECAPTURE sent (msg #31)
[HEARTBEAT] Lightweight heartbeat sent for node f66b4762-c214-41eb-b0be-9d91b3170b6c
[HEARTBEAT] Lightweight heartbeat sent for node f66b4762-c214-41eb-b0be-9d91b3170b6c
[HEARTBEAT] Lightweight heartbeat sent for node f66b4762-c214-41eb-b0be-9d91b3170b6c
[HEARTBEAT] Lightweight heartbeat sent for node f66b4762-c214-41eb-b0be-9d91b3170b6c
[HEARTBEAT] Lightweight heartbeat sent for node f66b4762-c214-41eb-b0be-9d91b3170b6c
[MONITORING] MSG_STATECAPTURE sent (msg #32)
[HEARTBEAT] Lightweight heartbeat sent for node f66b4762-c214-41eb-b0be-9d91b3170b6c
[HEARTBEAT] Lightweight heartbeat sent for node f66b4762-c214-41eb-b0be-9d91b3170b6c
[HEARTBEAT] Lightweight heartbeat sent for node f66b4762-c214-41eb-b0be-9d91b3170b6c
[HEARTBEAT] Lightweight heartbeat sent for node f66b4762-c214-41eb-b0be-9d91b3170b6c
[HEARTBEAT] Lightweight heartbeat sent for node f66b4762-c214-41eb-b0be-9d91b3170b6c
[MONITORING] MSG_STATECAPTURE sent (msg #33)
[HEARTBEAT] Lightweight heartbeat sent for node f66b4762-c214-41eb-b0be-9d91b3170b6c
[HEARTBEAT] Lightweight heartbeat sent for node f66b4762-c214-41eb-b0be-9d91b3170b6c
[HEARTBEAT] Lightweight heartbeat sent for node f66b4762-c214-41eb-b0be-9d91b3170b6c
[HEARTBEAT] Lightweight heartbeat sent for node f66b4762-c214-41eb-b0be-9d91b3170b6c
[HEARTBEAT] Lightweight heartbeat sent for node f66b4762-c214-41eb-b0be-9d91b3170b6c
[MONITORING] MSG_STATECAPTURE sent (msg #34)
[HEARTBEAT] Lightweight heartbeat sent for node f66b4762-c214-41eb-b0be-9d91b3170b6c
[HEARTBEAT] Lightweight heartbeat sent for node f66b4762-c214-41eb-b0be-9d91b3170b6c
[HEARTBEAT] Lightweight heartbeat sent for node f66b4762-c214-41eb-b0be-9d91b3170b6c
[HEARTBEAT] Lightweight heartbeat sent for node f66b4762-c214-41eb-b0be-9d91b3170b6c
[HEARTBEAT] Lightweight heartbeat sent for node f66b4762-c214-41eb-b0be-9d91b3170b6c
[MONITORING] MSG_STATECAPTURE sent (msg #35)
[HEARTBEAT] Lightweight heartbeat sent for node f66b4762-c214-41eb-b0be-9d91b3170b6c
[HEARTBEAT] Lightweight heartbeat sent for node f66b4762-c214-41eb-b0be-9d91b3170b6c
[HEARTBEAT] Lightweight heartbeat sent for node f66b4762-c214-41eb-b0be-9d91b3170b6c
[HEARTBEAT] Lightweight heartbeat sent for node f66b4762-c214-41eb-b0be-9d91b3170b6c
[HEARTBEAT] Lightweight heartbeat sent for node f66b4762-c214-41eb-b0be-9d91b3170b6c
[MONITORING] MSG_STATECAPTURE sent (msg #36)
[HEARTBEAT] Lightweight heartbeat sent for node f66b4762-c214-41eb-b0be-9d91b3170b6c
[HEARTBEAT] Lightweight heartbeat sent for node f66b4762-c214-41eb-b0be-9d91b3170b6c
[HEARTBEAT] Lightweight heartbeat sent for node f66b4762-c214-41eb-b0be-9d91b3170b6c
[HEARTBEAT] Lightweight heartbeat sent for node f66b4762-c214-41eb-b0be-9d91b3170b6c
[HEARTBEAT] Lightweight heartbeat sent for node f66b4762-c214-41eb-b0be-9d91b3170b6c
[MONITORING] MSG_STATECAPTURE sent (msg #37)
[HEARTBEAT] Lightweight heartbeat sent for node f66b4762-c214-41eb-b0be-9d91b3170b6c
[HEARTBEAT] Lightweight heartbeat sent for node f66b4762-c214-41eb-b0be-9d91b3170b6c
[HEARTBEAT] Lightweight heartbeat sent for node f66b4762-c214-41eb-b0be-9d91b3170b6c
[HEARTBEAT] Lightweight heartbeat sent for node f66b4762-c214-41eb-b0be-9d91b3170b6c
[HEARTBEAT] Lightweight heartbeat sent for node f66b4762-c214-41eb-b0be-9d91b3170b6c
[MONITORING] MSG_STATECAPTURE sent (msg #38)
[HEARTBEAT] Lightweight heartbeat sent for node f66b4762-c214-41eb-b0be-9d91b3170b6c
[HEARTBEAT] Lightweight heartbeat sent for node f66b4762-c214-41eb-b0be-9d91b3170b6c
[HEARTBEAT] Lightweight heartbeat sent for node f66b4762-c214-41eb-b0be-9d91b3170b6c
[HEARTBEAT] Lightweight heartbeat sent for node f66b4762-c214-41eb-b0be-9d91b3170b6c
[HEARTBEAT] Lightweight heartbeat sent for node f66b4762-c214-41eb-b0be-9d91b3170b6c
[MONITORING] MSG_STATECAPTURE sent (msg #39)
[HEARTBEAT] Lightweight heartbeat sent for node f66b4762-c214-41eb-b0be-9d91b3170b6c
[HEARTBEAT] Lightweight heartbeat sent for node f66b4762-c214-41eb-b0be-9d91b3170b6c
[HEARTBEAT] Lightweight heartbeat sent for node f66b4762-c214-41eb-b0be-9d91b3170b6c
[HEARTBEAT] Lightweight heartbeat sent for node f66b4762-c214-41eb-b0be-9d91b3170b6c
[HEARTBEAT] Lightweight heartbeat sent for node f66b4762-c214-41eb-b0be-9d91b3170b6c
[MONITORING] MSG_STATECAPTURE sent (msg #40)
[HEARTBEAT] Lightweight heartbeat sent for node f66b4762-c214-41eb-b0be-9d91b3170b6c
[HEARTBEAT] Lightweight heartbeat sent for node f66b4762-c214-41eb-b0be-9d91b3170b6c
[HEARTBEAT] Lightweight heartbeat sent for node f66b4762-c214-41eb-b0be-9d91b3170b6c
[HEARTBEAT] Lightweight heartbeat sent for node f66b4762-c214-41eb-b0be-9d91b3170b6c
[HEARTBEAT] Lightweight heartbeat sent for node f66b4762-c214-41eb-b0be-9d91b3170b6c
[MONITORING] MSG_STATECAPTURE sent (msg #41)
[HEARTBEAT] Lightweight heartbeat sent for node f66b4762-c214-41eb-b0be-9d91b3170b6c
[HEARTBEAT] Lightweight heartbeat sent for node f66b4762-c214-41eb-b0be-9d91b3170b6c
[HEARTBEAT] Lightweight heartbeat sent for node f66b4762-c214-41eb-b0be-9d91b3170b6c
[HEARTBEAT] Lightweight heartbeat sent for node f66b4762-c214-41eb-b0be-9d91b3170b6c
[HEARTBEAT] Lightweight heartbeat sent for node f66b4762-c214-41eb-b0be-9d91b3170b6c
[MONITORING] MSG_STATECAPTURE sent (msg #42)
[HEARTBEAT] Lightweight heartbeat sent for node f66b4762-c214-41eb-b0be-9d91b3170b6c
[HEARTBEAT] Lightweight heartbeat sent for node f66b4762-c214-41eb-b0be-9d91b3170b6c
[HEARTBEAT] Lightweight heartbeat sent for node f66b4762-c214-41eb-b0be-9d91b3170b6c
[HEARTBEAT] Lightweight heartbeat sent for node f66b4762-c214-41eb-b0be-9d91b3170b6c
[HEARTBEAT] Lightweight heartbeat sent for node f66b4762-c214-41eb-b0be-9d91b3170b6c
[MONITORING] MSG_STATECAPTURE sent (msg #43)
[HEARTBEAT] Lightweight heartbeat sent for node f66b4762-c214-41eb-b0be-9d91b3170b6c
[HEARTBEAT] Lightweight heartbeat sent for node f66b4762-c214-41eb-b0be-9d91b3170b6c
[HEARTBEAT] Lightweight heartbeat sent for node f66b4762-c214-41eb-b0be-9d91b3170b6c
[HEARTBEAT] Lightweight heartbeat sent for node f66b4762-c214-41eb-b0be-9d91b3170b6c
[HEARTBEAT] Lightweight heartbeat sent for node f66b4762-c214-41eb-b0be-9d91b3170b6c
[MONITORING] MSG_STATECAPTURE sent (msg #44)
[HEARTBEAT] Lightweight heartbeat sent for node f66b4762-c214-41eb-b0be-9d91b3170b6c
[HEARTBEAT] Lightweight heartbeat sent for node f66b4762-c214-41eb-b0be-9d91b3170b6c
[HEARTBEAT] Lightweight heartbeat sent for node f66b4762-c214-41eb-b0be-9d91b3170b6c
[HEARTBEAT] Lightweight heartbeat sent for node f66b4762-c214-41eb-b0be-9d91b3170b6c
[HEARTBEAT] Lightweight heartbeat sent for node f66b4762-c214-41eb-b0be-9d91b3170b6c
[MONITORING] MSG_STATECAPTURE sent (msg #45)
[HEARTBEAT] Lightweight heartbeat sent for node f66b4762-c214-41eb-b0be-9d91b3170b6c
[HEARTBEAT] Lightweight heartbeat sent for node f66b4762-c214-41eb-b0be-9d91b3170b6c
[HEARTBEAT] Lightweight heartbeat sent for node f66b4762-c214-41eb-b0be-9d91b3170b6c
[HEARTBEAT] Lightweight heartbeat sent for node f66b4762-c214-41eb-b0be-9d91b3170b6c
[HEARTBEAT] Lightweight heartbeat sent for node f66b4762-c214-41eb-b0be-9d91b3170b6c
[MONITORING] MSG_STATECAPTURE sent (msg #46)
[HEARTBEAT] Lightweight heartbeat sent for node f66b4762-c214-41eb-b0be-9d91b3170b6c
[HEARTBEAT] Lightweight heartbeat sent for node f66b4762-c214-41eb-b0be-9d91b3170b6c
[HEARTBEAT] Lightweight heartbeat sent for node f66b4762-c214-41eb-b0be-9d91b3170b6c
[HEARTBEAT] Lightweight heartbeat sent for node f66b4762-c214-41eb-b0be-9d91b3170b6c
[HEARTBEAT] Lightweight heartbeat sent for node f66b4762-c214-41eb-b0be-9d91b3170b6c
[MONITORING] MSG_STATECAPTURE sent (msg #47)
[HEARTBEAT] Lightweight heartbeat sent for node f66b4762-c214-41eb-b0be-9d91b3170b6c
[HEARTBEAT] Lightweight heartbeat sent for node f66b4762-c214-41eb-b0be-9d91b3170b6c
[HEARTBEAT] Lightweight heartbeat sent for node f66b4762-c214-41eb-b0be-9d91b3170b6c
[HEARTBEAT] Lightweight heartbeat sent for node f66b4762-c214-41eb-b0be-9d91b3170b6c
[HEARTBEAT] Lightweight heartbeat sent for node f66b4762-c214-41eb-b0be-9d91b3170b6c
[MONITORING] MSG_STATECAPTURE sent (msg #48)
[HEARTBEAT] Lightweight heartbeat sent for node f66b4762-c214-41eb-b0be-9d91b3170b6c
[HEARTBEAT] Lightweight heartbeat sent for node f66b4762-c214-41eb-b0be-9d91b3170b6c
[HEARTBEAT] Lightweight heartbeat sent for node f66b4762-c214-41eb-b0be-9d91b3170b6c
[HEARTBEAT] Lightweight heartbeat sent for node f66b4762-c214-41eb-b0be-9d91b3170b6c
[HEARTBEAT] Lightweight heartbeat sent for node f66b4762-c214-41eb-b0be-9d91b3170b6c
[MONITORING] MSG_STATECAPTURE sent (msg #49)
[HEARTBEAT] Lightweight heartbeat sent for node f66b4762-c214-41eb-b0be-9d91b3170b6c
[HEARTBEAT] Lightweight heartbeat sent for node f66b4762-c214-41eb-b0be-9d91b3170b6c
[HEARTBEAT] Lightweight heartbeat sent for node f66b4762-c214-41eb-b0be-9d91b3170b6c
[HEARTBEAT] Lightweight heartbeat sent for node f66b4762-c214-41eb-b0be-9d91b3170b6c
[HEARTBEAT] Lightweight heartbeat sent for node f66b4762-c214-41eb-b0be-9d91b3170b6c
[MONITORING] MSG_STATECAPTURE sent (msg #50)
[HEARTBEAT] Lightweight heartbeat sent for node f66b4762-c214-41eb-b0be-9d91b3170b6c
[HEARTBEAT] Lightweight heartbeat sent for node f66b4762-c214-41eb-b0be-9d91b3170b6c
[HEARTBEAT] Lightweight heartbeat sent for node f66b4762-c214-41eb-b0be-9d91b3170b6c
[HEARTBEAT] Lightweight heartbeat sent for node f66b4762-c214-41eb-b0be-9d91b3170b6c
[HEARTBEAT] Lightweight heartbeat sent for node f66b4762-c214-41eb-b0be-9d91b3170b6c
[MONITORING] MSG_STATECAPTURE sent (msg #51)
[HEARTBEAT] Lightweight heartbeat sent for node f66b4762-c214-41eb-b0be-9d91b3170b6c
[HEARTBEAT] Lightweight heartbeat sent for node f66b4762-c214-41eb-b0be-9d91b3170b6c
[HEARTBEAT] Lightweight heartbeat sent for node f66b4762-c214-41eb-b0be-9d91b3170b6c
[HEARTBEAT] Lightweight heartbeat sent for node f66b4762-c214-41eb-b0be-9d91b3170b6c
[HEARTBEAT] Lightweight heartbeat sent for node f66b4762-c214-41eb-b0be-9d91b3170b6c
[MONITORING] MSG_STATECAPTURE sent (msg #52)
[HEARTBEAT] Lightweight heartbeat sent for node f66b4762-c214-41eb-b0be-9d91b3170b6c
[HEARTBEAT] Lightweight heartbeat sent for node f66b4762-c214-41eb-b0be-9d91b3170b6c
[HEARTBEAT] Lightweight heartbeat sent for node f66b4762-c214-41eb-b0be-9d91b3170b6c
[HEARTBEAT] Lightweight heartbeat sent for node f66b4762-c214-41eb-b0be-9d91b3170b6c
